Using pre-set license
Built from '2021.3/staging' branch; Version is '2021.3.25f1 (68ef2c4f8861) revision 6876972'; Using compiler version '192829333'; Build Type 'Release'
OS: 'Windows 11  (10.0.26100) 64bit Core' Language: 'en' Physical Memory: 7567 MB
BatchMode: 1, IsHumanControllingUs: 0, StartBugReporterOnCrash: 0, Is64bit: 1, IsPro: 1

COMMAND LINE ARGUMENTS:
C:\Program Files\Unity\Hub\Editor\2021.3.25f1\Editor\Unity.exe
-adb2
-batchMode
-noUpm
-name
AssetImportWorker0
-projectPath
C:/Users/pfran/Documents/GitHub/MULT-150/Pfrancia_Hour10
-logFile
Logs/AssetImportWorker0.log
-srvPort
49992
Successfully changed project path to: C:/Users/pfran/Documents/GitHub/MULT-150/Pfrancia_Hour10
C:/Users/pfran/Documents/GitHub/MULT-150/Pfrancia_Hour10
[UnityMemory] Configuration Parameters - Can be set up in boot.config
    "memorysetup-bucket-allocator-granularity=16"
    "memorysetup-bucket-allocator-bucket-count=8"
    "memorysetup-bucket-allocator-block-size=33554432"
    "memorysetup-bucket-allocator-block-count=8"
    "memorysetup-main-allocator-block-size=16777216"
    "memorysetup-thread-allocator-block-size=16777216"
    "memorysetup-gfx-main-allocator-block-size=16777216"
    "memorysetup-gfx-thread-allocator-block-size=16777216"
    "memorysetup-cache-allocator-block-size=4194304"
    "memorysetup-typetree-allocator-block-size=2097152"
    "memorysetup-profiler-bucket-allocator-granularity=16"
    "memorysetup-profiler-bucket-allocator-bucket-count=8"
    "memorysetup-profiler-bucket-allocator-block-size=33554432"
    "memorysetup-profiler-bucket-allocator-block-count=8"
    "memorysetup-profiler-allocator-block-size=16777216"
    "memorysetup-profiler-editor-allocator-block-size=1048576"
    "memorysetup-temp-allocator-size-main=16777216"
    "memorysetup-job-temp-allocator-block-size=2097152"
    "memorysetup-job-temp-allocator-block-size-background=1048576"
    "memorysetup-job-temp-allocator-reduction-small-platforms=262144"
    "memorysetup-temp-allocator-size-background-worker=32768"
    "memorysetup-temp-allocator-size-job-worker=262144"
    "memorysetup-temp-allocator-size-preload-manager=33554432"
    "memorysetup-temp-allocator-size-nav-mesh-worker=65536"
    "memorysetup-temp-allocator-size-audio-worker=65536"
    "memorysetup-temp-allocator-size-cloud-worker=32768"
    "memorysetup-temp-allocator-size-gi-baking-worker=262144"
    "memorysetup-temp-allocator-size-gfx=262144"
Player connection [37740] Host "[IP] 192.168.100.171 [Port] 0 [Flags] 2 [Guid] 1944506841 [EditorId] 1944506841 [Version] 1048832 [Id] WindowsEditor(7,DESKTOP-7A3CQID) [Debug] 1 [PackageName] WindowsEditor [ProjectName] Editor" joined multi-casting on [225.0.0.222:54997]...

Player connection [37740] Host "[IP] 192.168.100.171 [Port] 0 [Flags] 2 [Guid] 1944506841 [EditorId] 1944506841 [Version] 1048832 [Id] WindowsEditor(7,DESKTOP-7A3CQID) [Debug] 1 [PackageName] WindowsEditor [ProjectName] Editor" joined alternative multi-casting on [225.0.0.222:34997]...

Refreshing native plugins compatible for Editor in 95.60 ms, found 3 plugins.
Preloading 0 native plugins for Editor in 0.00 ms.
Initialize engine version: 2021.3.25f1 (68ef2c4f8861)
[Subsystems] Discovering subsystems at path C:/Program Files/Unity/Hub/Editor/2021.3.25f1/Editor/Data/Resources/UnitySubsystems
[Subsystems] Discovering subsystems at path C:/Users/pfran/Documents/GitHub/MULT-150/Pfrancia_Hour10/Assets
GfxDevice: creating device client; threaded=0; jobified=0
Direct3D:
    Version:  Direct3D 11.0 [level 11.1]
    Renderer: AMD Radeon(TM) Graphics (ID=0x1636)
    Vendor:   ATI
    VRAM:     3783 MB
    Driver:   31.0.12044.3
Initialize mono
Mono path[0] = 'C:/Program Files/Unity/Hub/Editor/2021.3.25f1/Editor/Data/Managed'
Mono path[1] = 'C:/Program Files/Unity/Hub/Editor/2021.3.25f1/Editor/Data/MonoBleedingEdge/lib/mono/unityjit-win32'
Mono config path = 'C:/Program Files/Unity/Hub/Editor/2021.3.25f1/Editor/Data/MonoBleedingEdge/etc'
Using monoOptions --debugger-agent=transport=dt_socket,embedding=1,server=y,suspend=n,address=127.0.0.1:56912
Begin MonoManager ReloadAssembly
Registering precompiled unity dll's ...
Register platform support module: C:/Program Files/Unity/Hub/Editor/2021.3.25f1/Editor/Data/PlaybackEngines/WindowsStandaloneSupport/UnityEditor.WindowsStandalone.Extensions.dll
Registered in 0.007075 seconds.
Native extension for WindowsStandalone target not found
Refreshing native plugins compatible for Editor in 84.83 ms, found 3 plugins.
Preloading 0 native plugins for Editor in 0.00 ms.
Mono: successfully reloaded assembly
- Completed reload, in  0.807 seconds
Domain Reload Profiling:
	ReloadAssembly (808ms)
		BeginReloadAssembly (107ms)
			ExecutionOrderSort (0ms)
			DisableScriptedObjects (0ms)
			BackupInstance (0ms)
			ReleaseScriptingObjects (0ms)
			CreateAndSetChildDomain (1ms)
		EndReloadAssembly (584ms)
			LoadAssemblies (102ms)
			RebuildTransferFunctionScriptingTraits (0ms)
			SetupTypeCache (117ms)
			ReleaseScriptCaches (0ms)
			RebuildScriptCaches (32ms)
			SetupLoadedEditorAssemblies (375ms)
				LogAssemblyErrors (0ms)
				InitializePlatformSupportModulesInManaged (9ms)
				SetLoadedEditorAssemblies (0ms)
				RefreshPlugins (85ms)
				BeforeProcessingInitializeOnLoad (1ms)
				ProcessInitializeOnLoadAttributes (227ms)
				ProcessInitializeOnLoadMethodAttributes (53ms)
				AfterProcessingInitializeOnLoad (0ms)
				EditorAssembliesLoaded (0ms)
			ExecutionOrderSort2 (0ms)
			AwakeInstancesAfterBackupRestoration (0ms)
Platform modules already initialized, skipping
Registering precompiled user dll's ...
Registered in 0.007468 seconds.
Begin MonoManager ReloadAssembly
Symbol file LoadedFromMemory doesn't match image C:\Users\pfran\Documents\GitHub\MULT-150\Pfrancia_Hour10\Library\PackageCache\com.unity.visualscripting@1.8.0\Editor\VisualScripting.Core\Dependencies\YamlDotNet\Unity.VisualScripting.YamlDotNet.dll
Symbol file LoadedFromMemory doesn't match image C:\Users\pfran\Documents\GitHub\MULT-150\Pfrancia_Hour10\Library\PackageCache\com.unity.visualscripting@1.8.0\Editor\VisualScripting.Core\Dependencies\DotNetZip\Unity.VisualScripting.IonicZip.dll
Native extension for WindowsStandalone target not found
Refreshing native plugins compatible for Editor in 0.62 ms, found 3 plugins.
Preloading 0 native plugins for Editor in 0.00 ms.
Mono: successfully reloaded assembly
- Completed reload, in  1.137 seconds
Domain Reload Profiling:
	ReloadAssembly (1138ms)
		BeginReloadAssembly (132ms)
			ExecutionOrderSort (0ms)
			DisableScriptedObjects (6ms)
			BackupInstance (0ms)
			ReleaseScriptingObjects (0ms)
			CreateAndSetChildDomain (22ms)
		EndReloadAssembly (888ms)
			LoadAssemblies (105ms)
			RebuildTransferFunctionScriptingTraits (0ms)
			SetupTypeCache (308ms)
			ReleaseScriptCaches (1ms)
			RebuildScriptCaches (52ms)
			SetupLoadedEditorAssemblies (397ms)
				LogAssemblyErrors (0ms)
				InitializePlatformSupportModulesInManaged (7ms)
				SetLoadedEditorAssemblies (1ms)
				RefreshPlugins (1ms)
				BeforeProcessingInitializeOnLoad (96ms)
				ProcessInitializeOnLoadAttributes (258ms)
				ProcessInitializeOnLoadMethodAttributes (21ms)
				AfterProcessingInitializeOnLoad (14ms)
				EditorAssembliesLoaded (0ms)
			ExecutionOrderSort2 (0ms)
			AwakeInstancesAfterBackupRestoration (7ms)
Platform modules already initialized, skipping
========================================================================
Worker process is ready to serve import requests
Launched and connected shader compiler UnityShaderCompiler.exe after 0.08 seconds
Refreshing native plugins compatible for Editor in 0.61 ms, found 3 plugins.
Preloading 0 native plugins for Editor in 0.00 ms.
Unloading 3064 Unused Serialized files (Serialized files now loaded: 0)
Unloading 22 unused Assets / (56.0 KB). Loaded Objects now: 3528.
Memory consumption went from 108.9 MB to 108.8 MB.
Total: 5.388900 ms (FindLiveObjects: 0.415200 ms CreateObjectMapping: 0.175300 ms MarkObjects: 4.697900 ms  DeleteObjects: 0.098300 ms)

AssetImportParameters requested are different than current active one (requested -> active):
  custom:video-decoder-ogg-theora: a1e56fd34408186e4bbccfd4996cb3dc -> 
  custom:container-muxer-webm: aa71ff27fc2769a1b78a27578f13a17b -> 
  custom:container-demuxer-webm: 4f35f7cbe854078d1ac9338744f61a02 -> 
  custom:video-encoder-webm-vp8: eb34c28f22e8b96e1ab97ce403110664 -> 
  custom:audio-encoder-webm-vorbis: bf7c407c2cedff20999df2af8eb42d56 -> 
  custom:framework-win-MediaFoundation: 216162199b28c13a410421893ffa2e32 -> 
  custom:container-demuxer-ogg: 62fdf1f143b41e24485cea50d1cbac27 -> 
  custom:video-decoder-webm-vp8: 9c59270c3fd7afecdb556c50c9e8de78 -> 
  custom:audio-decoder-ogg-vorbis: bf7c407c2cedff20999df2af8eb42d56 -> 
========================================================================
Received Import Request.
  Time since last request: 1412493.007418 seconds.
  path: Assets/Scenes
  artifactKey: Guid(6ea315d0fd7389c41b19996891e99ae3) Importer(815301076,1909f56bfc062723c751e8b465ee728b)
Start importing Assets/Scenes using Guid(6ea315d0fd7389c41b19996891e99ae3) Importer(815301076,1909f56bfc062723c751e8b465ee728b)  -> (artifact id: 'b8193726cff86800c54781cdc6d54904') in 0.007737 seconds 
========================================================================
Received Import Request.
  Time since last request: 581.980685 seconds.
  path: Assets/Scenes/SampleScene.unity
  artifactKey: Guid(9fc0d4010bbf28b4594072e72b8655ab) Importer(815301076,1909f56bfc062723c751e8b465ee728b)
Start importing Assets/Scenes/SampleScene.unity using Guid(9fc0d4010bbf28b4594072e72b8655ab) Importer(815301076,1909f56bfc062723c751e8b465ee728b)  -> (artifact id: 'e55ccaa32d8e5c1de03c07a5412c8c3c') in 0.007388 seconds 
========================================================================
Received Import Request.
  Time since last request: 12.692690 seconds.
  path: Assets/Scenes/Chaos_Ball.unity
  artifactKey: Guid(9fc0d4010bbf28b4594072e72b8655ab) Importer(815301076,1909f56bfc062723c751e8b465ee728b)
Start importing Assets/Scenes/Chaos_Ball.unity using Guid(9fc0d4010bbf28b4594072e72b8655ab) Importer(815301076,1909f56bfc062723c751e8b465ee728b)  -> (artifact id: '86a7e24957122beab1c197f44181bc11') in 0.002813 seconds 
========================================================================
Received Import Request.
  Time since last request: 11.193354 seconds.
  path: Assets/Scenes/ChaosBall.unity
  artifactKey: Guid(9fc0d4010bbf28b4594072e72b8655ab) Importer(815301076,1909f56bfc062723c751e8b465ee728b)
Start importing Assets/Scenes/ChaosBall.unity using Guid(9fc0d4010bbf28b4594072e72b8655ab) Importer(815301076,1909f56bfc062723c751e8b465ee728b)  -> (artifact id: 'e2a219f1ccd101463dc9b9c2b94d7f2c') in 0.003639 seconds 
========================================================================
Received Import Request.
  Time since last request: 17.844242 seconds.
  path: Assets/Scenes/Project_ChaosBall.unity
  artifactKey: Guid(9fc0d4010bbf28b4594072e72b8655ab) Importer(815301076,1909f56bfc062723c751e8b465ee728b)
Start importing Assets/Scenes/Project_ChaosBall.unity using Guid(9fc0d4010bbf28b4594072e72b8655ab) Importer(815301076,1909f56bfc062723c751e8b465ee728b)  -> (artifact id: '88617278b9d6fd6ebf48721c29115c72') in 0.004512 seconds 
========================================================================
Received Import Request.
  Time since last request: 248.937678 seconds.
  path: Assets/Materials
  artifactKey: Guid(2440aaf3aff04a24d9df40e5c3820b69) Importer(815301076,1909f56bfc062723c751e8b465ee728b)
Start importing Assets/Materials using Guid(2440aaf3aff04a24d9df40e5c3820b69) Importer(815301076,1909f56bfc062723c751e8b465ee728b)  -> (artifact id: '25a0ee2949d43cbf215bc117ce51e209') in 0.007967 seconds 
========================================================================
Received Import Request.
  Time since last request: 15.611006 seconds.
  path: Assets/Materials/Wall.mat
  artifactKey: Guid(d8da783187f44eb47a8a30159502d7b1) Importer(815301076,1909f56bfc062723c751e8b465ee728b)
Start importing Assets/Materials/Wall.mat using Guid(d8da783187f44eb47a8a30159502d7b1) Importer(815301076,1909f56bfc062723c751e8b465ee728b)  -> (artifact id: '317c6c762c18792fc4eaca032da442e4') in 0.462061 seconds 
========================================================================
Received Import Request.
  Time since last request: 33.513408 seconds.
  path: Assets/Environment/SpeedTree/Broadleaf/Broadleaf_Desktop_Atlas.tga
  artifactKey: Guid(d20e5329bb2905844a1ae38b80640d3f) Importer(815301076,1909f56bfc062723c751e8b465ee728b)
Start importing Assets/Environment/SpeedTree/Broadleaf/Broadleaf_Desktop_Atlas.tga using Guid(d20e5329bb2905844a1ae38b80640d3f) Importer(815301076,1909f56bfc062723c751e8b465ee728b)  -> (artifact id: 'a1ef997eb0149ee8d599ba9d024d7b47') in 0.044973 seconds 
========================================================================
Received Import Request.
  Time since last request: 0.000028 seconds.
  path: Assets/Environment/SpeedTree/Broadleaf/Broadleaf_Desktop_Atlas_Billboards_Normal.tga
  artifactKey: Guid(0ec79c3d1dd0fb640b7f3f72ebb28f74) Importer(815301076,1909f56bfc062723c751e8b465ee728b)
Start importing Assets/Environment/SpeedTree/Broadleaf/Broadleaf_Desktop_Atlas_Billboards_Normal.tga using Guid(0ec79c3d1dd0fb640b7f3f72ebb28f74) Importer(815301076,1909f56bfc062723c751e8b465ee728b)  -> (artifact id: '4314c38e3b465c0bcd07b603d708772e') in 0.021913 seconds 
========================================================================
Received Import Request.
  Time since last request: 0.000044 seconds.
  path: Assets/Environment/SpeedTree/Broadleaf/Broadleaf_Desktop_Atlas_Specular.tga
  artifactKey: Guid(d954891cb9e58434d86e01d839ed4997) Importer(815301076,1909f56bfc062723c751e8b465ee728b)
Start importing Assets/Environment/SpeedTree/Broadleaf/Broadleaf_Desktop_Atlas_Specular.tga using Guid(d954891cb9e58434d86e01d839ed4997) Importer(815301076,1909f56bfc062723c751e8b465ee728b)  -> (artifact id: '0345bda91b383def06e5eab20ccb90e2') in 0.016876 seconds 
========================================================================
Received Import Request.
  Time since last request: 0.000029 seconds.
  path: Assets/Environment/SpeedTree/Broadleaf/Broadleaf_Desktop_Atlas_Billboards.tga
  artifactKey: Guid(951aab9a19f551f4385d0ceafdaf19b4) Importer(815301076,1909f56bfc062723c751e8b465ee728b)
Start importing Assets/Environment/SpeedTree/Broadleaf/Broadleaf_Desktop_Atlas_Billboards.tga using Guid(951aab9a19f551f4385d0ceafdaf19b4) Importer(815301076,1909f56bfc062723c751e8b465ee728b)  -> (artifact id: '4e569d06f4360ead15d1db16435a7d36') in 0.018207 seconds 
========================================================================
Received Import Request.
  Time since last request: 0.000026 seconds.
  path: Assets/Environment/SpeedTree/Broadleaf/Broadleaf_Mobile_Atlas_Billboards.tga
  artifactKey: Guid(bc6e7e1374ff3e1459f65bf72da64c85) Importer(815301076,1909f56bfc062723c751e8b465ee728b)
Start importing Assets/Environment/SpeedTree/Broadleaf/Broadleaf_Mobile_Atlas_Billboards.tga using Guid(bc6e7e1374ff3e1459f65bf72da64c85) Importer(815301076,1909f56bfc062723c751e8b465ee728b)  -> (artifact id: '8319c5292b4c1c5298094440ae50c6dd') in 0.015928 seconds 
========================================================================
Received Import Request.
  Time since last request: 0.000075 seconds.
  path: Assets/Environment/SpeedTree/Broadleaf/Broadleaf_Desktop_Atlas_Normal.tga
  artifactKey: Guid(b552931caa1b3ea418b9ba90cbd1333e) Importer(815301076,1909f56bfc062723c751e8b465ee728b)
Start importing Assets/Environment/SpeedTree/Broadleaf/Broadleaf_Desktop_Atlas_Normal.tga using Guid(b552931caa1b3ea418b9ba90cbd1333e) Importer(815301076,1909f56bfc062723c751e8b465ee728b)  -> (artifact id: '256c7cbcebd240317888b9e94161b81c') in 0.014884 seconds 
========================================================================
Received Import Request.
  Time since last request: 0.000032 seconds.
  path: Assets/Environment/SpeedTree/Broadleaf/Broadleaf_Mobile_Atlas.tga
  artifactKey: Guid(2c116325e19b8a04d916864cc540ec2d) Importer(815301076,1909f56bfc062723c751e8b465ee728b)
Start importing Assets/Environment/SpeedTree/Broadleaf/Broadleaf_Mobile_Atlas.tga using Guid(2c116325e19b8a04d916864cc540ec2d) Importer(815301076,1909f56bfc062723c751e8b465ee728b)  -> (artifact id: 'd6c3df7bd8e3780a63ed4fbd77be4e0d') in 0.018564 seconds 
========================================================================
Received Import Request.
  Time since last request: 0.000062 seconds.
  path: Assets/Environment/SpeedTree/Broadleaf/Broadleaf_Mobile_Atlas_Billboards_Normal.tga
  artifactKey: Guid(c9de3ae2361df6c469caeb2024321cbf) Importer(815301076,1909f56bfc062723c751e8b465ee728b)
Start importing Assets/Environment/SpeedTree/Broadleaf/Broadleaf_Mobile_Atlas_Billboards_Normal.tga using Guid(c9de3ae2361df6c469caeb2024321cbf) Importer(815301076,1909f56bfc062723c751e8b465ee728b)  -> (artifact id: '1c68a001d62bf3c291fc3b66e933fa4b') in 0.014834 seconds 
========================================================================
Received Import Request.
  Time since last request: 1.504322 seconds.
  path: Assets/Environment/SpeedTree/Broadleaf/Broadleaf_Mobile_Atlas_Normal.tga
  artifactKey: Guid(be053ea3235ccb64a889bf0b15c2764b) Importer(815301076,1909f56bfc062723c751e8b465ee728b)
Start importing Assets/Environment/SpeedTree/Broadleaf/Broadleaf_Mobile_Atlas_Normal.tga using Guid(be053ea3235ccb64a889bf0b15c2764b) Importer(815301076,1909f56bfc062723c751e8b465ee728b)  -> (artifact id: 'dcbb7e152fa669d376ff88eb372be5d4') in 0.020106 seconds 
========================================================================
Received Import Request.
  Time since last request: 0.000035 seconds.
  path: Packages/com.unity.textmeshpro/Editor Resources/Textures/btn_AlignBaseLine_Light.psd
  artifactKey: Guid(18775b51e3bd42299fd30bd036ea982f) Importer(815301076,1909f56bfc062723c751e8b465ee728b)
Start importing Packages/com.unity.textmeshpro/Editor Resources/Textures/btn_AlignBaseLine_Light.psd using Guid(18775b51e3bd42299fd30bd036ea982f) Importer(815301076,1909f56bfc062723c751e8b465ee728b)  -> (artifact id: '8adec73b42a83bc312b199e7eb8a67f5') in 0.018715 seconds 
========================================================================
Received Import Request.
  Time since last request: 0.000019 seconds.
  path: Assets/Environment/SpeedTree/Broadleaf/Broadleaves_Mobile.tga
  artifactKey: Guid(b063a9f2b9f645b40948a32b447c738f) Importer(815301076,1909f56bfc062723c751e8b465ee728b)
Start importing Assets/Environment/SpeedTree/Broadleaf/Broadleaves_Mobile.tga using Guid(b063a9f2b9f645b40948a32b447c738f) Importer(815301076,1909f56bfc062723c751e8b465ee728b)  -> (artifact id: '0086fd741d78c88d73e49beb4626cbb1') in 0.015421 seconds 
========================================================================
Received Import Request.
  Time since last request: 0.000088 seconds.
  path: Assets/Environment/SpeedTree/Broadleaf/Broadleaves_Mobile_Spec.tga
  artifactKey: Guid(db2f1c62933fa1745a9eb8479b15698b) Importer(815301076,1909f56bfc062723c751e8b465ee728b)
Start importing Assets/Environment/SpeedTree/Broadleaf/Broadleaves_Mobile_Spec.tga using Guid(db2f1c62933fa1745a9eb8479b15698b) Importer(815301076,1909f56bfc062723c751e8b465ee728b)  -> (artifact id: '3e1c7a2dec106ce8d21f4e58ab56b3fc') in 0.015094 seconds 
========================================================================
Received Import Request.
  Time since last request: 0.000028 seconds.
  path: Packages/com.unity.textmeshpro/Editor Resources/Textures/btn_AlignLeft.psd
  artifactKey: Guid(9288066c33474b94b6ee5465f4df1cc0) Importer(815301076,1909f56bfc062723c751e8b465ee728b)
Start importing Packages/com.unity.textmeshpro/Editor Resources/Textures/btn_AlignLeft.psd using Guid(9288066c33474b94b6ee5465f4df1cc0) Importer(815301076,1909f56bfc062723c751e8b465ee728b)  -> (artifact id: 'c70760fa7f9574ed5899689942947ad4') in 0.013354 seconds 
========================================================================
Received Import Request.
  Time since last request: 0.000033 seconds.
  path: Assets/Environment/SpeedTree/Broadleaf/Broadleaves_Card_Desktop_Spec.tga
  artifactKey: Guid(6308da3d0ff986b42be3b0a6ea5b6fae) Importer(815301076,1909f56bfc062723c751e8b465ee728b)
Start importing Assets/Environment/SpeedTree/Broadleaf/Broadleaves_Card_Desktop_Spec.tga using Guid(6308da3d0ff986b42be3b0a6ea5b6fae) Importer(815301076,1909f56bfc062723c751e8b465ee728b)  -> (artifact id: '8de5098481efd91bab841055c22b92fe') in 0.014134 seconds 
========================================================================
Received Import Request.
  Time since last request: 0.000032 seconds.
  path: Assets/Environment/SpeedTree/Broadleaf/BroadleafBark.tga
  artifactKey: Guid(2c1c27ec8c3b75a4c80a795adc9ca788) Importer(815301076,1909f56bfc062723c751e8b465ee728b)
Start importing Assets/Environment/SpeedTree/Broadleaf/BroadleafBark.tga using Guid(2c1c27ec8c3b75a4c80a795adc9ca788) Importer(815301076,1909f56bfc062723c751e8b465ee728b)  -> (artifact id: 'a94caf09d700cfc0e94e487be7f21d1d') in 0.012198 seconds 
========================================================================
Received Import Request.
  Time since last request: 0.000032 seconds.
  path: Assets/Environment/SpeedTree/Broadleaf/Broadleaves_Card_Desktop_Normal.tga
  artifactKey: Guid(f0d8945c7972e4747aa776e16494fa37) Importer(815301076,1909f56bfc062723c751e8b465ee728b)
Start importing Assets/Environment/SpeedTree/Broadleaf/Broadleaves_Card_Desktop_Normal.tga using Guid(f0d8945c7972e4747aa776e16494fa37) Importer(815301076,1909f56bfc062723c751e8b465ee728b)  -> (artifact id: '6501172d1da9f660e7f765d90635afaa') in 0.015619 seconds 
========================================================================
Received Import Request.
  Time since last request: 0.000029 seconds.
  path: Assets/Environment/SpeedTree/Broadleaf/Broadleaves_Desktop.tga
  artifactKey: Guid(306f8f570579fb3448d141a63029ef94) Importer(815301076,1909f56bfc062723c751e8b465ee728b)
Start importing Assets/Environment/SpeedTree/Broadleaf/Broadleaves_Desktop.tga using Guid(306f8f570579fb3448d141a63029ef94) Importer(815301076,1909f56bfc062723c751e8b465ee728b)  -> (artifact id: 'e82fc1cfd2d2524b704f83ebbd36a222') in 0.014916 seconds 
========================================================================
Received Import Request.
  Time since last request: 0.000049 seconds.
  path: Packages/com.unity.textmeshpro/Editor Resources/Textures/btn_AlignJustified.psd
  artifactKey: Guid(92027f7f8cfc4feaa477da0dc38d3d46) Importer(815301076,1909f56bfc062723c751e8b465ee728b)
Start importing Packages/com.unity.textmeshpro/Editor Resources/Textures/btn_AlignJustified.psd using Guid(92027f7f8cfc4feaa477da0dc38d3d46) Importer(815301076,1909f56bfc062723c751e8b465ee728b)  -> (artifact id: '2703422c06863b773a0c3974ce9c97e3') in 0.012609 seconds 
========================================================================
Received Import Request.
  Time since last request: 0.000073 seconds.
  path: Packages/com.unity.textmeshpro/Editor Resources/Textures/btn_AlignFlush_Light.psd
  artifactKey: Guid(64b9fad609434c489c32b1cdf2004a1c) Importer(815301076,1909f56bfc062723c751e8b465ee728b)
Start importing Packages/com.unity.textmeshpro/Editor Resources/Textures/btn_AlignFlush_Light.psd using Guid(64b9fad609434c489c32b1cdf2004a1c) Importer(815301076,1909f56bfc062723c751e8b465ee728b)  -> (artifact id: '357648ed049330289a25b8766f168ef4') in 0.011481 seconds 
========================================================================
Received Import Request.
  Time since last request: 0.000027 seconds.
  path: Packages/com.unity.textmeshpro/Editor Resources/Textures/btn_AlignCenterGeo.psd
  artifactKey: Guid(c76700ea0062413d9f69409b4e9e151b) Importer(815301076,1909f56bfc062723c751e8b465ee728b)
Start importing Packages/com.unity.textmeshpro/Editor Resources/Textures/btn_AlignCenterGeo.psd using Guid(c76700ea0062413d9f69409b4e9e151b) Importer(815301076,1909f56bfc062723c751e8b465ee728b)  -> (artifact id: '9999cf0cd4802b21f76313d763efcc08') in 0.012160 seconds 
========================================================================
Received Import Request.
  Time since last request: 0.000025 seconds.
  path: Packages/com.unity.textmeshpro/Editor Resources/Textures/btn_AlignFlush.psd
  artifactKey: Guid(691475c57a824010be0c6f474caeb7e1) Importer(815301076,1909f56bfc062723c751e8b465ee728b)
Start importing Packages/com.unity.textmeshpro/Editor Resources/Textures/btn_AlignFlush.psd using Guid(691475c57a824010be0c6f474caeb7e1) Importer(815301076,1909f56bfc062723c751e8b465ee728b)  -> (artifact id: '41108fcf25eb19a457fddd238008b5c2') in 0.010015 seconds 
========================================================================
Received Import Request.
  Time since last request: 0.000032 seconds.
  path: Packages/com.unity.textmeshpro/Editor Resources/Textures/btn_AlignBottom.psd
  artifactKey: Guid(ca51b19024094d1b87f3e07edb0a75fb) Importer(815301076,1909f56bfc062723c751e8b465ee728b)
Start importing Packages/com.unity.textmeshpro/Editor Resources/Textures/btn_AlignBottom.psd using Guid(ca51b19024094d1b87f3e07edb0a75fb) Importer(815301076,1909f56bfc062723c751e8b465ee728b)  -> (artifact id: '7bda1bd4c0665ab2153b896efc6bd852') in 0.009312 seconds 
========================================================================
Received Import Request.
  Time since last request: 0.000044 seconds.
  path: Assets/Environment/SpeedTree/Broadleaf/Broadleaves_Card_Desktop.tga
  artifactKey: Guid(ea60173ceac07334c91568c48cc765cd) Importer(815301076,1909f56bfc062723c751e8b465ee728b)
Start importing Assets/Environment/SpeedTree/Broadleaf/Broadleaves_Card_Desktop.tga using Guid(ea60173ceac07334c91568c48cc765cd) Importer(815301076,1909f56bfc062723c751e8b465ee728b)  -> (artifact id: '0abe6bcfb04f561c445d2e571da8b942') in 0.019854 seconds 
========================================================================
Received Import Request.
  Time since last request: 0.000027 seconds.
  path: Packages/com.unity.textmeshpro/Editor Resources/Textures/btn_AlignCenter.psd
  artifactKey: Guid(81ed8c76d2bc4a4c95d092c98af4e58f) Importer(815301076,1909f56bfc062723c751e8b465ee728b)
Start importing Packages/com.unity.textmeshpro/Editor Resources/Textures/btn_AlignCenter.psd using Guid(81ed8c76d2bc4a4c95d092c98af4e58f) Importer(815301076,1909f56bfc062723c751e8b465ee728b)  -> (artifact id: '581f2a6065f9cc860054789267eae295') in 0.011847 seconds 
========================================================================
Received Import Request.
  Time since last request: 0.000028 seconds.
  path: Packages/com.unity.textmeshpro/Editor Resources/Textures/btn_AlignCenterGeo_Light.psd
  artifactKey: Guid(35ff0937876540d3bd4b6a941df62a92) Importer(815301076,1909f56bfc062723c751e8b465ee728b)
Start importing Packages/com.unity.textmeshpro/Editor Resources/Textures/btn_AlignCenterGeo_Light.psd using Guid(35ff0937876540d3bd4b6a941df62a92) Importer(815301076,1909f56bfc062723c751e8b465ee728b)  -> (artifact id: 'e1c06fc9a7bc8ffdb5911308475eaea9') in 0.010091 seconds 
========================================================================
Received Import Request.
  Time since last request: 0.000030 seconds.
  path: Assets/Environment/SpeedTree/Broadleaf/BroadleafBark_Normal.tga
  artifactKey: Guid(34f07406286974e4ca236867d8d58b51) Importer(815301076,1909f56bfc062723c751e8b465ee728b)
Start importing Assets/Environment/SpeedTree/Broadleaf/BroadleafBark_Normal.tga using Guid(34f07406286974e4ca236867d8d58b51) Importer(815301076,1909f56bfc062723c751e8b465ee728b)  -> (artifact id: '64cf5fc479931311b0e2cfa4496ae57c') in 0.013199 seconds 
========================================================================
Received Import Request.
  Time since last request: 0.000033 seconds.
  path: Packages/com.unity.textmeshpro/Editor Resources/Textures/btn_AlignCenter_Light.psd
  artifactKey: Guid(6ace62d30f494c948b71d5594afce11d) Importer(815301076,1909f56bfc062723c751e8b465ee728b)
Start importing Packages/com.unity.textmeshpro/Editor Resources/Textures/btn_AlignCenter_Light.psd using Guid(6ace62d30f494c948b71d5594afce11d) Importer(815301076,1909f56bfc062723c751e8b465ee728b)  -> (artifact id: '899843b855b4b04352c674ad3909bd8a') in 0.009596 seconds 
========================================================================
Received Import Request.
  Time since last request: 0.000152 seconds.
  path: Assets/Environment/SpeedTree/Broadleaf/Broadleaves_Desktop_Spec.tga
  artifactKey: Guid(30586af2d47849140b2d533bb6f75eaa) Importer(815301076,1909f56bfc062723c751e8b465ee728b)
Start importing Assets/Environment/SpeedTree/Broadleaf/Broadleaves_Desktop_Spec.tga using Guid(30586af2d47849140b2d533bb6f75eaa) Importer(815301076,1909f56bfc062723c751e8b465ee728b)  -> (artifact id: 'fcf95ac412f38bdac0c6a4ebe4d9a5ee') in 0.016153 seconds 
========================================================================
Received Import Request.
  Time since last request: 0.000029 seconds.
  path: Assets/Environment/SpeedTree/Broadleaf/Broadleaves_Mobile_Normal.tga
  artifactKey: Guid(7bdd8cb386e0b554b84cb783663bb4fc) Importer(815301076,1909f56bfc062723c751e8b465ee728b)
Start importing Assets/Environment/SpeedTree/Broadleaf/Broadleaves_Mobile_Normal.tga using Guid(7bdd8cb386e0b554b84cb783663bb4fc) Importer(815301076,1909f56bfc062723c751e8b465ee728b)  -> (artifact id: 'c12356171f4e4afeebfd79ff3bc3ed33') in 0.012696 seconds 
========================================================================
Received Import Request.
  Time since last request: 0.000034 seconds.
  path: Assets/Environment/SpeedTree/Broadleaf/Broadleaf_Mobile_Atlas_Specular.tga
  artifactKey: Guid(45cab4c9b31009748999eec1556926b3) Importer(815301076,1909f56bfc062723c751e8b465ee728b)
Start importing Assets/Environment/SpeedTree/Broadleaf/Broadleaf_Mobile_Atlas_Specular.tga using Guid(45cab4c9b31009748999eec1556926b3) Importer(815301076,1909f56bfc062723c751e8b465ee728b)  -> (artifact id: '52bcdbb9c00304c863f8f93fe21a93c1') in 0.017705 seconds 
========================================================================
Received Import Request.
  Time since last request: 0.000050 seconds.
  path: Packages/com.unity.textmeshpro/Editor Resources/Textures/btn_AlignBaseLine.psd
  artifactKey: Guid(8bc445bb79654bf496c92d0407840a92) Importer(815301076,1909f56bfc062723c751e8b465ee728b)
Start importing Packages/com.unity.textmeshpro/Editor Resources/Textures/btn_AlignBaseLine.psd using Guid(8bc445bb79654bf496c92d0407840a92) Importer(815301076,1909f56bfc062723c751e8b465ee728b)  -> (artifact id: '9ded2a31ebd20ef3b2ea2f579614b108') in 0.010128 seconds 
========================================================================
Received Import Request.
  Time since last request: 0.000030 seconds.
  path: Packages/com.unity.textmeshpro/Editor Resources/Textures/btn_AlignJustified_Light.psd
  artifactKey: Guid(fa6bd40a216346b783a4cce741d277a5) Importer(815301076,1909f56bfc062723c751e8b465ee728b)
Start importing Packages/com.unity.textmeshpro/Editor Resources/Textures/btn_AlignJustified_Light.psd using Guid(fa6bd40a216346b783a4cce741d277a5) Importer(815301076,1909f56bfc062723c751e8b465ee728b)  -> (artifact id: '30f14cec9c0ed16ccdd1d67082040be5') in 0.010651 seconds 
========================================================================
Received Import Request.
  Time since last request: 0.000042 seconds.
  path: Assets/Environment/SpeedTree/Broadleaf/Broadleaves_Desktop_Normal.tga
  artifactKey: Guid(e7b2d3eeb0a4d694792c93a8ab87e4a4) Importer(815301076,1909f56bfc062723c751e8b465ee728b)
Start importing Assets/Environment/SpeedTree/Broadleaf/Broadleaves_Desktop_Normal.tga using Guid(e7b2d3eeb0a4d694792c93a8ab87e4a4) Importer(815301076,1909f56bfc062723c751e8b465ee728b)  -> (artifact id: '4426457112b7458a09aa2cb1a86f7997') in 0.011777 seconds 
========================================================================
Received Import Request.
  Time since last request: 0.035353 seconds.
  path: Packages/com.unity.textmeshpro/Editor Resources/Textures/btn_AlignCapLine.psd
  artifactKey: Guid(0d9a36012a224080966c7b55896aa0f9) Importer(815301076,1909f56bfc062723c751e8b465ee728b)
Start importing Packages/com.unity.textmeshpro/Editor Resources/Textures/btn_AlignCapLine.psd using Guid(0d9a36012a224080966c7b55896aa0f9) Importer(815301076,1909f56bfc062723c751e8b465ee728b)  -> (artifact id: 'cc92f8eb4b65ad9d0d0c6ddb164ca819') in 0.012870 seconds 
========================================================================
Received Import Request.
  Time since last request: 0.000061 seconds.
  path: Packages/com.unity.textmeshpro/Editor Resources/Textures/btn_AlignBottom_Light.psd
  artifactKey: Guid(585b70cb75dd43efbfead809c30a1731) Importer(815301076,1909f56bfc062723c751e8b465ee728b)
Start importing Packages/com.unity.textmeshpro/Editor Resources/Textures/btn_AlignBottom_Light.psd using Guid(585b70cb75dd43efbfead809c30a1731) Importer(815301076,1909f56bfc062723c751e8b465ee728b)  -> (artifact id: 'a5b896bed7a7e877b9cf5a3f2cfa7dfd') in 0.012895 seconds 
========================================================================
Received Import Request.
  Time since last request: 0.000058 seconds.
  path: Packages/com.unity.textmeshpro/Editor Resources/Textures/btn_AlignCapLine_Light.psd
  artifactKey: Guid(49679f302ac6408697f6b9314a38985c) Importer(815301076,1909f56bfc062723c751e8b465ee728b)
Start importing Packages/com.unity.textmeshpro/Editor Resources/Textures/btn_AlignCapLine_Light.psd using Guid(49679f302ac6408697f6b9314a38985c) Importer(815301076,1909f56bfc062723c751e8b465ee728b)  -> (artifact id: '31933fc135bb4d4a0baf3a3ffde433d9') in 0.015264 seconds 
========================================================================
Received Import Request.
  Time since last request: 4.479740 seconds.
  path: Packages/com.unity.timeline/Editor/StyleSheets/Images/Icons/d_TimelineCollapseMarkerButtonDisabled.png
  artifactKey: Guid(40947ddc2dd4f0d499a92d0f3675c4e8) Importer(815301076,1909f56bfc062723c751e8b465ee728b)
Start importing Packages/com.unity.timeline/Editor/StyleSheets/Images/Icons/d_TimelineCollapseMarkerButtonDisabled.png using Guid(40947ddc2dd4f0d499a92d0f3675c4e8) Importer(815301076,1909f56bfc062723c751e8b465ee728b)  -> (artifact id: '31b886ee2cb209d8cbf2e4623c6e7033') in 0.055488 seconds 
========================================================================
Received Import Request.
  Time since last request: 0.000054 seconds.
  path: Packages/com.unity.timeline/Editor/StyleSheets/Images/Icons/d_TrackAvatarButtonDisabled.png
  artifactKey: Guid(91746a504b59769439bb2749c314d231) Importer(815301076,1909f56bfc062723c751e8b465ee728b)
Start importing Packages/com.unity.timeline/Editor/StyleSheets/Images/Icons/d_TrackAvatarButtonDisabled.png using Guid(91746a504b59769439bb2749c314d231) Importer(815301076,1909f56bfc062723c751e8b465ee728b)  -> (artifact id: 'b9d779d449efd7b782b23a6c013f1e3b') in 0.013964 seconds 
========================================================================
Received Import Request.
  Time since last request: 0.000137 seconds.
  path: Packages/com.unity.timeline/Editor/StyleSheets/Images/Icons/d_TrackCurvesButtonDisabled.png
  artifactKey: Guid(d55a54a15106e3f418a43134888f2211) Importer(815301076,1909f56bfc062723c751e8b465ee728b)
Start importing Packages/com.unity.timeline/Editor/StyleSheets/Images/Icons/d_TrackCurvesButtonDisabled.png using Guid(d55a54a15106e3f418a43134888f2211) Importer(815301076,1909f56bfc062723c751e8b465ee728b)  -> (artifact id: '6e5e6d48f07cabee80e37ca50072fc65') in 0.011283 seconds 
========================================================================
Received Import Request.
  Time since last request: 0.000048 seconds.
  path: Packages/com.unity.timeline/Editor/StyleSheets/Images/Icons/d_TrackLockButtonDisabled@2x.png
  artifactKey: Guid(6f0b77e050cdb12478ed9514b3a0e40e) Importer(815301076,1909f56bfc062723c751e8b465ee728b)
Start importing Packages/com.unity.timeline/Editor/StyleSheets/Images/Icons/d_TrackLockButtonDisabled@2x.png using Guid(6f0b77e050cdb12478ed9514b3a0e40e) Importer(815301076,1909f56bfc062723c751e8b465ee728b)  -> (artifact id: 'd8cdbb7f26680e5059853ff0317947bd') in 0.013220 seconds 
========================================================================
Received Import Request.
  Time since last request: 0.000058 seconds.
  path: Packages/com.unity.timeline/Editor/StyleSheets/Images/Icons/d_TrackCurvesButtonDisabled@2x.png
  artifactKey: Guid(1f3ea4caa6e0ec74388e4d7d16690e68) Importer(815301076,1909f56bfc062723c751e8b465ee728b)
Start importing Packages/com.unity.timeline/Editor/StyleSheets/Images/Icons/d_TrackCurvesButtonDisabled@2x.png using Guid(1f3ea4caa6e0ec74388e4d7d16690e68) Importer(815301076,1909f56bfc062723c751e8b465ee728b)  -> (artifact id: 'cb5b33dd2b4c013c3dabcabe6bfe2262') in 0.012808 seconds 
========================================================================
Received Import Request.
  Time since last request: 0.000034 seconds.
  path: Packages/com.unity.timeline/Editor/StyleSheets/Images/Icons/d_TrackMarkerButtonDisabled.png
  artifactKey: Guid(b3644a971cca0bd4eb357cb9aca4dde1) Importer(815301076,1909f56bfc062723c751e8b465ee728b)
Start importing Packages/com.unity.timeline/Editor/StyleSheets/Images/Icons/d_TrackMarkerButtonDisabled.png using Guid(b3644a971cca0bd4eb357cb9aca4dde1) Importer(815301076,1909f56bfc062723c751e8b465ee728b)  -> (artifact id: 'dfbfa88db4b7b883813be52db7d84325') in 0.013252 seconds 
========================================================================
Received Import Request.
  Time since last request: 0.000026 seconds.
  path: Packages/com.unity.timeline/Editor/StyleSheets/Images/Icons/d_TrackAvatarButtonDisabled@2x.png
  artifactKey: Guid(fd194f75fe3d7ca4488fa775ae832fd8) Importer(815301076,1909f56bfc062723c751e8b465ee728b)
Start importing Packages/com.unity.timeline/Editor/StyleSheets/Images/Icons/d_TrackAvatarButtonDisabled@2x.png using Guid(fd194f75fe3d7ca4488fa775ae832fd8) Importer(815301076,1909f56bfc062723c751e8b465ee728b)  -> (artifact id: '9578d5289c9d61c5291f475591cb81f5') in 0.010991 seconds 
========================================================================
Received Import Request.
  Time since last request: 0.000025 seconds.
  path: Packages/com.unity.timeline/Editor/StyleSheets/Images/Icons/d_TrackLockButtonDisabled.png
  artifactKey: Guid(52ee3ba2abc3da14a95cdf64d32ae0ae) Importer(815301076,1909f56bfc062723c751e8b465ee728b)
Start importing Packages/com.unity.timeline/Editor/StyleSheets/Images/Icons/d_TrackLockButtonDisabled.png using Guid(52ee3ba2abc3da14a95cdf64d32ae0ae) Importer(815301076,1909f56bfc062723c751e8b465ee728b)  -> (artifact id: 'c4e37c2eb49e98f6f1ca2b4735d54333') in 0.012089 seconds 
========================================================================
Received Import Request.
  Time since last request: 1.763394 seconds.
  path: Assets/Environment/TerrainAssets/SurfaceTextures/SandAlbedo.psd
  artifactKey: Guid(bfd675cc0db1d4656b75dc6d6ba91142) Importer(815301076,1909f56bfc062723c751e8b465ee728b)
Start importing Assets/Environment/TerrainAssets/SurfaceTextures/SandAlbedo.psd using Guid(bfd675cc0db1d4656b75dc6d6ba91142) Importer(815301076,1909f56bfc062723c751e8b465ee728b)  -> (artifact id: '671009c36621c4c53e9ed467c99bf9cf') in 0.044807 seconds 
========================================================================
Received Import Request.
  Time since last request: 96.506321 seconds.
  path: Assets/Environment/Water
  artifactKey: Guid(4f65f58f1750429468db4bef75317815) Importer(815301076,1909f56bfc062723c751e8b465ee728b)
Start importing Assets/Environment/Water using Guid(4f65f58f1750429468db4bef75317815) Importer(815301076,1909f56bfc062723c751e8b465ee728b)  -> (artifact id: '77ac88dce4b30da9e0b06f7edad678d3') in 0.003333 seconds 
========================================================================
Received Import Request.
  Time since last request: 1.781684 seconds.
  path: Assets/Environment/Water/Water4
  artifactKey: Guid(17e234879cb994b7f93d7437c10d23d6) Importer(815301076,1909f56bfc062723c751e8b465ee728b)
Start importing Assets/Environment/Water/Water4 using Guid(17e234879cb994b7f93d7437c10d23d6) Importer(815301076,1909f56bfc062723c751e8b465ee728b)  -> (artifact id: '147cf737754b78080cf0c63d85c6b007') in 0.002761 seconds 
========================================================================
Received Import Request.
  Time since last request: 2.179148 seconds.
  path: Assets/Environment/Water/Water4/Prefabs
  artifactKey: Guid(d25c4f81e90442d4bbda4d5285669c95) Importer(815301076,1909f56bfc062723c751e8b465ee728b)
Start importing Assets/Environment/Water/Water4/Prefabs using Guid(d25c4f81e90442d4bbda4d5285669c95) Importer(815301076,1909f56bfc062723c751e8b465ee728b)  -> (artifact id: 'ff0f73367031cd5d05c1d8cca37da6b3') in 0.003831 seconds 
========================================================================
Received Import Request.
  Time since last request: 0.040155 seconds.
  path: Assets/Environment/Water/Water4/Prefabs/Water4Advanced.prefab
  artifactKey: Guid(b544816461f324e56a39767fdeb5b114) Importer(815301076,1909f56bfc062723c751e8b465ee728b)
Start importing Assets/Environment/Water/Water4/Prefabs/Water4Advanced.prefab using Guid(b544816461f324e56a39767fdeb5b114) Importer(815301076,1909f56bfc062723c751e8b465ee728b)  -> (artifact id: '07d27e10d22960c165db4d5043c1e363') in 0.042528 seconds 
========================================================================
Received Import Request.
  Time since last request: 0.000029 seconds.
  path: Assets/Environment/Water/Water4/Prefabs/Water4Simple.prefab
  artifactKey: Guid(843740dbe549a4a6ba9556d1b80001f5) Importer(815301076,1909f56bfc062723c751e8b465ee728b)
Start importing Assets/Environment/Water/Water4/Prefabs/Water4Simple.prefab using Guid(843740dbe549a4a6ba9556d1b80001f5) Importer(815301076,1909f56bfc062723c751e8b465ee728b)  -> (artifact id: 'fab36f9606b8b739dd8b0e18a3779492') in 0.021278 seconds 
========================================================================
Received Import Request.
  Time since last request: 65.873177 seconds.
  path: Assets/Materials/SuperBouncey.physicMaterial
  artifactKey: Guid(d1636c54908dd524ea950f3359b99015) Importer(815301076,1909f56bfc062723c751e8b465ee728b)
Start importing Assets/Materials/SuperBouncey.physicMaterial using Guid(d1636c54908dd524ea950f3359b99015) Importer(815301076,1909f56bfc062723c751e8b465ee728b)  -> (artifact id: '3792c881ac08933b1677983b6f003f4b') in 0.006336 seconds 
========================================================================
Received Import Request.
  Time since last request: 80.425809 seconds.
  path: Assets/FirstPersonCharacter/FPSController.prefab
  artifactKey: Guid(5e9e851c0e142814dac026a256ba2ac0) Importer(815301076,1909f56bfc062723c751e8b465ee728b)
Start importing Assets/FirstPersonCharacter/FPSController.prefab using Guid(5e9e851c0e142814dac026a256ba2ac0) Importer(815301076,1909f56bfc062723c751e8b465ee728b)  -> (artifact id: '629624f06e06cc19ebbdb11a4655f1a7') in 0.040147 seconds 
========================================================================
Received Import Request.
  Time since last request: 291.718413 seconds.
  path: Assets/Materials/New Material.mat
  artifactKey: Guid(dcbd9ffead747d443aec367d8107365b) Importer(815301076,1909f56bfc062723c751e8b465ee728b)
Start importing Assets/Materials/New Material.mat using Guid(dcbd9ffead747d443aec367d8107365b) Importer(815301076,1909f56bfc062723c751e8b465ee728b)  -> (artifact id: '8589c971cc665c55324eca84a34bb923') in 0.017472 seconds 
========================================================================
Received Import Request.
  Time since last request: 34.030134 seconds.
  path: Assets/Materials/BumperColor.mat
  artifactKey: Guid(dcbd9ffead747d443aec367d8107365b) Importer(815301076,1909f56bfc062723c751e8b465ee728b)
Start importing Assets/Materials/BumperColor.mat using Guid(dcbd9ffead747d443aec367d8107365b) Importer(815301076,1909f56bfc062723c751e8b465ee728b)  -> (artifact id: '401e9e3bfa830e4263f3dc9eee6fc801') in 0.014193 seconds 
========================================================================
Received Import Request.
  Time since last request: 177.316630 seconds.
  path: Assets/Materials/ChaosBall.mat
  artifactKey: Guid(f0c0d7c3fcf9f064987a82bcd45c4dfe) Importer(815301076,1909f56bfc062723c751e8b465ee728b)
Start importing Assets/Materials/ChaosBall.mat using Guid(f0c0d7c3fcf9f064987a82bcd45c4dfe) Importer(815301076,1909f56bfc062723c751e8b465ee728b)  -> (artifact id: 'aff251a2532df6cc1c992bd7bb0d5f8a') in 0.014588 seconds 
========================================================================
Received Prepare
Registering precompiled user dll's ...
Registered in 0.006681 seconds.
Begin MonoManager ReloadAssembly
Symbol file LoadedFromMemory doesn't match image C:\Users\pfran\Documents\GitHub\MULT-150\Pfrancia_Hour10\Library\PackageCache\com.unity.visualscripting@1.8.0\Editor\VisualScripting.Core\Dependencies\YamlDotNet\Unity.VisualScripting.YamlDotNet.dll
Symbol file LoadedFromMemory doesn't match image C:\Users\pfran\Documents\GitHub\MULT-150\Pfrancia_Hour10\Library\PackageCache\com.unity.visualscripting@1.8.0\Editor\VisualScripting.Core\Dependencies\DotNetZip\Unity.VisualScripting.IonicZip.dll
Native extension for WindowsStandalone target not found
Refreshing native plugins compatible for Editor in 1.40 ms, found 3 plugins.
Preloading 0 native plugins for Editor in 0.00 ms.
Mono: successfully reloaded assembly
- Completed reload, in  2.619 seconds
Domain Reload Profiling:
	ReloadAssembly (2622ms)
		BeginReloadAssembly (595ms)
			ExecutionOrderSort (0ms)
			DisableScriptedObjects (14ms)
			BackupInstance (0ms)
			ReleaseScriptingObjects (0ms)
			CreateAndSetChildDomain (254ms)
		EndReloadAssembly (1792ms)
			LoadAssemblies (287ms)
			RebuildTransferFunctionScriptingTraits (0ms)
			SetupTypeCache (691ms)
			ReleaseScriptCaches (3ms)
			RebuildScriptCaches (94ms)
			SetupLoadedEditorAssemblies (703ms)
				LogAssemblyErrors (0ms)
				InitializePlatformSupportModulesInManaged (17ms)
				SetLoadedEditorAssemblies (1ms)
				RefreshPlugins (2ms)
				BeforeProcessingInitializeOnLoad (133ms)
				ProcessInitializeOnLoadAttributes (484ms)
				ProcessInitializeOnLoadMethodAttributes (43ms)
				AfterProcessingInitializeOnLoad (23ms)
				EditorAssembliesLoaded (0ms)
			ExecutionOrderSort2 (0ms)
			AwakeInstancesAfterBackupRestoration (17ms)
Platform modules already initialized, skipping
Refreshing native plugins compatible for Editor in 6.41 ms, found 3 plugins.
Preloading 0 native plugins for Editor in 0.00 ms.
Unloading 3053 Unused Serialized files (Serialized files now loaded: 0)
Unloading 15 unused Assets / (24.6 KB). Loaded Objects now: 3582.
Memory consumption went from 112.9 MB to 112.9 MB.
Total: 7.191800 ms (FindLiveObjects: 0.971800 ms CreateObjectMapping: 0.375500 ms MarkObjects: 5.760200 ms  DeleteObjects: 0.081100 ms)

AssetImportParameters requested are different than current active one (requested -> active):
  custom:video-decoder-ogg-theora: a1e56fd34408186e4bbccfd4996cb3dc -> 
  custom:container-muxer-webm: aa71ff27fc2769a1b78a27578f13a17b -> 
  custom:container-demuxer-webm: 4f35f7cbe854078d1ac9338744f61a02 -> 
  custom:video-encoder-webm-vp8: eb34c28f22e8b96e1ab97ce403110664 -> 
  custom:audio-encoder-webm-vorbis: bf7c407c2cedff20999df2af8eb42d56 -> 
  custom:framework-win-MediaFoundation: 216162199b28c13a410421893ffa2e32 -> 
  custom:container-demuxer-ogg: 62fdf1f143b41e24485cea50d1cbac27 -> 
  custom:video-decoder-webm-vp8: 9c59270c3fd7afecdb556c50c9e8de78 -> 
  custom:audio-decoder-ogg-vorbis: bf7c407c2cedff20999df2af8eb42d56 -> 
========================================================================
Received Prepare
Registering precompiled user dll's ...
Registered in 0.006707 seconds.
Begin MonoManager ReloadAssembly
Symbol file LoadedFromMemory doesn't match image C:\Users\pfran\Documents\GitHub\MULT-150\Pfrancia_Hour10\Library\PackageCache\com.unity.visualscripting@1.8.0\Editor\VisualScripting.Core\Dependencies\YamlDotNet\Unity.VisualScripting.YamlDotNet.dll
Symbol file LoadedFromMemory doesn't match image C:\Users\pfran\Documents\GitHub\MULT-150\Pfrancia_Hour10\Library\PackageCache\com.unity.visualscripting@1.8.0\Editor\VisualScripting.Core\Dependencies\DotNetZip\Unity.VisualScripting.IonicZip.dll
Native extension for WindowsStandalone target not found
Refreshing native plugins compatible for Editor in 1.32 ms, found 3 plugins.
Preloading 0 native plugins for Editor in 0.00 ms.
Mono: successfully reloaded assembly
- Completed reload, in  1.789 seconds
Domain Reload Profiling:
	ReloadAssembly (1790ms)
		BeginReloadAssembly (179ms)
			ExecutionOrderSort (0ms)
			DisableScriptedObjects (5ms)
			BackupInstance (0ms)
			ReleaseScriptingObjects (0ms)
			CreateAndSetChildDomain (43ms)
		EndReloadAssembly (1493ms)
			LoadAssemblies (126ms)
			RebuildTransferFunctionScriptingTraits (0ms)
			SetupTypeCache (533ms)
			ReleaseScriptCaches (6ms)
			RebuildScriptCaches (121ms)
			SetupLoadedEditorAssemblies (587ms)
				LogAssemblyErrors (0ms)
				InitializePlatformSupportModulesInManaged (15ms)
				SetLoadedEditorAssemblies (1ms)
				RefreshPlugins (2ms)
				BeforeProcessingInitializeOnLoad (122ms)
				ProcessInitializeOnLoadAttributes (389ms)
				ProcessInitializeOnLoadMethodAttributes (38ms)
				AfterProcessingInitializeOnLoad (20ms)
				EditorAssembliesLoaded (0ms)
			ExecutionOrderSort2 (0ms)
			AwakeInstancesAfterBackupRestoration (14ms)
Platform modules already initialized, skipping
Refreshing native plugins compatible for Editor in 2.75 ms, found 3 plugins.
Preloading 0 native plugins for Editor in 0.00 ms.
Unloading 3053 Unused Serialized files (Serialized files now loaded: 0)
Unloading 15 unused Assets / (24.6 KB). Loaded Objects now: 3585.
Memory consumption went from 112.9 MB to 112.9 MB.
Total: 4.718100 ms (FindLiveObjects: 0.518200 ms CreateObjectMapping: 0.151400 ms MarkObjects: 4.001100 ms  DeleteObjects: 0.045300 ms)

AssetImportParameters requested are different than current active one (requested -> active):
  custom:video-decoder-ogg-theora: a1e56fd34408186e4bbccfd4996cb3dc -> 
  custom:container-muxer-webm: aa71ff27fc2769a1b78a27578f13a17b -> 
  custom:container-demuxer-webm: 4f35f7cbe854078d1ac9338744f61a02 -> 
  custom:video-encoder-webm-vp8: eb34c28f22e8b96e1ab97ce403110664 -> 
  custom:audio-encoder-webm-vorbis: bf7c407c2cedff20999df2af8eb42d56 -> 
  custom:framework-win-MediaFoundation: 216162199b28c13a410421893ffa2e32 -> 
  custom:container-demuxer-ogg: 62fdf1f143b41e24485cea50d1cbac27 -> 
  custom:video-decoder-webm-vp8: 9c59270c3fd7afecdb556c50c9e8de78 -> 
  custom:audio-decoder-ogg-vorbis: bf7c407c2cedff20999df2af8eb42d56 -> 
========================================================================
Received Prepare
Registering precompiled user dll's ...
Registered in 0.008792 seconds.
Begin MonoManager ReloadAssembly
Symbol file LoadedFromMemory doesn't match image C:\Users\pfran\Documents\GitHub\MULT-150\Pfrancia_Hour10\Library\PackageCache\com.unity.visualscripting@1.8.0\Editor\VisualScripting.Core\Dependencies\YamlDotNet\Unity.VisualScripting.YamlDotNet.dll
Symbol file LoadedFromMemory doesn't match image C:\Users\pfran\Documents\GitHub\MULT-150\Pfrancia_Hour10\Library\PackageCache\com.unity.visualscripting@1.8.0\Editor\VisualScripting.Core\Dependencies\DotNetZip\Unity.VisualScripting.IonicZip.dll
Native extension for WindowsStandalone target not found
Refreshing native plugins compatible for Editor in 1.36 ms, found 3 plugins.
Preloading 0 native plugins for Editor in 0.00 ms.
Mono: successfully reloaded assembly
- Completed reload, in  2.019 seconds
Domain Reload Profiling:
	ReloadAssembly (2020ms)
		BeginReloadAssembly (178ms)
			ExecutionOrderSort (0ms)
			DisableScriptedObjects (6ms)
			BackupInstance (0ms)
			ReleaseScriptingObjects (0ms)
			CreateAndSetChildDomain (39ms)
		EndReloadAssembly (1730ms)
			LoadAssemblies (129ms)
			RebuildTransferFunctionScriptingTraits (0ms)
			SetupTypeCache (696ms)
			ReleaseScriptCaches (5ms)
			RebuildScriptCaches (110ms)
			SetupLoadedEditorAssemblies (598ms)
				LogAssemblyErrors (0ms)
				InitializePlatformSupportModulesInManaged (12ms)
				SetLoadedEditorAssemblies (1ms)
				RefreshPlugins (2ms)
				BeforeProcessingInitializeOnLoad (124ms)
				ProcessInitializeOnLoadAttributes (405ms)
				ProcessInitializeOnLoadMethodAttributes (36ms)
				AfterProcessingInitializeOnLoad (18ms)
				EditorAssembliesLoaded (0ms)
			ExecutionOrderSort2 (0ms)
			AwakeInstancesAfterBackupRestoration (15ms)
Platform modules already initialized, skipping
Refreshing native plugins compatible for Editor in 3.44 ms, found 3 plugins.
Preloading 0 native plugins for Editor in 0.00 ms.
Unloading 3053 Unused Serialized files (Serialized files now loaded: 0)
Unloading 15 unused Assets / (24.7 KB). Loaded Objects now: 3588.
Memory consumption went from 112.9 MB to 112.9 MB.
Total: 5.630100 ms (FindLiveObjects: 0.781100 ms CreateObjectMapping: 0.124300 ms MarkObjects: 4.639400 ms  DeleteObjects: 0.081200 ms)

AssetImportParameters requested are different than current active one (requested -> active):
  custom:video-decoder-ogg-theora: a1e56fd34408186e4bbccfd4996cb3dc -> 
  custom:container-muxer-webm: aa71ff27fc2769a1b78a27578f13a17b -> 
  custom:container-demuxer-webm: 4f35f7cbe854078d1ac9338744f61a02 -> 
  custom:video-encoder-webm-vp8: eb34c28f22e8b96e1ab97ce403110664 -> 
  custom:audio-encoder-webm-vorbis: bf7c407c2cedff20999df2af8eb42d56 -> 
  custom:framework-win-MediaFoundation: 216162199b28c13a410421893ffa2e32 -> 
  custom:container-demuxer-ogg: 62fdf1f143b41e24485cea50d1cbac27 -> 
  custom:video-decoder-webm-vp8: 9c59270c3fd7afecdb556c50c9e8de78 -> 
  custom:audio-decoder-ogg-vorbis: bf7c407c2cedff20999df2af8eb42d56 -> 
========================================================================
Received Prepare
Registering precompiled user dll's ...
Registered in 0.008643 seconds.
Begin MonoManager ReloadAssembly
Symbol file LoadedFromMemory doesn't match image C:\Users\pfran\Documents\GitHub\MULT-150\Pfrancia_Hour10\Library\PackageCache\com.unity.visualscripting@1.8.0\Editor\VisualScripting.Core\Dependencies\YamlDotNet\Unity.VisualScripting.YamlDotNet.dll
Symbol file LoadedFromMemory doesn't match image C:\Users\pfran\Documents\GitHub\MULT-150\Pfrancia_Hour10\Library\PackageCache\com.unity.visualscripting@1.8.0\Editor\VisualScripting.Core\Dependencies\DotNetZip\Unity.VisualScripting.IonicZip.dll
Native extension for WindowsStandalone target not found
Refreshing native plugins compatible for Editor in 1.21 ms, found 3 plugins.
Preloading 0 native plugins for Editor in 0.00 ms.
Mono: successfully reloaded assembly
- Completed reload, in  1.736 seconds
Domain Reload Profiling:
	ReloadAssembly (1737ms)
		BeginReloadAssembly (179ms)
			ExecutionOrderSort (0ms)
			DisableScriptedObjects (6ms)
			BackupInstance (0ms)
			ReleaseScriptingObjects (0ms)
			CreateAndSetChildDomain (40ms)
		EndReloadAssembly (1451ms)
			LoadAssemblies (128ms)
			RebuildTransferFunctionScriptingTraits (0ms)
			SetupTypeCache (530ms)
			ReleaseScriptCaches (2ms)
			RebuildScriptCaches (98ms)
			SetupLoadedEditorAssemblies (563ms)
				LogAssemblyErrors (0ms)
				InitializePlatformSupportModulesInManaged (19ms)
				SetLoadedEditorAssemblies (1ms)
				RefreshPlugins (1ms)
				BeforeProcessingInitializeOnLoad (123ms)
				ProcessInitializeOnLoadAttributes (363ms)
				ProcessInitializeOnLoadMethodAttributes (40ms)
				AfterProcessingInitializeOnLoad (16ms)
				EditorAssembliesLoaded (0ms)
			ExecutionOrderSort2 (0ms)
			AwakeInstancesAfterBackupRestoration (10ms)
Platform modules already initialized, skipping
Refreshing native plugins compatible for Editor in 4.34 ms, found 3 plugins.
Preloading 0 native plugins for Editor in 0.00 ms.
Unloading 3053 Unused Serialized files (Serialized files now loaded: 0)
Unloading 15 unused Assets / (24.7 KB). Loaded Objects now: 3591.
Memory consumption went from 112.9 MB to 112.9 MB.
Total: 5.479700 ms (FindLiveObjects: 0.449000 ms CreateObjectMapping: 0.239100 ms MarkObjects: 4.743600 ms  DeleteObjects: 0.046300 ms)

AssetImportParameters requested are different than current active one (requested -> active):
  custom:video-decoder-ogg-theora: a1e56fd34408186e4bbccfd4996cb3dc -> 
  custom:container-muxer-webm: aa71ff27fc2769a1b78a27578f13a17b -> 
  custom:container-demuxer-webm: 4f35f7cbe854078d1ac9338744f61a02 -> 
  custom:video-encoder-webm-vp8: eb34c28f22e8b96e1ab97ce403110664 -> 
  custom:audio-encoder-webm-vorbis: bf7c407c2cedff20999df2af8eb42d56 -> 
  custom:framework-win-MediaFoundation: 216162199b28c13a410421893ffa2e32 -> 
  custom:container-demuxer-ogg: 62fdf1f143b41e24485cea50d1cbac27 -> 
  custom:video-decoder-webm-vp8: 9c59270c3fd7afecdb556c50c9e8de78 -> 
  custom:audio-decoder-ogg-vorbis: bf7c407c2cedff20999df2af8eb42d56 -> 
========================================================================
Received Prepare
Registering precompiled user dll's ...
Registered in 0.008550 seconds.
Begin MonoManager ReloadAssembly
Symbol file LoadedFromMemory doesn't match image C:\Users\pfran\Documents\GitHub\MULT-150\Pfrancia_Hour10\Library\PackageCache\com.unity.visualscripting@1.8.0\Editor\VisualScripting.Core\Dependencies\YamlDotNet\Unity.VisualScripting.YamlDotNet.dll
Symbol file LoadedFromMemory doesn't match image C:\Users\pfran\Documents\GitHub\MULT-150\Pfrancia_Hour10\Library\PackageCache\com.unity.visualscripting@1.8.0\Editor\VisualScripting.Core\Dependencies\DotNetZip\Unity.VisualScripting.IonicZip.dll
Native extension for WindowsStandalone target not found
Refreshing native plugins compatible for Editor in 1.48 ms, found 3 plugins.
Preloading 0 native plugins for Editor in 0.00 ms.
Mono: successfully reloaded assembly
- Completed reload, in  1.602 seconds
Domain Reload Profiling:
	ReloadAssembly (1603ms)
		BeginReloadAssembly (173ms)
			ExecutionOrderSort (0ms)
			DisableScriptedObjects (5ms)
			BackupInstance (0ms)
			ReleaseScriptingObjects (0ms)
			CreateAndSetChildDomain (39ms)
		EndReloadAssembly (1319ms)
			LoadAssemblies (120ms)
			RebuildTransferFunctionScriptingTraits (0ms)
			SetupTypeCache (468ms)
			ReleaseScriptCaches (3ms)
			RebuildScriptCaches (82ms)
			SetupLoadedEditorAssemblies (524ms)
				LogAssemblyErrors (0ms)
				InitializePlatformSupportModulesInManaged (19ms)
				SetLoadedEditorAssemblies (1ms)
				RefreshPlugins (2ms)
				BeforeProcessingInitializeOnLoad (130ms)
				ProcessInitializeOnLoadAttributes (323ms)
				ProcessInitializeOnLoadMethodAttributes (31ms)
				AfterProcessingInitializeOnLoad (17ms)
				EditorAssembliesLoaded (0ms)
			ExecutionOrderSort2 (0ms)
			AwakeInstancesAfterBackupRestoration (12ms)
Platform modules already initialized, skipping
Refreshing native plugins compatible for Editor in 4.08 ms, found 3 plugins.
Preloading 0 native plugins for Editor in 0.00 ms.
Unloading 3053 Unused Serialized files (Serialized files now loaded: 0)
Unloading 15 unused Assets / (24.7 KB). Loaded Objects now: 3594.
Memory consumption went from 112.9 MB to 112.9 MB.
Total: 4.494000 ms (FindLiveObjects: 0.493500 ms CreateObjectMapping: 0.153200 ms MarkObjects: 3.814500 ms  DeleteObjects: 0.031400 ms)

AssetImportParameters requested are different than current active one (requested -> active):
  custom:video-decoder-ogg-theora: a1e56fd34408186e4bbccfd4996cb3dc -> 
  custom:container-muxer-webm: aa71ff27fc2769a1b78a27578f13a17b -> 
  custom:container-demuxer-webm: 4f35f7cbe854078d1ac9338744f61a02 -> 
  custom:video-encoder-webm-vp8: eb34c28f22e8b96e1ab97ce403110664 -> 
  custom:audio-encoder-webm-vorbis: bf7c407c2cedff20999df2af8eb42d56 -> 
  custom:framework-win-MediaFoundation: 216162199b28c13a410421893ffa2e32 -> 
  custom:container-demuxer-ogg: 62fdf1f143b41e24485cea50d1cbac27 -> 
  custom:video-decoder-webm-vp8: 9c59270c3fd7afecdb556c50c9e8de78 -> 
  custom:audio-decoder-ogg-vorbis: bf7c407c2cedff20999df2af8eb42d56 -> 
========================================================================
Received Prepare
Registering precompiled user dll's ...
Registered in 0.008563 seconds.
Begin MonoManager ReloadAssembly
Symbol file LoadedFromMemory doesn't match image C:\Users\pfran\Documents\GitHub\MULT-150\Pfrancia_Hour10\Library\PackageCache\com.unity.visualscripting@1.8.0\Editor\VisualScripting.Core\Dependencies\YamlDotNet\Unity.VisualScripting.YamlDotNet.dll
Symbol file LoadedFromMemory doesn't match image C:\Users\pfran\Documents\GitHub\MULT-150\Pfrancia_Hour10\Library\PackageCache\com.unity.visualscripting@1.8.0\Editor\VisualScripting.Core\Dependencies\DotNetZip\Unity.VisualScripting.IonicZip.dll
Native extension for WindowsStandalone target not found
Refreshing native plugins compatible for Editor in 0.67 ms, found 3 plugins.
Preloading 0 native plugins for Editor in 0.00 ms.
Mono: successfully reloaded assembly
- Completed reload, in  1.301 seconds
Domain Reload Profiling:
	ReloadAssembly (1303ms)
		BeginReloadAssembly (157ms)
			ExecutionOrderSort (0ms)
			DisableScriptedObjects (6ms)
			BackupInstance (0ms)
			ReleaseScriptingObjects (0ms)
			CreateAndSetChildDomain (37ms)
		EndReloadAssembly (1035ms)
			LoadAssemblies (107ms)
			RebuildTransferFunctionScriptingTraits (0ms)
			SetupTypeCache (266ms)
			ReleaseScriptCaches (1ms)
			RebuildScriptCaches (49ms)
			SetupLoadedEditorAssemblies (571ms)
				LogAssemblyErrors (0ms)
				InitializePlatformSupportModulesInManaged (7ms)
				SetLoadedEditorAssemblies (1ms)
				RefreshPlugins (1ms)
				BeforeProcessingInitializeOnLoad (98ms)
				ProcessInitializeOnLoadAttributes (418ms)
				ProcessInitializeOnLoadMethodAttributes (30ms)
				AfterProcessingInitializeOnLoad (16ms)
				EditorAssembliesLoaded (0ms)
			ExecutionOrderSort2 (0ms)
			AwakeInstancesAfterBackupRestoration (11ms)
Platform modules already initialized, skipping
Refreshing native plugins compatible for Editor in 4.42 ms, found 3 plugins.
Preloading 0 native plugins for Editor in 0.00 ms.
Unloading 3053 Unused Serialized files (Serialized files now loaded: 0)
Unloading 15 unused Assets / (24.7 KB). Loaded Objects now: 3597.
Memory consumption went from 113.0 MB to 112.9 MB.
Total: 11.011300 ms (FindLiveObjects: 1.227400 ms CreateObjectMapping: 0.948500 ms MarkObjects: 8.664000 ms  DeleteObjects: 0.168400 ms)

AssetImportParameters requested are different than current active one (requested -> active):
  custom:video-decoder-ogg-theora: a1e56fd34408186e4bbccfd4996cb3dc -> 
  custom:container-muxer-webm: aa71ff27fc2769a1b78a27578f13a17b -> 
  custom:container-demuxer-webm: 4f35f7cbe854078d1ac9338744f61a02 -> 
  custom:video-encoder-webm-vp8: eb34c28f22e8b96e1ab97ce403110664 -> 
  custom:audio-encoder-webm-vorbis: bf7c407c2cedff20999df2af8eb42d56 -> 
  custom:framework-win-MediaFoundation: 216162199b28c13a410421893ffa2e32 -> 
  custom:container-demuxer-ogg: 62fdf1f143b41e24485cea50d1cbac27 -> 
  custom:video-decoder-webm-vp8: 9c59270c3fd7afecdb556c50c9e8de78 -> 
  custom:audio-decoder-ogg-vorbis: bf7c407c2cedff20999df2af8eb42d56 -> 
========================================================================
Received Prepare
Registering precompiled user dll's ...
Registered in 0.008201 seconds.
Begin MonoManager ReloadAssembly
Symbol file LoadedFromMemory doesn't match image C:\Users\pfran\Documents\GitHub\MULT-150\Pfrancia_Hour10\Library\PackageCache\com.unity.visualscripting@1.8.0\Editor\VisualScripting.Core\Dependencies\YamlDotNet\Unity.VisualScripting.YamlDotNet.dll
Symbol file LoadedFromMemory doesn't match image C:\Users\pfran\Documents\GitHub\MULT-150\Pfrancia_Hour10\Library\PackageCache\com.unity.visualscripting@1.8.0\Editor\VisualScripting.Core\Dependencies\DotNetZip\Unity.VisualScripting.IonicZip.dll
Native extension for WindowsStandalone target not found
Refreshing native plugins compatible for Editor in 2.08 ms, found 3 plugins.
Preloading 0 native plugins for Editor in 0.00 ms.
Mono: successfully reloaded assembly
- Completed reload, in  1.874 seconds
Domain Reload Profiling:
	ReloadAssembly (1875ms)
		BeginReloadAssembly (184ms)
			ExecutionOrderSort (0ms)
			DisableScriptedObjects (5ms)
			BackupInstance (0ms)
			ReleaseScriptingObjects (0ms)
			CreateAndSetChildDomain (39ms)
		EndReloadAssembly (1579ms)
			LoadAssemblies (131ms)
			RebuildTransferFunctionScriptingTraits (0ms)
			SetupTypeCache (559ms)
			ReleaseScriptCaches (2ms)
			RebuildScriptCaches (121ms)
			SetupLoadedEditorAssemblies (610ms)
				LogAssemblyErrors (0ms)
				InitializePlatformSupportModulesInManaged (14ms)
				SetLoadedEditorAssemblies (1ms)
				RefreshPlugins (2ms)
				BeforeProcessingInitializeOnLoad (126ms)
				ProcessInitializeOnLoadAttributes (407ms)
				ProcessInitializeOnLoadMethodAttributes (38ms)
				AfterProcessingInitializeOnLoad (20ms)
				EditorAssembliesLoaded (1ms)
			ExecutionOrderSort2 (0ms)
			AwakeInstancesAfterBackupRestoration (14ms)
Platform modules already initialized, skipping
Refreshing native plugins compatible for Editor in 5.12 ms, found 3 plugins.
Preloading 0 native plugins for Editor in 0.00 ms.
Unloading 3053 Unused Serialized files (Serialized files now loaded: 0)
Unloading 15 unused Assets / (24.6 KB). Loaded Objects now: 3600.
Memory consumption went from 113.0 MB to 112.9 MB.
Total: 5.500400 ms (FindLiveObjects: 0.844000 ms CreateObjectMapping: 0.182900 ms MarkObjects: 4.392300 ms  DeleteObjects: 0.069600 ms)

AssetImportParameters requested are different than current active one (requested -> active):
  custom:video-decoder-ogg-theora: a1e56fd34408186e4bbccfd4996cb3dc -> 
  custom:container-muxer-webm: aa71ff27fc2769a1b78a27578f13a17b -> 
  custom:container-demuxer-webm: 4f35f7cbe854078d1ac9338744f61a02 -> 
  custom:video-encoder-webm-vp8: eb34c28f22e8b96e1ab97ce403110664 -> 
  custom:audio-encoder-webm-vorbis: bf7c407c2cedff20999df2af8eb42d56 -> 
  custom:framework-win-MediaFoundation: 216162199b28c13a410421893ffa2e32 -> 
  custom:container-demuxer-ogg: 62fdf1f143b41e24485cea50d1cbac27 -> 
  custom:video-decoder-webm-vp8: 9c59270c3fd7afecdb556c50c9e8de78 -> 
  custom:audio-decoder-ogg-vorbis: bf7c407c2cedff20999df2af8eb42d56 -> 
========================================================================
Received Prepare
Registering precompiled user dll's ...
Registered in 0.006771 seconds.
Begin MonoManager ReloadAssembly
Symbol file LoadedFromMemory doesn't match image C:\Users\pfran\Documents\GitHub\MULT-150\Pfrancia_Hour10\Library\PackageCache\com.unity.visualscripting@1.8.0\Editor\VisualScripting.Core\Dependencies\YamlDotNet\Unity.VisualScripting.YamlDotNet.dll
Symbol file LoadedFromMemory doesn't match image C:\Users\pfran\Documents\GitHub\MULT-150\Pfrancia_Hour10\Library\PackageCache\com.unity.visualscripting@1.8.0\Editor\VisualScripting.Core\Dependencies\DotNetZip\Unity.VisualScripting.IonicZip.dll
Native extension for WindowsStandalone target not found
Refreshing native plugins compatible for Editor in 1.79 ms, found 3 plugins.
Preloading 0 native plugins for Editor in 0.00 ms.
Mono: successfully reloaded assembly
- Completed reload, in  2.144 seconds
Domain Reload Profiling:
	ReloadAssembly (2146ms)
		BeginReloadAssembly (189ms)
			ExecutionOrderSort (0ms)
			DisableScriptedObjects (11ms)
			BackupInstance (0ms)
			ReleaseScriptingObjects (0ms)
			CreateAndSetChildDomain (57ms)
		EndReloadAssembly (1844ms)
			LoadAssemblies (118ms)
			RebuildTransferFunctionScriptingTraits (0ms)
			SetupTypeCache (675ms)
			ReleaseScriptCaches (6ms)
			RebuildScriptCaches (110ms)
			SetupLoadedEditorAssemblies (770ms)
				LogAssemblyErrors (0ms)
				InitializePlatformSupportModulesInManaged (16ms)
				SetLoadedEditorAssemblies (1ms)
				RefreshPlugins (2ms)
				BeforeProcessingInitializeOnLoad (150ms)
				ProcessInitializeOnLoadAttributes (492ms)
				ProcessInitializeOnLoadMethodAttributes (77ms)
				AfterProcessingInitializeOnLoad (31ms)
				EditorAssembliesLoaded (1ms)
			ExecutionOrderSort2 (0ms)
			AwakeInstancesAfterBackupRestoration (15ms)
Platform modules already initialized, skipping
Refreshing native plugins compatible for Editor in 5.35 ms, found 3 plugins.
Preloading 0 native plugins for Editor in 0.00 ms.
Unloading 3053 Unused Serialized files (Serialized files now loaded: 0)
Unloading 15 unused Assets / (24.6 KB). Loaded Objects now: 3603.
Memory consumption went from 113.0 MB to 112.9 MB.
Total: 7.569300 ms (FindLiveObjects: 0.860000 ms CreateObjectMapping: 0.223100 ms MarkObjects: 6.421800 ms  DeleteObjects: 0.062300 ms)

AssetImportParameters requested are different than current active one (requested -> active):
  custom:video-decoder-ogg-theora: a1e56fd34408186e4bbccfd4996cb3dc -> 
  custom:container-muxer-webm: aa71ff27fc2769a1b78a27578f13a17b -> 
  custom:container-demuxer-webm: 4f35f7cbe854078d1ac9338744f61a02 -> 
  custom:video-encoder-webm-vp8: eb34c28f22e8b96e1ab97ce403110664 -> 
  custom:audio-encoder-webm-vorbis: bf7c407c2cedff20999df2af8eb42d56 -> 
  custom:framework-win-MediaFoundation: 216162199b28c13a410421893ffa2e32 -> 
  custom:container-demuxer-ogg: 62fdf1f143b41e24485cea50d1cbac27 -> 
  custom:video-decoder-webm-vp8: 9c59270c3fd7afecdb556c50c9e8de78 -> 
  custom:audio-decoder-ogg-vorbis: bf7c407c2cedff20999df2af8eb42d56 -> 
========================================================================
Received Prepare
Registering precompiled user dll's ...
Registered in 0.006650 seconds.
Begin MonoManager ReloadAssembly
Symbol file LoadedFromMemory doesn't match image C:\Users\pfran\Documents\GitHub\MULT-150\Pfrancia_Hour10\Library\PackageCache\com.unity.visualscripting@1.8.0\Editor\VisualScripting.Core\Dependencies\YamlDotNet\Unity.VisualScripting.YamlDotNet.dll
Symbol file LoadedFromMemory doesn't match image C:\Users\pfran\Documents\GitHub\MULT-150\Pfrancia_Hour10\Library\PackageCache\com.unity.visualscripting@1.8.0\Editor\VisualScripting.Core\Dependencies\DotNetZip\Unity.VisualScripting.IonicZip.dll
Native extension for WindowsStandalone target not found
Refreshing native plugins compatible for Editor in 0.93 ms, found 3 plugins.
Preloading 0 native plugins for Editor in 0.00 ms.
Mono: successfully reloaded assembly
- Completed reload, in  1.954 seconds
Domain Reload Profiling:
	ReloadAssembly (1955ms)
		BeginReloadAssembly (173ms)
			ExecutionOrderSort (0ms)
			DisableScriptedObjects (6ms)
			BackupInstance (0ms)
			ReleaseScriptingObjects (0ms)
			CreateAndSetChildDomain (36ms)
		EndReloadAssembly (1580ms)
			LoadAssemblies (199ms)
			RebuildTransferFunctionScriptingTraits (0ms)
			SetupTypeCache (576ms)
			ReleaseScriptCaches (3ms)
			RebuildScriptCaches (83ms)
			SetupLoadedEditorAssemblies (590ms)
				LogAssemblyErrors (0ms)
				InitializePlatformSupportModulesInManaged (13ms)
				SetLoadedEditorAssemblies (1ms)
				RefreshPlugins (1ms)
				BeforeProcessingInitializeOnLoad (131ms)
				ProcessInitializeOnLoadAttributes (386ms)
				ProcessInitializeOnLoadMethodAttributes (38ms)
				AfterProcessingInitializeOnLoad (19ms)
				EditorAssembliesLoaded (1ms)
			ExecutionOrderSort2 (0ms)
			AwakeInstancesAfterBackupRestoration (16ms)
Platform modules already initialized, skipping
Refreshing native plugins compatible for Editor in 5.61 ms, found 3 plugins.
Preloading 0 native plugins for Editor in 0.00 ms.
Unloading 3053 Unused Serialized files (Serialized files now loaded: 0)
Unloading 15 unused Assets / (24.6 KB). Loaded Objects now: 3606.
Memory consumption went from 113.0 MB to 113.0 MB.
Total: 4.679700 ms (FindLiveObjects: 0.879600 ms CreateObjectMapping: 0.302000 ms MarkObjects: 3.412200 ms  DeleteObjects: 0.083900 ms)

AssetImportParameters requested are different than current active one (requested -> active):
  custom:video-decoder-ogg-theora: a1e56fd34408186e4bbccfd4996cb3dc -> 
  custom:container-muxer-webm: aa71ff27fc2769a1b78a27578f13a17b -> 
  custom:container-demuxer-webm: 4f35f7cbe854078d1ac9338744f61a02 -> 
  custom:video-encoder-webm-vp8: eb34c28f22e8b96e1ab97ce403110664 -> 
  custom:audio-encoder-webm-vorbis: bf7c407c2cedff20999df2af8eb42d56 -> 
  custom:framework-win-MediaFoundation: 216162199b28c13a410421893ffa2e32 -> 
  custom:container-demuxer-ogg: 62fdf1f143b41e24485cea50d1cbac27 -> 
  custom:video-decoder-webm-vp8: 9c59270c3fd7afecdb556c50c9e8de78 -> 
  custom:audio-decoder-ogg-vorbis: bf7c407c2cedff20999df2af8eb42d56 -> 
========================================================================
Received Prepare
Registering precompiled user dll's ...
Registered in 0.008042 seconds.
Begin MonoManager ReloadAssembly
Symbol file LoadedFromMemory doesn't match image C:\Users\pfran\Documents\GitHub\MULT-150\Pfrancia_Hour10\Library\PackageCache\com.unity.visualscripting@1.8.0\Editor\VisualScripting.Core\Dependencies\YamlDotNet\Unity.VisualScripting.YamlDotNet.dll
Symbol file LoadedFromMemory doesn't match image C:\Users\pfran\Documents\GitHub\MULT-150\Pfrancia_Hour10\Library\PackageCache\com.unity.visualscripting@1.8.0\Editor\VisualScripting.Core\Dependencies\DotNetZip\Unity.VisualScripting.IonicZip.dll
Native extension for WindowsStandalone target not found
Refreshing native plugins compatible for Editor in 1.52 ms, found 3 plugins.
Preloading 0 native plugins for Editor in 0.00 ms.
Mono: successfully reloaded assembly
- Completed reload, in  1.977 seconds
Domain Reload Profiling:
	ReloadAssembly (1978ms)
		BeginReloadAssembly (171ms)
			ExecutionOrderSort (0ms)
			DisableScriptedObjects (5ms)
			BackupInstance (0ms)
			ReleaseScriptingObjects (0ms)
			CreateAndSetChildDomain (37ms)
		EndReloadAssembly (1577ms)
			LoadAssemblies (181ms)
			RebuildTransferFunctionScriptingTraits (0ms)
			SetupTypeCache (607ms)
			ReleaseScriptCaches (2ms)
			RebuildScriptCaches (72ms)
			SetupLoadedEditorAssemblies (597ms)
				LogAssemblyErrors (0ms)
				InitializePlatformSupportModulesInManaged (12ms)
				SetLoadedEditorAssemblies (1ms)
				RefreshPlugins (2ms)
				BeforeProcessingInitializeOnLoad (121ms)
				ProcessInitializeOnLoadAttributes (409ms)
				ProcessInitializeOnLoadMethodAttributes (34ms)
				AfterProcessingInitializeOnLoad (19ms)
				EditorAssembliesLoaded (0ms)
			ExecutionOrderSort2 (0ms)
			AwakeInstancesAfterBackupRestoration (13ms)
Platform modules already initialized, skipping
Refreshing native plugins compatible for Editor in 3.84 ms, found 3 plugins.
Preloading 0 native plugins for Editor in 0.00 ms.
Unloading 3053 Unused Serialized files (Serialized files now loaded: 0)
Unloading 15 unused Assets / (24.7 KB). Loaded Objects now: 3609.
Memory consumption went from 113.0 MB to 113.0 MB.
Total: 7.699000 ms (FindLiveObjects: 0.537900 ms CreateObjectMapping: 0.172700 ms MarkObjects: 6.904900 ms  DeleteObjects: 0.079300 ms)

AssetImportParameters requested are different than current active one (requested -> active):
  custom:video-decoder-ogg-theora: a1e56fd34408186e4bbccfd4996cb3dc -> 
  custom:container-muxer-webm: aa71ff27fc2769a1b78a27578f13a17b -> 
  custom:container-demuxer-webm: 4f35f7cbe854078d1ac9338744f61a02 -> 
  custom:video-encoder-webm-vp8: eb34c28f22e8b96e1ab97ce403110664 -> 
  custom:audio-encoder-webm-vorbis: bf7c407c2cedff20999df2af8eb42d56 -> 
  custom:framework-win-MediaFoundation: 216162199b28c13a410421893ffa2e32 -> 
  custom:container-demuxer-ogg: 62fdf1f143b41e24485cea50d1cbac27 -> 
  custom:video-decoder-webm-vp8: 9c59270c3fd7afecdb556c50c9e8de78 -> 
  custom:audio-decoder-ogg-vorbis: bf7c407c2cedff20999df2af8eb42d56 -> 
========================================================================
Received Prepare
Registering precompiled user dll's ...
Registered in 0.006892 seconds.
Begin MonoManager ReloadAssembly
Symbol file LoadedFromMemory doesn't match image C:\Users\pfran\Documents\GitHub\MULT-150\Pfrancia_Hour10\Library\PackageCache\com.unity.visualscripting@1.8.0\Editor\VisualScripting.Core\Dependencies\YamlDotNet\Unity.VisualScripting.YamlDotNet.dll
Symbol file LoadedFromMemory doesn't match image C:\Users\pfran\Documents\GitHub\MULT-150\Pfrancia_Hour10\Library\PackageCache\com.unity.visualscripting@1.8.0\Editor\VisualScripting.Core\Dependencies\DotNetZip\Unity.VisualScripting.IonicZip.dll
Native extension for WindowsStandalone target not found
Refreshing native plugins compatible for Editor in 0.75 ms, found 3 plugins.
Preloading 0 native plugins for Editor in 0.00 ms.
Mono: successfully reloaded assembly
- Completed reload, in  1.628 seconds
Domain Reload Profiling:
	ReloadAssembly (1629ms)
		BeginReloadAssembly (179ms)
			ExecutionOrderSort (0ms)
			DisableScriptedObjects (5ms)
			BackupInstance (0ms)
			ReleaseScriptingObjects (0ms)
			CreateAndSetChildDomain (39ms)
		EndReloadAssembly (1339ms)
			LoadAssemblies (128ms)
			RebuildTransferFunctionScriptingTraits (0ms)
			SetupTypeCache (522ms)
			ReleaseScriptCaches (3ms)
			RebuildScriptCaches (76ms)
			SetupLoadedEditorAssemblies (485ms)
				LogAssemblyErrors (0ms)
				InitializePlatformSupportModulesInManaged (12ms)
				SetLoadedEditorAssemblies (1ms)
				RefreshPlugins (1ms)
				BeforeProcessingInitializeOnLoad (105ms)
				ProcessInitializeOnLoadAttributes (320ms)
				ProcessInitializeOnLoadMethodAttributes (30ms)
				AfterProcessingInitializeOnLoad (15ms)
				EditorAssembliesLoaded (1ms)
			ExecutionOrderSort2 (0ms)
			AwakeInstancesAfterBackupRestoration (40ms)
Platform modules already initialized, skipping
Refreshing native plugins compatible for Editor in 2.96 ms, found 3 plugins.
Preloading 0 native plugins for Editor in 0.00 ms.
Unloading 3053 Unused Serialized files (Serialized files now loaded: 0)
Unloading 15 unused Assets / (24.7 KB). Loaded Objects now: 3612.
Memory consumption went from 113.0 MB to 113.0 MB.
Total: 3.259100 ms (FindLiveObjects: 0.417600 ms CreateObjectMapping: 0.113600 ms MarkObjects: 2.678600 ms  DeleteObjects: 0.047200 ms)

AssetImportParameters requested are different than current active one (requested -> active):
  custom:video-decoder-ogg-theora: a1e56fd34408186e4bbccfd4996cb3dc -> 
  custom:container-muxer-webm: aa71ff27fc2769a1b78a27578f13a17b -> 
  custom:container-demuxer-webm: 4f35f7cbe854078d1ac9338744f61a02 -> 
  custom:video-encoder-webm-vp8: eb34c28f22e8b96e1ab97ce403110664 -> 
  custom:audio-encoder-webm-vorbis: bf7c407c2cedff20999df2af8eb42d56 -> 
  custom:framework-win-MediaFoundation: 216162199b28c13a410421893ffa2e32 -> 
  custom:container-demuxer-ogg: 62fdf1f143b41e24485cea50d1cbac27 -> 
  custom:video-decoder-webm-vp8: 9c59270c3fd7afecdb556c50c9e8de78 -> 
  custom:audio-decoder-ogg-vorbis: bf7c407c2cedff20999df2af8eb42d56 -> 
========================================================================
Received Prepare
Registering precompiled user dll's ...
Registered in 0.008185 seconds.
Begin MonoManager ReloadAssembly
Symbol file LoadedFromMemory doesn't match image C:\Users\pfran\Documents\GitHub\MULT-150\Pfrancia_Hour10\Library\PackageCache\com.unity.visualscripting@1.8.0\Editor\VisualScripting.Core\Dependencies\YamlDotNet\Unity.VisualScripting.YamlDotNet.dll
Symbol file LoadedFromMemory doesn't match image C:\Users\pfran\Documents\GitHub\MULT-150\Pfrancia_Hour10\Library\PackageCache\com.unity.visualscripting@1.8.0\Editor\VisualScripting.Core\Dependencies\DotNetZip\Unity.VisualScripting.IonicZip.dll
Native extension for WindowsStandalone target not found
Refreshing native plugins compatible for Editor in 1.12 ms, found 3 plugins.
Preloading 0 native plugins for Editor in 0.00 ms.
Mono: successfully reloaded assembly
- Completed reload, in  1.772 seconds
Domain Reload Profiling:
	ReloadAssembly (1774ms)
		BeginReloadAssembly (175ms)
			ExecutionOrderSort (0ms)
			DisableScriptedObjects (5ms)
			BackupInstance (0ms)
			ReleaseScriptingObjects (0ms)
			CreateAndSetChildDomain (37ms)
		EndReloadAssembly (1486ms)
			LoadAssemblies (143ms)
			RebuildTransferFunctionScriptingTraits (0ms)
			SetupTypeCache (530ms)
			ReleaseScriptCaches (2ms)
			RebuildScriptCaches (131ms)
			SetupLoadedEditorAssemblies (582ms)
				LogAssemblyErrors (0ms)
				InitializePlatformSupportModulesInManaged (13ms)
				SetLoadedEditorAssemblies (1ms)
				RefreshPlugins (1ms)
				BeforeProcessingInitializeOnLoad (125ms)
				ProcessInitializeOnLoadAttributes (383ms)
				ProcessInitializeOnLoadMethodAttributes (40ms)
				AfterProcessingInitializeOnLoad (20ms)
				EditorAssembliesLoaded (0ms)
			ExecutionOrderSort2 (0ms)
			AwakeInstancesAfterBackupRestoration (14ms)
Platform modules already initialized, skipping
Refreshing native plugins compatible for Editor in 3.64 ms, found 3 plugins.
Preloading 0 native plugins for Editor in 0.00 ms.
Unloading 3053 Unused Serialized files (Serialized files now loaded: 0)
Unloading 15 unused Assets / (24.7 KB). Loaded Objects now: 3615.
Memory consumption went from 113.0 MB to 113.0 MB.
Total: 6.221000 ms (FindLiveObjects: 1.208600 ms CreateObjectMapping: 0.567400 ms MarkObjects: 4.408600 ms  DeleteObjects: 0.034000 ms)

AssetImportParameters requested are different than current active one (requested -> active):
  custom:video-decoder-ogg-theora: a1e56fd34408186e4bbccfd4996cb3dc -> 
  custom:container-muxer-webm: aa71ff27fc2769a1b78a27578f13a17b -> 
  custom:container-demuxer-webm: 4f35f7cbe854078d1ac9338744f61a02 -> 
  custom:video-encoder-webm-vp8: eb34c28f22e8b96e1ab97ce403110664 -> 
  custom:audio-encoder-webm-vorbis: bf7c407c2cedff20999df2af8eb42d56 -> 
  custom:framework-win-MediaFoundation: 216162199b28c13a410421893ffa2e32 -> 
  custom:container-demuxer-ogg: 62fdf1f143b41e24485cea50d1cbac27 -> 
  custom:video-decoder-webm-vp8: 9c59270c3fd7afecdb556c50c9e8de78 -> 
  custom:audio-decoder-ogg-vorbis: bf7c407c2cedff20999df2af8eb42d56 -> 
========================================================================
Received Prepare
Registering precompiled user dll's ...
Registered in 0.008474 seconds.
Begin MonoManager ReloadAssembly
Symbol file LoadedFromMemory doesn't match image C:\Users\pfran\Documents\GitHub\MULT-150\Pfrancia_Hour10\Library\PackageCache\com.unity.visualscripting@1.8.0\Editor\VisualScripting.Core\Dependencies\YamlDotNet\Unity.VisualScripting.YamlDotNet.dll
Symbol file LoadedFromMemory doesn't match image C:\Users\pfran\Documents\GitHub\MULT-150\Pfrancia_Hour10\Library\PackageCache\com.unity.visualscripting@1.8.0\Editor\VisualScripting.Core\Dependencies\DotNetZip\Unity.VisualScripting.IonicZip.dll
Native extension for WindowsStandalone target not found
Refreshing native plugins compatible for Editor in 1.92 ms, found 3 plugins.
Preloading 0 native plugins for Editor in 0.00 ms.
Mono: successfully reloaded assembly
- Completed reload, in  1.703 seconds
Domain Reload Profiling:
	ReloadAssembly (1705ms)
		BeginReloadAssembly (172ms)
			ExecutionOrderSort (0ms)
			DisableScriptedObjects (5ms)
			BackupInstance (0ms)
			ReleaseScriptingObjects (0ms)
			CreateAndSetChildDomain (41ms)
		EndReloadAssembly (1424ms)
			LoadAssemblies (116ms)
			RebuildTransferFunctionScriptingTraits (0ms)
			SetupTypeCache (479ms)
			ReleaseScriptCaches (2ms)
			RebuildScriptCaches (77ms)
			SetupLoadedEditorAssemblies (623ms)
				LogAssemblyErrors (0ms)
				InitializePlatformSupportModulesInManaged (26ms)
				SetLoadedEditorAssemblies (3ms)
				RefreshPlugins (2ms)
				BeforeProcessingInitializeOnLoad (173ms)
				ProcessInitializeOnLoadAttributes (364ms)
				ProcessInitializeOnLoadMethodAttributes (37ms)
				AfterProcessingInitializeOnLoad (19ms)
				EditorAssembliesLoaded (0ms)
			ExecutionOrderSort2 (0ms)
			AwakeInstancesAfterBackupRestoration (14ms)
Platform modules already initialized, skipping
Refreshing native plugins compatible for Editor in 3.47 ms, found 3 plugins.
Preloading 0 native plugins for Editor in 0.00 ms.
Unloading 3053 Unused Serialized files (Serialized files now loaded: 0)
Unloading 15 unused Assets / (24.7 KB). Loaded Objects now: 3618.
Memory consumption went from 113.0 MB to 113.0 MB.
Total: 5.702300 ms (FindLiveObjects: 0.628100 ms CreateObjectMapping: 0.170800 ms MarkObjects: 4.832100 ms  DeleteObjects: 0.069500 ms)

AssetImportParameters requested are different than current active one (requested -> active):
  custom:video-decoder-ogg-theora: a1e56fd34408186e4bbccfd4996cb3dc -> 
  custom:container-muxer-webm: aa71ff27fc2769a1b78a27578f13a17b -> 
  custom:container-demuxer-webm: 4f35f7cbe854078d1ac9338744f61a02 -> 
  custom:video-encoder-webm-vp8: eb34c28f22e8b96e1ab97ce403110664 -> 
  custom:audio-encoder-webm-vorbis: bf7c407c2cedff20999df2af8eb42d56 -> 
  custom:framework-win-MediaFoundation: 216162199b28c13a410421893ffa2e32 -> 
  custom:container-demuxer-ogg: 62fdf1f143b41e24485cea50d1cbac27 -> 
  custom:video-decoder-webm-vp8: 9c59270c3fd7afecdb556c50c9e8de78 -> 
  custom:audio-decoder-ogg-vorbis: bf7c407c2cedff20999df2af8eb42d56 -> 
========================================================================
Received Prepare
Registering precompiled user dll's ...
Registered in 0.008829 seconds.
Begin MonoManager ReloadAssembly
Symbol file LoadedFromMemory doesn't match image C:\Users\pfran\Documents\GitHub\MULT-150\Pfrancia_Hour10\Library\PackageCache\com.unity.visualscripting@1.8.0\Editor\VisualScripting.Core\Dependencies\YamlDotNet\Unity.VisualScripting.YamlDotNet.dll
Symbol file LoadedFromMemory doesn't match image C:\Users\pfran\Documents\GitHub\MULT-150\Pfrancia_Hour10\Library\PackageCache\com.unity.visualscripting@1.8.0\Editor\VisualScripting.Core\Dependencies\DotNetZip\Unity.VisualScripting.IonicZip.dll
Native extension for WindowsStandalone target not found
Refreshing native plugins compatible for Editor in 4.22 ms, found 3 plugins.
Preloading 0 native plugins for Editor in 0.00 ms.
Mono: successfully reloaded assembly
- Completed reload, in  1.716 seconds
Domain Reload Profiling:
	ReloadAssembly (1718ms)
		BeginReloadAssembly (180ms)
			ExecutionOrderSort (0ms)
			DisableScriptedObjects (5ms)
			BackupInstance (0ms)
			ReleaseScriptingObjects (0ms)
			CreateAndSetChildDomain (40ms)
		EndReloadAssembly (1426ms)
			LoadAssemblies (126ms)
			RebuildTransferFunctionScriptingTraits (0ms)
			SetupTypeCache (492ms)
			ReleaseScriptCaches (4ms)
			RebuildScriptCaches (80ms)
			SetupLoadedEditorAssemblies (606ms)
				LogAssemblyErrors (0ms)
				InitializePlatformSupportModulesInManaged (19ms)
				SetLoadedEditorAssemblies (1ms)
				RefreshPlugins (4ms)
				BeforeProcessingInitializeOnLoad (142ms)
				ProcessInitializeOnLoadAttributes (380ms)
				ProcessInitializeOnLoadMethodAttributes (38ms)
				AfterProcessingInitializeOnLoad (20ms)
				EditorAssembliesLoaded (1ms)
			ExecutionOrderSort2 (0ms)
			AwakeInstancesAfterBackupRestoration (11ms)
Platform modules already initialized, skipping
Refreshing native plugins compatible for Editor in 5.18 ms, found 3 plugins.
Preloading 0 native plugins for Editor in 0.00 ms.
Unloading 3053 Unused Serialized files (Serialized files now loaded: 0)
Unloading 15 unused Assets / (24.7 KB). Loaded Objects now: 3621.
Memory consumption went from 113.0 MB to 113.0 MB.
Total: 6.724400 ms (FindLiveObjects: 1.003200 ms CreateObjectMapping: 0.300400 ms MarkObjects: 5.381000 ms  DeleteObjects: 0.038100 ms)

AssetImportParameters requested are different than current active one (requested -> active):
  custom:video-decoder-ogg-theora: a1e56fd34408186e4bbccfd4996cb3dc -> 
  custom:container-muxer-webm: aa71ff27fc2769a1b78a27578f13a17b -> 
  custom:container-demuxer-webm: 4f35f7cbe854078d1ac9338744f61a02 -> 
  custom:video-encoder-webm-vp8: eb34c28f22e8b96e1ab97ce403110664 -> 
  custom:audio-encoder-webm-vorbis: bf7c407c2cedff20999df2af8eb42d56 -> 
  custom:framework-win-MediaFoundation: 216162199b28c13a410421893ffa2e32 -> 
  custom:container-demuxer-ogg: 62fdf1f143b41e24485cea50d1cbac27 -> 
  custom:video-decoder-webm-vp8: 9c59270c3fd7afecdb556c50c9e8de78 -> 
  custom:audio-decoder-ogg-vorbis: bf7c407c2cedff20999df2af8eb42d56 -> 
========================================================================
Received Prepare
Registering precompiled user dll's ...
Registered in 0.018042 seconds.
Begin MonoManager ReloadAssembly
Symbol file LoadedFromMemory doesn't match image C:\Users\pfran\Documents\GitHub\MULT-150\Pfrancia_Hour10\Library\PackageCache\com.unity.visualscripting@1.8.0\Editor\VisualScripting.Core\Dependencies\YamlDotNet\Unity.VisualScripting.YamlDotNet.dll
Symbol file LoadedFromMemory doesn't match image C:\Users\pfran\Documents\GitHub\MULT-150\Pfrancia_Hour10\Library\PackageCache\com.unity.visualscripting@1.8.0\Editor\VisualScripting.Core\Dependencies\DotNetZip\Unity.VisualScripting.IonicZip.dll
Native extension for WindowsStandalone target not found
Refreshing native plugins compatible for Editor in 1.29 ms, found 3 plugins.
Preloading 0 native plugins for Editor in 0.00 ms.
Mono: successfully reloaded assembly
- Completed reload, in  1.933 seconds
Domain Reload Profiling:
	ReloadAssembly (1934ms)
		BeginReloadAssembly (186ms)
			ExecutionOrderSort (0ms)
			DisableScriptedObjects (7ms)
			BackupInstance (0ms)
			ReleaseScriptingObjects (0ms)
			CreateAndSetChildDomain (42ms)
		EndReloadAssembly (1620ms)
			LoadAssemblies (136ms)
			RebuildTransferFunctionScriptingTraits (0ms)
			SetupTypeCache (619ms)
			ReleaseScriptCaches (3ms)
			RebuildScriptCaches (146ms)
			SetupLoadedEditorAssemblies (617ms)
				LogAssemblyErrors (0ms)
				InitializePlatformSupportModulesInManaged (13ms)
				SetLoadedEditorAssemblies (1ms)
				RefreshPlugins (2ms)
				BeforeProcessingInitializeOnLoad (125ms)
				ProcessInitializeOnLoadAttributes (425ms)
				ProcessInitializeOnLoadMethodAttributes (36ms)
				AfterProcessingInitializeOnLoad (15ms)
				EditorAssembliesLoaded (0ms)
			ExecutionOrderSort2 (0ms)
			AwakeInstancesAfterBackupRestoration (15ms)
Platform modules already initialized, skipping
Refreshing native plugins compatible for Editor in 3.85 ms, found 3 plugins.
Preloading 0 native plugins for Editor in 0.00 ms.
Unloading 3053 Unused Serialized files (Serialized files now loaded: 0)
Unloading 15 unused Assets / (24.6 KB). Loaded Objects now: 3624.
Memory consumption went from 113.0 MB to 113.0 MB.
Total: 6.489500 ms (FindLiveObjects: 0.696500 ms CreateObjectMapping: 0.192100 ms MarkObjects: 5.541200 ms  DeleteObjects: 0.057200 ms)

AssetImportParameters requested are different than current active one (requested -> active):
  custom:video-decoder-ogg-theora: a1e56fd34408186e4bbccfd4996cb3dc -> 
  custom:container-muxer-webm: aa71ff27fc2769a1b78a27578f13a17b -> 
  custom:container-demuxer-webm: 4f35f7cbe854078d1ac9338744f61a02 -> 
  custom:video-encoder-webm-vp8: eb34c28f22e8b96e1ab97ce403110664 -> 
  custom:audio-encoder-webm-vorbis: bf7c407c2cedff20999df2af8eb42d56 -> 
  custom:framework-win-MediaFoundation: 216162199b28c13a410421893ffa2e32 -> 
  custom:container-demuxer-ogg: 62fdf1f143b41e24485cea50d1cbac27 -> 
  custom:video-decoder-webm-vp8: 9c59270c3fd7afecdb556c50c9e8de78 -> 
  custom:audio-decoder-ogg-vorbis: bf7c407c2cedff20999df2af8eb42d56 -> 
========================================================================
Received Prepare
Registering precompiled user dll's ...
Registered in 0.014058 seconds.
Begin MonoManager ReloadAssembly
Symbol file LoadedFromMemory doesn't match image C:\Users\pfran\Documents\GitHub\MULT-150\Pfrancia_Hour10\Library\PackageCache\com.unity.visualscripting@1.8.0\Editor\VisualScripting.Core\Dependencies\YamlDotNet\Unity.VisualScripting.YamlDotNet.dll
Symbol file LoadedFromMemory doesn't match image C:\Users\pfran\Documents\GitHub\MULT-150\Pfrancia_Hour10\Library\PackageCache\com.unity.visualscripting@1.8.0\Editor\VisualScripting.Core\Dependencies\DotNetZip\Unity.VisualScripting.IonicZip.dll
Native extension for WindowsStandalone target not found
Refreshing native plugins compatible for Editor in 2.44 ms, found 3 plugins.
Preloading 0 native plugins for Editor in 0.00 ms.
Mono: successfully reloaded assembly
- Completed reload, in  2.663 seconds
Domain Reload Profiling:
	ReloadAssembly (2664ms)
		BeginReloadAssembly (183ms)
			ExecutionOrderSort (0ms)
			DisableScriptedObjects (5ms)
			BackupInstance (0ms)
			ReleaseScriptingObjects (0ms)
			CreateAndSetChildDomain (39ms)
		EndReloadAssembly (2369ms)
			LoadAssemblies (131ms)
			RebuildTransferFunctionScriptingTraits (0ms)
			SetupTypeCache (554ms)
			ReleaseScriptCaches (3ms)
			RebuildScriptCaches (72ms)
			SetupLoadedEditorAssemblies (1486ms)
				LogAssemblyErrors (0ms)
				InitializePlatformSupportModulesInManaged (17ms)
				SetLoadedEditorAssemblies (1ms)
				RefreshPlugins (3ms)
				BeforeProcessingInitializeOnLoad (614ms)
				ProcessInitializeOnLoadAttributes (688ms)
				ProcessInitializeOnLoadMethodAttributes (126ms)
				AfterProcessingInitializeOnLoad (38ms)
				EditorAssembliesLoaded (1ms)
			ExecutionOrderSort2 (0ms)
			AwakeInstancesAfterBackupRestoration (14ms)
Platform modules already initialized, skipping
Refreshing native plugins compatible for Editor in 2.14 ms, found 3 plugins.
Preloading 0 native plugins for Editor in 0.00 ms.
Unloading 3053 Unused Serialized files (Serialized files now loaded: 0)
Unloading 15 unused Assets / (24.7 KB). Loaded Objects now: 3627.
Memory consumption went from 113.0 MB to 113.0 MB.
Total: 3.562200 ms (FindLiveObjects: 0.389500 ms CreateObjectMapping: 0.116600 ms MarkObjects: 3.012300 ms  DeleteObjects: 0.041400 ms)

AssetImportParameters requested are different than current active one (requested -> active):
  custom:video-decoder-ogg-theora: a1e56fd34408186e4bbccfd4996cb3dc -> 
  custom:container-muxer-webm: aa71ff27fc2769a1b78a27578f13a17b -> 
  custom:container-demuxer-webm: 4f35f7cbe854078d1ac9338744f61a02 -> 
  custom:video-encoder-webm-vp8: eb34c28f22e8b96e1ab97ce403110664 -> 
  custom:audio-encoder-webm-vorbis: bf7c407c2cedff20999df2af8eb42d56 -> 
  custom:framework-win-MediaFoundation: 216162199b28c13a410421893ffa2e32 -> 
  custom:container-demuxer-ogg: 62fdf1f143b41e24485cea50d1cbac27 -> 
  custom:video-decoder-webm-vp8: 9c59270c3fd7afecdb556c50c9e8de78 -> 
  custom:audio-decoder-ogg-vorbis: bf7c407c2cedff20999df2af8eb42d56 -> 
========================================================================
Received Prepare
Registering precompiled user dll's ...
Registered in 0.008314 seconds.
Begin MonoManager ReloadAssembly
Symbol file LoadedFromMemory doesn't match image C:\Users\pfran\Documents\GitHub\MULT-150\Pfrancia_Hour10\Library\PackageCache\com.unity.visualscripting@1.8.0\Editor\VisualScripting.Core\Dependencies\YamlDotNet\Unity.VisualScripting.YamlDotNet.dll
Symbol file LoadedFromMemory doesn't match image C:\Users\pfran\Documents\GitHub\MULT-150\Pfrancia_Hour10\Library\PackageCache\com.unity.visualscripting@1.8.0\Editor\VisualScripting.Core\Dependencies\DotNetZip\Unity.VisualScripting.IonicZip.dll
Native extension for WindowsStandalone target not found
Refreshing native plugins compatible for Editor in 0.65 ms, found 3 plugins.
Preloading 0 native plugins for Editor in 0.00 ms.
Mono: successfully reloaded assembly
- Completed reload, in  1.539 seconds
Domain Reload Profiling:
	ReloadAssembly (1540ms)
		BeginReloadAssembly (218ms)
			ExecutionOrderSort (0ms)
			DisableScriptedObjects (7ms)
			BackupInstance (0ms)
			ReleaseScriptingObjects (0ms)
			CreateAndSetChildDomain (55ms)
		EndReloadAssembly (1210ms)
			LoadAssemblies (147ms)
			RebuildTransferFunctionScriptingTraits (0ms)
			SetupTypeCache (470ms)
			ReleaseScriptCaches (1ms)
			RebuildScriptCaches (61ms)
			SetupLoadedEditorAssemblies (490ms)
				LogAssemblyErrors (0ms)
				InitializePlatformSupportModulesInManaged (11ms)
				SetLoadedEditorAssemblies (1ms)
				RefreshPlugins (1ms)
				BeforeProcessingInitializeOnLoad (125ms)
				ProcessInitializeOnLoadAttributes (305ms)
				ProcessInitializeOnLoadMethodAttributes (26ms)
				AfterProcessingInitializeOnLoad (20ms)
				EditorAssembliesLoaded (1ms)
			ExecutionOrderSort2 (0ms)
			AwakeInstancesAfterBackupRestoration (12ms)
Platform modules already initialized, skipping
Refreshing native plugins compatible for Editor in 2.61 ms, found 3 plugins.
Preloading 0 native plugins for Editor in 0.00 ms.
Unloading 3053 Unused Serialized files (Serialized files now loaded: 0)
Unloading 15 unused Assets / (24.6 KB). Loaded Objects now: 3630.
Memory consumption went from 113.0 MB to 113.0 MB.
Total: 5.126500 ms (FindLiveObjects: 0.543000 ms CreateObjectMapping: 0.161600 ms MarkObjects: 4.365800 ms  DeleteObjects: 0.053500 ms)

AssetImportParameters requested are different than current active one (requested -> active):
  custom:video-decoder-ogg-theora: a1e56fd34408186e4bbccfd4996cb3dc -> 
  custom:container-muxer-webm: aa71ff27fc2769a1b78a27578f13a17b -> 
  custom:container-demuxer-webm: 4f35f7cbe854078d1ac9338744f61a02 -> 
  custom:video-encoder-webm-vp8: eb34c28f22e8b96e1ab97ce403110664 -> 
  custom:audio-encoder-webm-vorbis: bf7c407c2cedff20999df2af8eb42d56 -> 
  custom:framework-win-MediaFoundation: 216162199b28c13a410421893ffa2e32 -> 
  custom:container-demuxer-ogg: 62fdf1f143b41e24485cea50d1cbac27 -> 
  custom:video-decoder-webm-vp8: 9c59270c3fd7afecdb556c50c9e8de78 -> 
  custom:audio-decoder-ogg-vorbis: bf7c407c2cedff20999df2af8eb42d56 -> 
========================================================================
Received Prepare
Registering precompiled user dll's ...
Registered in 0.008411 seconds.
Begin MonoManager ReloadAssembly
Symbol file LoadedFromMemory doesn't match image C:\Users\pfran\Documents\GitHub\MULT-150\Pfrancia_Hour10\Library\PackageCache\com.unity.visualscripting@1.8.0\Editor\VisualScripting.Core\Dependencies\YamlDotNet\Unity.VisualScripting.YamlDotNet.dll
Symbol file LoadedFromMemory doesn't match image C:\Users\pfran\Documents\GitHub\MULT-150\Pfrancia_Hour10\Library\PackageCache\com.unity.visualscripting@1.8.0\Editor\VisualScripting.Core\Dependencies\DotNetZip\Unity.VisualScripting.IonicZip.dll
Native extension for WindowsStandalone target not found
Refreshing native plugins compatible for Editor in 3.46 ms, found 3 plugins.
Preloading 0 native plugins for Editor in 0.00 ms.
Mono: successfully reloaded assembly
- Completed reload, in  1.925 seconds
Domain Reload Profiling:
	ReloadAssembly (1927ms)
		BeginReloadAssembly (176ms)
			ExecutionOrderSort (0ms)
			DisableScriptedObjects (15ms)
			BackupInstance (0ms)
			ReleaseScriptingObjects (0ms)
			CreateAndSetChildDomain (36ms)
		EndReloadAssembly (1558ms)
			LoadAssemblies (146ms)
			RebuildTransferFunctionScriptingTraits (0ms)
			SetupTypeCache (617ms)
			ReleaseScriptCaches (6ms)
			RebuildScriptCaches (85ms)
			SetupLoadedEditorAssemblies (599ms)
				LogAssemblyErrors (0ms)
				InitializePlatformSupportModulesInManaged (11ms)
				SetLoadedEditorAssemblies (1ms)
				RefreshPlugins (4ms)
				BeforeProcessingInitializeOnLoad (126ms)
				ProcessInitializeOnLoadAttributes (391ms)
				ProcessInitializeOnLoadMethodAttributes (36ms)
				AfterProcessingInitializeOnLoad (31ms)
				EditorAssembliesLoaded (0ms)
			ExecutionOrderSort2 (0ms)
			AwakeInstancesAfterBackupRestoration (12ms)
Platform modules already initialized, skipping
Refreshing native plugins compatible for Editor in 3.69 ms, found 3 plugins.
Preloading 0 native plugins for Editor in 0.00 ms.
Unloading 3053 Unused Serialized files (Serialized files now loaded: 0)
Unloading 15 unused Assets / (24.6 KB). Loaded Objects now: 3633.
Memory consumption went from 113.0 MB to 113.0 MB.
Total: 6.426700 ms (FindLiveObjects: 1.057100 ms CreateObjectMapping: 0.379800 ms MarkObjects: 4.935900 ms  DeleteObjects: 0.051500 ms)

AssetImportParameters requested are different than current active one (requested -> active):
  custom:video-decoder-ogg-theora: a1e56fd34408186e4bbccfd4996cb3dc -> 
  custom:container-muxer-webm: aa71ff27fc2769a1b78a27578f13a17b -> 
  custom:container-demuxer-webm: 4f35f7cbe854078d1ac9338744f61a02 -> 
  custom:video-encoder-webm-vp8: eb34c28f22e8b96e1ab97ce403110664 -> 
  custom:audio-encoder-webm-vorbis: bf7c407c2cedff20999df2af8eb42d56 -> 
  custom:framework-win-MediaFoundation: 216162199b28c13a410421893ffa2e32 -> 
  custom:container-demuxer-ogg: 62fdf1f143b41e24485cea50d1cbac27 -> 
  custom:video-decoder-webm-vp8: 9c59270c3fd7afecdb556c50c9e8de78 -> 
  custom:audio-decoder-ogg-vorbis: bf7c407c2cedff20999df2af8eb42d56 -> 
========================================================================
Received Import Request.
  Time since last request: 897.867023 seconds.
  path: Assets/FirstPersonCharacter/Scripts
  artifactKey: Guid(fa84760dc25d1ca43afc40c86eb0dcb6) Importer(815301076,1909f56bfc062723c751e8b465ee728b)
Start importing Assets/FirstPersonCharacter/Scripts using Guid(fa84760dc25d1ca43afc40c86eb0dcb6) Importer(815301076,1909f56bfc062723c751e8b465ee728b)  -> (artifact id: '43a39257207be87427a17ee1cd4fa751') in 0.011982 seconds 
========================================================================
Received Import Request.
  Time since last request: 8.812635 seconds.
  path: Assets
  artifactKey: Guid(00000000000000001000000000000000) Importer(815301076,1909f56bfc062723c751e8b465ee728b)
Start importing Assets using Guid(00000000000000001000000000000000) Importer(815301076,1909f56bfc062723c751e8b465ee728b)  -> (artifact id: '79842766b460edbeab6a34051e857a80') in 0.003475 seconds 
========================================================================
Received Import Request.
  Time since last request: 13.294082 seconds.
  path: Assets/Scripts
  artifactKey: Guid(de42d410434f925418fa68af63b49896) Importer(815301076,1909f56bfc062723c751e8b465ee728b)
Start importing Assets/Scripts using Guid(de42d410434f925418fa68af63b49896) Importer(815301076,1909f56bfc062723c751e8b465ee728b)  -> (artifact id: '1701f0d7ae844024ad18c32395b64846') in 0.003481 seconds 
========================================================================
Received Import Request.
  Time since last request: 15.193841 seconds.
  path: Assets/Scripts/VelocityScript.cs
  artifactKey: Guid(2d82fdbed44f80848a5d30d0a7b78498) Importer(815301076,1909f56bfc062723c751e8b465ee728b)
Start importing Assets/Scripts/VelocityScript.cs using Guid(2d82fdbed44f80848a5d30d0a7b78498) Importer(815301076,1909f56bfc062723c751e8b465ee728b)  -> (artifact id: '32dacfe9fcea270180ef2bd19378187d') in 0.021089 seconds 
========================================================================
Received Prepare
Registering precompiled user dll's ...
Registered in 0.009225 seconds.
Begin MonoManager ReloadAssembly
Symbol file LoadedFromMemory doesn't match image C:\Users\pfran\Documents\GitHub\MULT-150\Pfrancia_Hour10\Library\PackageCache\com.unity.visualscripting@1.8.0\Editor\VisualScripting.Core\Dependencies\YamlDotNet\Unity.VisualScripting.YamlDotNet.dll
Symbol file LoadedFromMemory doesn't match image C:\Users\pfran\Documents\GitHub\MULT-150\Pfrancia_Hour10\Library\PackageCache\com.unity.visualscripting@1.8.0\Editor\VisualScripting.Core\Dependencies\DotNetZip\Unity.VisualScripting.IonicZip.dll
Native extension for WindowsStandalone target not found
Refreshing native plugins compatible for Editor in 0.58 ms, found 3 plugins.
Preloading 0 native plugins for Editor in 0.00 ms.
Mono: successfully reloaded assembly
- Completed reload, in  1.239 seconds
Domain Reload Profiling:
	ReloadAssembly (1239ms)
		BeginReloadAssembly (205ms)
			ExecutionOrderSort (0ms)
			DisableScriptedObjects (6ms)
			BackupInstance (0ms)
			ReleaseScriptingObjects (0ms)
			CreateAndSetChildDomain (40ms)
		EndReloadAssembly (828ms)
			LoadAssemblies (187ms)
			RebuildTransferFunctionScriptingTraits (0ms)
			SetupTypeCache (291ms)
			ReleaseScriptCaches (1ms)
			RebuildScriptCaches (44ms)
			SetupLoadedEditorAssemblies (312ms)
				LogAssemblyErrors (0ms)
				InitializePlatformSupportModulesInManaged (7ms)
				SetLoadedEditorAssemblies (0ms)
				RefreshPlugins (1ms)
				BeforeProcessingInitializeOnLoad (76ms)
				ProcessInitializeOnLoadAttributes (198ms)
				ProcessInitializeOnLoadMethodAttributes (18ms)
				AfterProcessingInitializeOnLoad (12ms)
				EditorAssembliesLoaded (0ms)
			ExecutionOrderSort2 (0ms)
			AwakeInstancesAfterBackupRestoration (6ms)
Platform modules already initialized, skipping
Refreshing native plugins compatible for Editor in 2.13 ms, found 3 plugins.
Preloading 0 native plugins for Editor in 0.00 ms.
Unloading 3054 Unused Serialized files (Serialized files now loaded: 0)
Unloading 15 unused Assets / (24.7 KB). Loaded Objects now: 3637.
Memory consumption went from 113.1 MB to 113.1 MB.
Total: 4.185300 ms (FindLiveObjects: 0.444300 ms CreateObjectMapping: 0.174200 ms MarkObjects: 3.534000 ms  DeleteObjects: 0.031000 ms)

AssetImportParameters requested are different than current active one (requested -> active):
  custom:video-decoder-ogg-theora: a1e56fd34408186e4bbccfd4996cb3dc -> 
  custom:container-muxer-webm: aa71ff27fc2769a1b78a27578f13a17b -> 
  custom:container-demuxer-webm: 4f35f7cbe854078d1ac9338744f61a02 -> 
  custom:video-encoder-webm-vp8: eb34c28f22e8b96e1ab97ce403110664 -> 
  custom:audio-encoder-webm-vorbis: bf7c407c2cedff20999df2af8eb42d56 -> 
  custom:framework-win-MediaFoundation: 216162199b28c13a410421893ffa2e32 -> 
  custom:container-demuxer-ogg: 62fdf1f143b41e24485cea50d1cbac27 -> 
  custom:video-decoder-webm-vp8: 9c59270c3fd7afecdb556c50c9e8de78 -> 
  custom:audio-decoder-ogg-vorbis: bf7c407c2cedff20999df2af8eb42d56 -> 
========================================================================
Received Import Request.
  Time since last request: 73.831591 seconds.
  path: Assets/Scripts/VelocityScript.cs
  artifactKey: Guid(2d82fdbed44f80848a5d30d0a7b78498) Importer(815301076,1909f56bfc062723c751e8b465ee728b)
Start importing Assets/Scripts/VelocityScript.cs using Guid(2d82fdbed44f80848a5d30d0a7b78498) Importer(815301076,1909f56bfc062723c751e8b465ee728b)  -> (artifact id: 'd1906209a66145fef587c8061e09ed8c') in 0.028003 seconds 
========================================================================
Received Prepare
Registering precompiled user dll's ...
Registered in 0.007765 seconds.
Begin MonoManager ReloadAssembly
Symbol file LoadedFromMemory doesn't match image C:\Users\pfran\Documents\GitHub\MULT-150\Pfrancia_Hour10\Library\PackageCache\com.unity.visualscripting@1.8.0\Editor\VisualScripting.Core\Dependencies\YamlDotNet\Unity.VisualScripting.YamlDotNet.dll
Symbol file LoadedFromMemory doesn't match image C:\Users\pfran\Documents\GitHub\MULT-150\Pfrancia_Hour10\Library\PackageCache\com.unity.visualscripting@1.8.0\Editor\VisualScripting.Core\Dependencies\DotNetZip\Unity.VisualScripting.IonicZip.dll
Native extension for WindowsStandalone target not found
Refreshing native plugins compatible for Editor in 0.59 ms, found 3 plugins.
Preloading 0 native plugins for Editor in 0.00 ms.
Mono: successfully reloaded assembly
- Completed reload, in  1.075 seconds
Domain Reload Profiling:
	ReloadAssembly (1075ms)
		BeginReloadAssembly (178ms)
			ExecutionOrderSort (0ms)
			DisableScriptedObjects (5ms)
			BackupInstance (0ms)
			ReleaseScriptingObjects (0ms)
			CreateAndSetChildDomain (42ms)
		EndReloadAssembly (756ms)
			LoadAssemblies (118ms)
			RebuildTransferFunctionScriptingTraits (0ms)
			SetupTypeCache (264ms)
			ReleaseScriptCaches (1ms)
			RebuildScriptCaches (45ms)
			SetupLoadedEditorAssemblies (319ms)
				LogAssemblyErrors (0ms)
				InitializePlatformSupportModulesInManaged (6ms)
				SetLoadedEditorAssemblies (0ms)
				RefreshPlugins (1ms)
				BeforeProcessingInitializeOnLoad (74ms)
				ProcessInitializeOnLoadAttributes (208ms)
				ProcessInitializeOnLoadMethodAttributes (19ms)
				AfterProcessingInitializeOnLoad (11ms)
				EditorAssembliesLoaded (0ms)
			ExecutionOrderSort2 (0ms)
			AwakeInstancesAfterBackupRestoration (6ms)
Platform modules already initialized, skipping
Refreshing native plugins compatible for Editor in 2.74 ms, found 3 plugins.
Preloading 0 native plugins for Editor in 0.00 ms.
Unloading 3054 Unused Serialized files (Serialized files now loaded: 0)
Unloading 15 unused Assets / (24.7 KB). Loaded Objects now: 3640.
Memory consumption went from 113.1 MB to 113.1 MB.
Total: 3.617400 ms (FindLiveObjects: 0.309300 ms CreateObjectMapping: 0.161800 ms MarkObjects: 3.114900 ms  DeleteObjects: 0.029800 ms)

AssetImportParameters requested are different than current active one (requested -> active):
  custom:video-decoder-ogg-theora: a1e56fd34408186e4bbccfd4996cb3dc -> 
  custom:container-muxer-webm: aa71ff27fc2769a1b78a27578f13a17b -> 
  custom:container-demuxer-webm: 4f35f7cbe854078d1ac9338744f61a02 -> 
  custom:video-encoder-webm-vp8: eb34c28f22e8b96e1ab97ce403110664 -> 
  custom:audio-encoder-webm-vorbis: bf7c407c2cedff20999df2af8eb42d56 -> 
  custom:framework-win-MediaFoundation: 216162199b28c13a410421893ffa2e32 -> 
  custom:container-demuxer-ogg: 62fdf1f143b41e24485cea50d1cbac27 -> 
  custom:video-decoder-webm-vp8: 9c59270c3fd7afecdb556c50c9e8de78 -> 
  custom:audio-decoder-ogg-vorbis: bf7c407c2cedff20999df2af8eb42d56 -> 
========================================================================
Received Import Request.
  Time since last request: 32.150233 seconds.
  path: Assets/Scripts/VelocityScript.cs
  artifactKey: Guid(2d82fdbed44f80848a5d30d0a7b78498) Importer(815301076,1909f56bfc062723c751e8b465ee728b)
Start importing Assets/Scripts/VelocityScript.cs using Guid(2d82fdbed44f80848a5d30d0a7b78498) Importer(815301076,1909f56bfc062723c751e8b465ee728b)  -> (artifact id: 'ff6ff082d5e7a2fe345f49165568e34e') in 0.010092 seconds 
========================================================================
Received Import Request.
  Time since last request: 207.635260 seconds.
  path: Assets/Materials/BlueBall.mat
  artifactKey: Guid(a6f913a68b844c049b324dff5d11e24f) Importer(815301076,1909f56bfc062723c751e8b465ee728b)
Start importing Assets/Materials/BlueBall.mat using Guid(a6f913a68b844c049b324dff5d11e24f) Importer(815301076,1909f56bfc062723c751e8b465ee728b)  -> (artifact id: '2a0ae7cf5babcf89371fbb13f1988590') in 0.132841 seconds 
========================================================================
Received Import Request.
  Time since last request: 113.623005 seconds.
  path: Assets/Materials/BlueBall 1.mat
  artifactKey: Guid(0c3e505cd2434ca4d815a77474a276e7) Importer(815301076,1909f56bfc062723c751e8b465ee728b)
Start importing Assets/Materials/BlueBall 1.mat using Guid(0c3e505cd2434ca4d815a77474a276e7) Importer(815301076,1909f56bfc062723c751e8b465ee728b)  -> (artifact id: '777ba97f50e0ae53fcd78e094ed23dc5') in 0.013072 seconds 
========================================================================
Received Import Request.
  Time since last request: 0.000135 seconds.
  path: Assets/Materials/ChaosBall.mat
  artifactKey: Guid(f0c0d7c3fcf9f064987a82bcd45c4dfe) Importer(815301076,1909f56bfc062723c751e8b465ee728b)
Start importing Assets/Materials/ChaosBall.mat using Guid(f0c0d7c3fcf9f064987a82bcd45c4dfe) Importer(815301076,1909f56bfc062723c751e8b465ee728b)  -> (artifact id: '562826469c7b5037220c5a7e320057ac') in 0.012440 seconds 
========================================================================
Received Import Request.
  Time since last request: 0.000041 seconds.
  path: Assets/Materials/Wall.mat
  artifactKey: Guid(d8da783187f44eb47a8a30159502d7b1) Importer(815301076,1909f56bfc062723c751e8b465ee728b)
Start importing Assets/Materials/Wall.mat using Guid(d8da783187f44eb47a8a30159502d7b1) Importer(815301076,1909f56bfc062723c751e8b465ee728b)  -> (artifact id: 'e8a4a51d09c55efe4a2dbc072c8628cc') in 0.021051 seconds 
========================================================================
Received Import Request.
  Time since last request: 0.000122 seconds.
  path: Assets/Materials/SuperBouncey.physicMaterial
  artifactKey: Guid(d1636c54908dd524ea950f3359b99015) Importer(815301076,1909f56bfc062723c751e8b465ee728b)
Start importing Assets/Materials/SuperBouncey.physicMaterial using Guid(d1636c54908dd524ea950f3359b99015) Importer(815301076,1909f56bfc062723c751e8b465ee728b)  -> (artifact id: 'f829f89db1a22228fdc15bae8fbf35ef') in 0.003512 seconds 
========================================================================
Received Import Request.
  Time since last request: 0.457268 seconds.
  path: Assets/Materials/BlueBall 2.mat
  artifactKey: Guid(81490ef01d4eb98498cb3379891aa0ce) Importer(815301076,1909f56bfc062723c751e8b465ee728b)
Start importing Assets/Materials/BlueBall 2.mat using Guid(81490ef01d4eb98498cb3379891aa0ce) Importer(815301076,1909f56bfc062723c751e8b465ee728b)  -> (artifact id: 'a179213f61c60f3325447e44ee5c18bd') in 0.010501 seconds 
========================================================================
Received Import Request.
  Time since last request: 0.736344 seconds.
  path: Assets/Materials/BlueBall 3.mat
  artifactKey: Guid(a34018d769aa81c43b6ee6f234087c1d) Importer(815301076,1909f56bfc062723c751e8b465ee728b)
Start importing Assets/Materials/BlueBall 3.mat using Guid(a34018d769aa81c43b6ee6f234087c1d) Importer(815301076,1909f56bfc062723c751e8b465ee728b)  -> (artifact id: '84f0ad5aafa9118e4722de9c668b4689') in 0.013802 seconds 
========================================================================
Received Import Request.
  Time since last request: 15.468547 seconds.
  path: Assets/Materials/RedBall.mat
  artifactKey: Guid(a34018d769aa81c43b6ee6f234087c1d) Importer(815301076,1909f56bfc062723c751e8b465ee728b)
Start importing Assets/Materials/RedBall.mat using Guid(a34018d769aa81c43b6ee6f234087c1d) Importer(815301076,1909f56bfc062723c751e8b465ee728b)  -> (artifact id: '51790b30fc214ac6fd3d65d8f7888658') in 0.018187 seconds 
========================================================================
Received Import Request.
  Time since last request: 15.575578 seconds.
  path: Assets/Materials/OrangeBall.mat
  artifactKey: Guid(81490ef01d4eb98498cb3379891aa0ce) Importer(815301076,1909f56bfc062723c751e8b465ee728b)
Start importing Assets/Materials/OrangeBall.mat using Guid(81490ef01d4eb98498cb3379891aa0ce) Importer(815301076,1909f56bfc062723c751e8b465ee728b)  -> (artifact id: 'ece1a80db22d84ea49f0258280d05c67') in 0.013185 seconds 
========================================================================
Received Import Request.
  Time since last request: 18.133102 seconds.
  path: Assets/Materials/GreenBall.mat
  artifactKey: Guid(0c3e505cd2434ca4d815a77474a276e7) Importer(815301076,1909f56bfc062723c751e8b465ee728b)
Start importing Assets/Materials/GreenBall.mat using Guid(0c3e505cd2434ca4d815a77474a276e7) Importer(815301076,1909f56bfc062723c751e8b465ee728b)  -> (artifact id: '68b36d39fa61d3c95b7d0f7d2e725f40') in 0.011048 seconds 
========================================================================
Received Prepare
Registering precompiled user dll's ...
Registered in 0.007149 seconds.
Begin MonoManager ReloadAssembly
Symbol file LoadedFromMemory doesn't match image C:\Users\pfran\Documents\GitHub\MULT-150\Pfrancia_Hour10\Library\PackageCache\com.unity.visualscripting@1.8.0\Editor\VisualScripting.Core\Dependencies\YamlDotNet\Unity.VisualScripting.YamlDotNet.dll
Symbol file LoadedFromMemory doesn't match image C:\Users\pfran\Documents\GitHub\MULT-150\Pfrancia_Hour10\Library\PackageCache\com.unity.visualscripting@1.8.0\Editor\VisualScripting.Core\Dependencies\DotNetZip\Unity.VisualScripting.IonicZip.dll
Native extension for WindowsStandalone target not found
Refreshing native plugins compatible for Editor in 1.40 ms, found 3 plugins.
Preloading 0 native plugins for Editor in 0.00 ms.
Mono: successfully reloaded assembly
- Completed reload, in  2.594 seconds
Domain Reload Profiling:
	ReloadAssembly (2597ms)
		BeginReloadAssembly (552ms)
			ExecutionOrderSort (0ms)
			DisableScriptedObjects (18ms)
			BackupInstance (0ms)
			ReleaseScriptingObjects (0ms)
			CreateAndSetChildDomain (245ms)
		EndReloadAssembly (1842ms)
			LoadAssemblies (273ms)
			RebuildTransferFunctionScriptingTraits (0ms)
			SetupTypeCache (663ms)
			ReleaseScriptCaches (3ms)
			RebuildScriptCaches (84ms)
			SetupLoadedEditorAssemblies (799ms)
				LogAssemblyErrors (0ms)
				InitializePlatformSupportModulesInManaged (11ms)
				SetLoadedEditorAssemblies (2ms)
				RefreshPlugins (2ms)
				BeforeProcessingInitializeOnLoad (149ms)
				ProcessInitializeOnLoadAttributes (571ms)
				ProcessInitializeOnLoadMethodAttributes (48ms)
				AfterProcessingInitializeOnLoad (15ms)
				EditorAssembliesLoaded (1ms)
			ExecutionOrderSort2 (0ms)
			AwakeInstancesAfterBackupRestoration (13ms)
Platform modules already initialized, skipping
Refreshing native plugins compatible for Editor in 2.27 ms, found 3 plugins.
Preloading 0 native plugins for Editor in 0.00 ms.
Unloading 3055 Unused Serialized files (Serialized files now loaded: 0)
Unloading 15 unused Assets / (24.7 KB). Loaded Objects now: 3644.
Memory consumption went from 113.1 MB to 113.1 MB.
Total: 5.115300 ms (FindLiveObjects: 0.364000 ms CreateObjectMapping: 0.104400 ms MarkObjects: 4.569800 ms  DeleteObjects: 0.075700 ms)

AssetImportParameters requested are different than current active one (requested -> active):
  custom:video-decoder-ogg-theora: a1e56fd34408186e4bbccfd4996cb3dc -> 
  custom:container-muxer-webm: aa71ff27fc2769a1b78a27578f13a17b -> 
  custom:container-demuxer-webm: 4f35f7cbe854078d1ac9338744f61a02 -> 
  custom:video-encoder-webm-vp8: eb34c28f22e8b96e1ab97ce403110664 -> 
  custom:audio-encoder-webm-vorbis: bf7c407c2cedff20999df2af8eb42d56 -> 
  custom:framework-win-MediaFoundation: 216162199b28c13a410421893ffa2e32 -> 
  custom:container-demuxer-ogg: 62fdf1f143b41e24485cea50d1cbac27 -> 
  custom:video-decoder-webm-vp8: 9c59270c3fd7afecdb556c50c9e8de78 -> 
  custom:audio-decoder-ogg-vorbis: bf7c407c2cedff20999df2af8eb42d56 -> 
========================================================================
Received Prepare
Registering precompiled user dll's ...
Registered in 0.007267 seconds.
Begin MonoManager ReloadAssembly
Symbol file LoadedFromMemory doesn't match image C:\Users\pfran\Documents\GitHub\MULT-150\Pfrancia_Hour10\Library\PackageCache\com.unity.visualscripting@1.8.0\Editor\VisualScripting.Core\Dependencies\YamlDotNet\Unity.VisualScripting.YamlDotNet.dll
Symbol file LoadedFromMemory doesn't match image C:\Users\pfran\Documents\GitHub\MULT-150\Pfrancia_Hour10\Library\PackageCache\com.unity.visualscripting@1.8.0\Editor\VisualScripting.Core\Dependencies\DotNetZip\Unity.VisualScripting.IonicZip.dll
Native extension for WindowsStandalone target not found
Refreshing native plugins compatible for Editor in 3.97 ms, found 3 plugins.
Preloading 0 native plugins for Editor in 0.00 ms.
Mono: successfully reloaded assembly
- Completed reload, in  1.734 seconds
Domain Reload Profiling:
	ReloadAssembly (1735ms)
		BeginReloadAssembly (211ms)
			ExecutionOrderSort (0ms)
			DisableScriptedObjects (6ms)
			BackupInstance (0ms)
			ReleaseScriptingObjects (0ms)
			CreateAndSetChildDomain (66ms)
		EndReloadAssembly (1413ms)
			LoadAssemblies (135ms)
			RebuildTransferFunctionScriptingTraits (0ms)
			SetupTypeCache (509ms)
			ReleaseScriptCaches (2ms)
			RebuildScriptCaches (76ms)
			SetupLoadedEditorAssemblies (578ms)
				LogAssemblyErrors (0ms)
				InitializePlatformSupportModulesInManaged (18ms)
				SetLoadedEditorAssemblies (1ms)
				RefreshPlugins (4ms)
				BeforeProcessingInitializeOnLoad (121ms)
				ProcessInitializeOnLoadAttributes (381ms)
				ProcessInitializeOnLoadMethodAttributes (36ms)
				AfterProcessingInitializeOnLoad (15ms)
				EditorAssembliesLoaded (0ms)
			ExecutionOrderSort2 (0ms)
			AwakeInstancesAfterBackupRestoration (12ms)
Platform modules already initialized, skipping
Refreshing native plugins compatible for Editor in 5.32 ms, found 3 plugins.
Preloading 0 native plugins for Editor in 0.00 ms.
Unloading 3054 Unused Serialized files (Serialized files now loaded: 0)
Unloading 15 unused Assets / (24.7 KB). Loaded Objects now: 3647.
Memory consumption went from 113.1 MB to 113.1 MB.
Total: 5.764500 ms (FindLiveObjects: 0.903300 ms CreateObjectMapping: 0.308300 ms MarkObjects: 4.502500 ms  DeleteObjects: 0.047800 ms)

AssetImportParameters requested are different than current active one (requested -> active):
  custom:video-decoder-ogg-theora: a1e56fd34408186e4bbccfd4996cb3dc -> 
  custom:container-muxer-webm: aa71ff27fc2769a1b78a27578f13a17b -> 
  custom:container-demuxer-webm: 4f35f7cbe854078d1ac9338744f61a02 -> 
  custom:video-encoder-webm-vp8: eb34c28f22e8b96e1ab97ce403110664 -> 
  custom:audio-encoder-webm-vorbis: bf7c407c2cedff20999df2af8eb42d56 -> 
  custom:framework-win-MediaFoundation: 216162199b28c13a410421893ffa2e32 -> 
  custom:container-demuxer-ogg: 62fdf1f143b41e24485cea50d1cbac27 -> 
  custom:video-decoder-webm-vp8: 9c59270c3fd7afecdb556c50c9e8de78 -> 
  custom:audio-decoder-ogg-vorbis: bf7c407c2cedff20999df2af8eb42d56 -> 
========================================================================
Received Prepare
Registering precompiled user dll's ...
Registered in 0.007363 seconds.
Begin MonoManager ReloadAssembly
Symbol file LoadedFromMemory doesn't match image C:\Users\pfran\Documents\GitHub\MULT-150\Pfrancia_Hour10\Library\PackageCache\com.unity.visualscripting@1.8.0\Editor\VisualScripting.Core\Dependencies\YamlDotNet\Unity.VisualScripting.YamlDotNet.dll
Symbol file LoadedFromMemory doesn't match image C:\Users\pfran\Documents\GitHub\MULT-150\Pfrancia_Hour10\Library\PackageCache\com.unity.visualscripting@1.8.0\Editor\VisualScripting.Core\Dependencies\DotNetZip\Unity.VisualScripting.IonicZip.dll
Native extension for WindowsStandalone target not found
Refreshing native plugins compatible for Editor in 1.12 ms, found 3 plugins.
Preloading 0 native plugins for Editor in 0.00 ms.
Mono: successfully reloaded assembly
- Completed reload, in  1.980 seconds
Domain Reload Profiling:
	ReloadAssembly (1981ms)
		BeginReloadAssembly (177ms)
			ExecutionOrderSort (0ms)
			DisableScriptedObjects (6ms)
			BackupInstance (0ms)
			ReleaseScriptingObjects (0ms)
			CreateAndSetChildDomain (38ms)
		EndReloadAssembly (1696ms)
			LoadAssemblies (125ms)
			RebuildTransferFunctionScriptingTraits (0ms)
			SetupTypeCache (476ms)
			ReleaseScriptCaches (4ms)
			RebuildScriptCaches (81ms)
			SetupLoadedEditorAssemblies (850ms)
				LogAssemblyErrors (0ms)
				InitializePlatformSupportModulesInManaged (19ms)
				SetLoadedEditorAssemblies (3ms)
				RefreshPlugins (2ms)
				BeforeProcessingInitializeOnLoad (162ms)
				ProcessInitializeOnLoadAttributes (602ms)
				ProcessInitializeOnLoadMethodAttributes (41ms)
				AfterProcessingInitializeOnLoad (21ms)
				EditorAssembliesLoaded (0ms)
			ExecutionOrderSort2 (0ms)
			AwakeInstancesAfterBackupRestoration (12ms)
Platform modules already initialized, skipping
Refreshing native plugins compatible for Editor in 4.32 ms, found 3 plugins.
Preloading 0 native plugins for Editor in 0.00 ms.
Unloading 3054 Unused Serialized files (Serialized files now loaded: 0)
Unloading 15 unused Assets / (24.6 KB). Loaded Objects now: 3650.
Memory consumption went from 113.1 MB to 113.1 MB.
Total: 4.770400 ms (FindLiveObjects: 1.024900 ms CreateObjectMapping: 0.377000 ms MarkObjects: 3.267000 ms  DeleteObjects: 0.099000 ms)

AssetImportParameters requested are different than current active one (requested -> active):
  custom:video-decoder-ogg-theora: a1e56fd34408186e4bbccfd4996cb3dc -> 
  custom:container-muxer-webm: aa71ff27fc2769a1b78a27578f13a17b -> 
  custom:container-demuxer-webm: 4f35f7cbe854078d1ac9338744f61a02 -> 
  custom:video-encoder-webm-vp8: eb34c28f22e8b96e1ab97ce403110664 -> 
  custom:audio-encoder-webm-vorbis: bf7c407c2cedff20999df2af8eb42d56 -> 
  custom:framework-win-MediaFoundation: 216162199b28c13a410421893ffa2e32 -> 
  custom:container-demuxer-ogg: 62fdf1f143b41e24485cea50d1cbac27 -> 
  custom:video-decoder-webm-vp8: 9c59270c3fd7afecdb556c50c9e8de78 -> 
  custom:audio-decoder-ogg-vorbis: bf7c407c2cedff20999df2af8eb42d56 -> 
========================================================================
Received Import Request.
  Time since last request: 1329.517518 seconds.
  path: Assets/Materials/BlueBall.mat
  artifactKey: Guid(a6f913a68b844c049b324dff5d11e24f) Importer(815301076,1909f56bfc062723c751e8b465ee728b)
Start importing Assets/Materials/BlueBall.mat using Guid(a6f913a68b844c049b324dff5d11e24f) Importer(815301076,1909f56bfc062723c751e8b465ee728b)  -> (artifact id: 'a39cf12ac2ce428ca5adfe790872a16f') in 0.087453 seconds 
========================================================================
Received Import Request.
  Time since last request: 0.000051 seconds.
  path: Assets/Materials/GreenBall.mat
  artifactKey: Guid(0c3e505cd2434ca4d815a77474a276e7) Importer(815301076,1909f56bfc062723c751e8b465ee728b)
Start importing Assets/Materials/GreenBall.mat using Guid(0c3e505cd2434ca4d815a77474a276e7) Importer(815301076,1909f56bfc062723c751e8b465ee728b)  -> (artifact id: 'f8467ac59a3efd9946048a1519233d8a') in 0.013387 seconds 
========================================================================
Received Import Request.
  Time since last request: 0.000082 seconds.
  path: Assets/Materials/RedBall.mat
  artifactKey: Guid(a34018d769aa81c43b6ee6f234087c1d) Importer(815301076,1909f56bfc062723c751e8b465ee728b)
Start importing Assets/Materials/RedBall.mat using Guid(a34018d769aa81c43b6ee6f234087c1d) Importer(815301076,1909f56bfc062723c751e8b465ee728b)  -> (artifact id: 'b494d53cee63ba9fcdb7c9e0397c8769') in 0.023298 seconds 
========================================================================
Received Import Request.
  Time since last request: 0.000036 seconds.
  path: Assets/Materials/OrangeBall.mat
  artifactKey: Guid(81490ef01d4eb98498cb3379891aa0ce) Importer(815301076,1909f56bfc062723c751e8b465ee728b)
Start importing Assets/Materials/OrangeBall.mat using Guid(81490ef01d4eb98498cb3379891aa0ce) Importer(815301076,1909f56bfc062723c751e8b465ee728b)  -> (artifact id: '0e241d9974e7c2dcb1f7d433cf70e706') in 0.015322 seconds 
========================================================================
Received Prepare
Registering precompiled user dll's ...
Registered in 0.008773 seconds.
Begin MonoManager ReloadAssembly
Symbol file LoadedFromMemory doesn't match image C:\Users\pfran\Documents\GitHub\MULT-150\Pfrancia_Hour10\Library\PackageCache\com.unity.visualscripting@1.8.0\Editor\VisualScripting.Core\Dependencies\YamlDotNet\Unity.VisualScripting.YamlDotNet.dll
Symbol file LoadedFromMemory doesn't match image C:\Users\pfran\Documents\GitHub\MULT-150\Pfrancia_Hour10\Library\PackageCache\com.unity.visualscripting@1.8.0\Editor\VisualScripting.Core\Dependencies\DotNetZip\Unity.VisualScripting.IonicZip.dll
Native extension for WindowsStandalone target not found
Refreshing native plugins compatible for Editor in 1.04 ms, found 3 plugins.
Preloading 0 native plugins for Editor in 0.00 ms.
Mono: successfully reloaded assembly
- Completed reload, in  1.929 seconds
Domain Reload Profiling:
	ReloadAssembly (1930ms)
		BeginReloadAssembly (217ms)
			ExecutionOrderSort (0ms)
			DisableScriptedObjects (4ms)
			BackupInstance (0ms)
			ReleaseScriptingObjects (0ms)
			CreateAndSetChildDomain (68ms)
		EndReloadAssembly (1590ms)
			LoadAssemblies (143ms)
			RebuildTransferFunctionScriptingTraits (0ms)
			SetupTypeCache (509ms)
			ReleaseScriptCaches (3ms)
			RebuildScriptCaches (79ms)
			SetupLoadedEditorAssemblies (773ms)
				LogAssemblyErrors (0ms)
				InitializePlatformSupportModulesInManaged (49ms)
				SetLoadedEditorAssemblies (1ms)
				RefreshPlugins (1ms)
				BeforeProcessingInitializeOnLoad (192ms)
				ProcessInitializeOnLoadAttributes (477ms)
				ProcessInitializeOnLoadMethodAttributes (32ms)
				AfterProcessingInitializeOnLoad (21ms)
				EditorAssembliesLoaded (1ms)
			ExecutionOrderSort2 (0ms)
			AwakeInstancesAfterBackupRestoration (12ms)
Platform modules already initialized, skipping
Refreshing native plugins compatible for Editor in 3.85 ms, found 3 plugins.
Preloading 0 native plugins for Editor in 0.00 ms.
Unloading 3054 Unused Serialized files (Serialized files now loaded: 0)
Unloading 15 unused Assets / (24.7 KB). Loaded Objects now: 3653.
Memory consumption went from 113.2 MB to 113.1 MB.
Total: 8.758700 ms (FindLiveObjects: 0.641100 ms CreateObjectMapping: 0.207700 ms MarkObjects: 7.781400 ms  DeleteObjects: 0.124800 ms)

AssetImportParameters requested are different than current active one (requested -> active):
  custom:video-decoder-ogg-theora: a1e56fd34408186e4bbccfd4996cb3dc -> 
  custom:container-muxer-webm: aa71ff27fc2769a1b78a27578f13a17b -> 
  custom:container-demuxer-webm: 4f35f7cbe854078d1ac9338744f61a02 -> 
  custom:video-encoder-webm-vp8: eb34c28f22e8b96e1ab97ce403110664 -> 
  custom:audio-encoder-webm-vorbis: bf7c407c2cedff20999df2af8eb42d56 -> 
  custom:framework-win-MediaFoundation: 216162199b28c13a410421893ffa2e32 -> 
  custom:container-demuxer-ogg: 62fdf1f143b41e24485cea50d1cbac27 -> 
  custom:video-decoder-webm-vp8: 9c59270c3fd7afecdb556c50c9e8de78 -> 
  custom:audio-decoder-ogg-vorbis: bf7c407c2cedff20999df2af8eb42d56 -> 
========================================================================
Received Prepare
Registering precompiled user dll's ...
Registered in 0.007025 seconds.
Begin MonoManager ReloadAssembly
Symbol file LoadedFromMemory doesn't match image C:\Users\pfran\Documents\GitHub\MULT-150\Pfrancia_Hour10\Library\PackageCache\com.unity.visualscripting@1.8.0\Editor\VisualScripting.Core\Dependencies\YamlDotNet\Unity.VisualScripting.YamlDotNet.dll
Symbol file LoadedFromMemory doesn't match image C:\Users\pfran\Documents\GitHub\MULT-150\Pfrancia_Hour10\Library\PackageCache\com.unity.visualscripting@1.8.0\Editor\VisualScripting.Core\Dependencies\DotNetZip\Unity.VisualScripting.IonicZip.dll
Native extension for WindowsStandalone target not found
Refreshing native plugins compatible for Editor in 1.46 ms, found 3 plugins.
Preloading 0 native plugins for Editor in 0.00 ms.
Mono: successfully reloaded assembly
- Completed reload, in  2.030 seconds
Domain Reload Profiling:
	ReloadAssembly (2032ms)
		BeginReloadAssembly (223ms)
			ExecutionOrderSort (0ms)
			DisableScriptedObjects (6ms)
			BackupInstance (0ms)
			ReleaseScriptingObjects (0ms)
			CreateAndSetChildDomain (48ms)
		EndReloadAssembly (1686ms)
			LoadAssemblies (156ms)
			RebuildTransferFunctionScriptingTraits (0ms)
			SetupTypeCache (753ms)
			ReleaseScriptCaches (2ms)
			RebuildScriptCaches (84ms)
			SetupLoadedEditorAssemblies (547ms)
				LogAssemblyErrors (0ms)
				InitializePlatformSupportModulesInManaged (14ms)
				SetLoadedEditorAssemblies (1ms)
				RefreshPlugins (2ms)
				BeforeProcessingInitializeOnLoad (114ms)
				ProcessInitializeOnLoadAttributes (361ms)
				ProcessInitializeOnLoadMethodAttributes (33ms)
				AfterProcessingInitializeOnLoad (23ms)
				EditorAssembliesLoaded (1ms)
			ExecutionOrderSort2 (0ms)
			AwakeInstancesAfterBackupRestoration (27ms)
Platform modules already initialized, skipping
Refreshing native plugins compatible for Editor in 4.12 ms, found 3 plugins.
Preloading 0 native plugins for Editor in 0.00 ms.
Unloading 3054 Unused Serialized files (Serialized files now loaded: 0)
Unloading 15 unused Assets / (24.7 KB). Loaded Objects now: 3656.
Memory consumption went from 113.2 MB to 113.1 MB.
Total: 6.641700 ms (FindLiveObjects: 0.959700 ms CreateObjectMapping: 0.184500 ms MarkObjects: 5.369300 ms  DeleteObjects: 0.125600 ms)

AssetImportParameters requested are different than current active one (requested -> active):
  custom:video-decoder-ogg-theora: a1e56fd34408186e4bbccfd4996cb3dc -> 
  custom:container-muxer-webm: aa71ff27fc2769a1b78a27578f13a17b -> 
  custom:container-demuxer-webm: 4f35f7cbe854078d1ac9338744f61a02 -> 
  custom:video-encoder-webm-vp8: eb34c28f22e8b96e1ab97ce403110664 -> 
  custom:audio-encoder-webm-vorbis: bf7c407c2cedff20999df2af8eb42d56 -> 
  custom:framework-win-MediaFoundation: 216162199b28c13a410421893ffa2e32 -> 
  custom:container-demuxer-ogg: 62fdf1f143b41e24485cea50d1cbac27 -> 
  custom:video-decoder-webm-vp8: 9c59270c3fd7afecdb556c50c9e8de78 -> 
  custom:audio-decoder-ogg-vorbis: bf7c407c2cedff20999df2af8eb42d56 -> 
========================================================================
Received Import Request.
  Time since last request: 678.420183 seconds.
  path: Assets/Scripts/GameManager.cs
  artifactKey: Guid(38c1e889fc6c8fa4f8183e732de782fe) Importer(815301076,1909f56bfc062723c751e8b465ee728b)
Start importing Assets/Scripts/GameManager.cs using Guid(38c1e889fc6c8fa4f8183e732de782fe) Importer(815301076,1909f56bfc062723c751e8b465ee728b)  -> (artifact id: 'c7890a80040174a1cb9e6ef68f49b9f2') in 0.015088 seconds 
========================================================================
Received Prepare
Registering precompiled user dll's ...
Registered in 0.006988 seconds.
Begin MonoManager ReloadAssembly
Symbol file LoadedFromMemory doesn't match image C:\Users\pfran\Documents\GitHub\MULT-150\Pfrancia_Hour10\Library\PackageCache\com.unity.visualscripting@1.8.0\Editor\VisualScripting.Core\Dependencies\YamlDotNet\Unity.VisualScripting.YamlDotNet.dll
Symbol file LoadedFromMemory doesn't match image C:\Users\pfran\Documents\GitHub\MULT-150\Pfrancia_Hour10\Library\PackageCache\com.unity.visualscripting@1.8.0\Editor\VisualScripting.Core\Dependencies\DotNetZip\Unity.VisualScripting.IonicZip.dll
Native extension for WindowsStandalone target not found
Refreshing native plugins compatible for Editor in 0.63 ms, found 3 plugins.
Preloading 0 native plugins for Editor in 0.00 ms.
Mono: successfully reloaded assembly
- Completed reload, in  1.273 seconds
Domain Reload Profiling:
	ReloadAssembly (1273ms)
		BeginReloadAssembly (216ms)
			ExecutionOrderSort (0ms)
			DisableScriptedObjects (6ms)
			BackupInstance (0ms)
			ReleaseScriptingObjects (0ms)
			CreateAndSetChildDomain (51ms)
		EndReloadAssembly (891ms)
			LoadAssemblies (186ms)
			RebuildTransferFunctionScriptingTraits (0ms)
			SetupTypeCache (341ms)
			ReleaseScriptCaches (1ms)
			RebuildScriptCaches (41ms)
			SetupLoadedEditorAssemblies (336ms)
				LogAssemblyErrors (0ms)
				InitializePlatformSupportModulesInManaged (6ms)
				SetLoadedEditorAssemblies (1ms)
				RefreshPlugins (1ms)
				BeforeProcessingInitializeOnLoad (103ms)
				ProcessInitializeOnLoadAttributes (196ms)
				ProcessInitializeOnLoadMethodAttributes (19ms)
				AfterProcessingInitializeOnLoad (12ms)
				EditorAssembliesLoaded (0ms)
			ExecutionOrderSort2 (0ms)
			AwakeInstancesAfterBackupRestoration (6ms)
Platform modules already initialized, skipping
Refreshing native plugins compatible for Editor in 2.52 ms, found 3 plugins.
Preloading 0 native plugins for Editor in 0.00 ms.
Unloading 3055 Unused Serialized files (Serialized files now loaded: 0)
Unloading 15 unused Assets / (24.7 KB). Loaded Objects now: 3660.
Memory consumption went from 113.2 MB to 113.2 MB.
Total: 3.188200 ms (FindLiveObjects: 0.460600 ms CreateObjectMapping: 0.163100 ms MarkObjects: 2.532600 ms  DeleteObjects: 0.030100 ms)

AssetImportParameters requested are different than current active one (requested -> active):
  custom:video-decoder-ogg-theora: a1e56fd34408186e4bbccfd4996cb3dc -> 
  custom:container-muxer-webm: aa71ff27fc2769a1b78a27578f13a17b -> 
  custom:container-demuxer-webm: 4f35f7cbe854078d1ac9338744f61a02 -> 
  custom:video-encoder-webm-vp8: eb34c28f22e8b96e1ab97ce403110664 -> 
  custom:audio-encoder-webm-vorbis: bf7c407c2cedff20999df2af8eb42d56 -> 
  custom:framework-win-MediaFoundation: 216162199b28c13a410421893ffa2e32 -> 
  custom:container-demuxer-ogg: 62fdf1f143b41e24485cea50d1cbac27 -> 
  custom:video-decoder-webm-vp8: 9c59270c3fd7afecdb556c50c9e8de78 -> 
  custom:audio-decoder-ogg-vorbis: bf7c407c2cedff20999df2af8eb42d56 -> 
========================================================================
Received Import Request.
  Time since last request: 166.010182 seconds.
  path: Assets/Scripts/GameManager.cs
  artifactKey: Guid(38c1e889fc6c8fa4f8183e732de782fe) Importer(815301076,1909f56bfc062723c751e8b465ee728b)
Start importing Assets/Scripts/GameManager.cs using Guid(38c1e889fc6c8fa4f8183e732de782fe) Importer(815301076,1909f56bfc062723c751e8b465ee728b)  -> (artifact id: '4d3d6c3db490bfa43f7f78d5a3b30264') in 0.012579 seconds 
========================================================================
Received Import Request.
  Time since last request: 35.993636 seconds.
  path: Assets/Scripts/GameManager.cs
  artifactKey: Guid(38c1e889fc6c8fa4f8183e732de782fe) Importer(815301076,1909f56bfc062723c751e8b465ee728b)
Start importing Assets/Scripts/GameManager.cs using Guid(38c1e889fc6c8fa4f8183e732de782fe) Importer(815301076,1909f56bfc062723c751e8b465ee728b)  -> (artifact id: '0d6ed307038a047086ab7001b0a157c2') in 0.006595 seconds 
========================================================================
Received Import Request.
  Time since last request: 295.762812 seconds.
  path: Assets/Scripts/GameManager.cs
  artifactKey: Guid(38c1e889fc6c8fa4f8183e732de782fe) Importer(815301076,1909f56bfc062723c751e8b465ee728b)
Start importing Assets/Scripts/GameManager.cs using Guid(38c1e889fc6c8fa4f8183e732de782fe) Importer(815301076,1909f56bfc062723c751e8b465ee728b)  -> (artifact id: '6ef5fa439ae14f9d17b1c5719e760d91') in 0.004972 seconds 
========================================================================
Received Prepare
Registering precompiled user dll's ...
Registered in 0.012207 seconds.
Begin MonoManager ReloadAssembly
Symbol file LoadedFromMemory doesn't match image C:\Users\pfran\Documents\GitHub\MULT-150\Pfrancia_Hour10\Library\PackageCache\com.unity.visualscripting@1.8.0\Editor\VisualScripting.Core\Dependencies\YamlDotNet\Unity.VisualScripting.YamlDotNet.dll
Symbol file LoadedFromMemory doesn't match image C:\Users\pfran\Documents\GitHub\MULT-150\Pfrancia_Hour10\Library\PackageCache\com.unity.visualscripting@1.8.0\Editor\VisualScripting.Core\Dependencies\DotNetZip\Unity.VisualScripting.IonicZip.dll
Native extension for WindowsStandalone target not found
Refreshing native plugins compatible for Editor in 0.66 ms, found 3 plugins.
Preloading 0 native plugins for Editor in 0.00 ms.
Mono: successfully reloaded assembly
- Completed reload, in  1.553 seconds
Domain Reload Profiling:
	ReloadAssembly (1555ms)
		BeginReloadAssembly (592ms)
			ExecutionOrderSort (0ms)
			DisableScriptedObjects (16ms)
			BackupInstance (0ms)
			ReleaseScriptingObjects (1ms)
			CreateAndSetChildDomain (287ms)
		EndReloadAssembly (840ms)
			LoadAssemblies (223ms)
			RebuildTransferFunctionScriptingTraits (0ms)
			SetupTypeCache (313ms)
			ReleaseScriptCaches (1ms)
			RebuildScriptCaches (43ms)
			SetupLoadedEditorAssemblies (351ms)
				LogAssemblyErrors (0ms)
				InitializePlatformSupportModulesInManaged (7ms)
				SetLoadedEditorAssemblies (1ms)
				RefreshPlugins (1ms)
				BeforeProcessingInitializeOnLoad (71ms)
				ProcessInitializeOnLoadAttributes (238ms)
				ProcessInitializeOnLoadMethodAttributes (22ms)
				AfterProcessingInitializeOnLoad (12ms)
				EditorAssembliesLoaded (0ms)
			ExecutionOrderSort2 (0ms)
			AwakeInstancesAfterBackupRestoration (7ms)
Platform modules already initialized, skipping
Refreshing native plugins compatible for Editor in 1.99 ms, found 3 plugins.
Preloading 0 native plugins for Editor in 0.00 ms.
Unloading 3054 Unused Serialized files (Serialized files now loaded: 0)
Unloading 16 unused Assets / (24.6 KB). Loaded Objects now: 3662.
Memory consumption went from 113.2 MB to 113.2 MB.
Total: 3.776900 ms (FindLiveObjects: 0.318400 ms CreateObjectMapping: 0.093900 ms MarkObjects: 3.297300 ms  DeleteObjects: 0.065200 ms)

AssetImportParameters requested are different than current active one (requested -> active):
  custom:video-decoder-ogg-theora: a1e56fd34408186e4bbccfd4996cb3dc -> 
  custom:container-muxer-webm: aa71ff27fc2769a1b78a27578f13a17b -> 
  custom:container-demuxer-webm: 4f35f7cbe854078d1ac9338744f61a02 -> 
  custom:video-encoder-webm-vp8: eb34c28f22e8b96e1ab97ce403110664 -> 
  custom:audio-encoder-webm-vorbis: bf7c407c2cedff20999df2af8eb42d56 -> 
  custom:framework-win-MediaFoundation: 216162199b28c13a410421893ffa2e32 -> 
  custom:container-demuxer-ogg: 62fdf1f143b41e24485cea50d1cbac27 -> 
  custom:video-decoder-webm-vp8: 9c59270c3fd7afecdb556c50c9e8de78 -> 
  custom:audio-decoder-ogg-vorbis: bf7c407c2cedff20999df2af8eb42d56 -> 
========================================================================
Received Import Request.
  Time since last request: 87.684644 seconds.
  path: Assets/Scripts/G.cs
  artifactKey: Guid(f2fe37872adf5e942bddb918a7b535a8) Importer(815301076,1909f56bfc062723c751e8b465ee728b)
Start importing Assets/Scripts/G.cs using Guid(f2fe37872adf5e942bddb918a7b535a8) Importer(815301076,1909f56bfc062723c751e8b465ee728b)  -> (artifact id: 'd870925ed8f261fea0c414ba42c196f4') in 0.012650 seconds 
========================================================================
Received Prepare
Registering precompiled user dll's ...
Registered in 0.007058 seconds.
Begin MonoManager ReloadAssembly
Symbol file LoadedFromMemory doesn't match image C:\Users\pfran\Documents\GitHub\MULT-150\Pfrancia_Hour10\Library\PackageCache\com.unity.visualscripting@1.8.0\Editor\VisualScripting.Core\Dependencies\YamlDotNet\Unity.VisualScripting.YamlDotNet.dll
Symbol file LoadedFromMemory doesn't match image C:\Users\pfran\Documents\GitHub\MULT-150\Pfrancia_Hour10\Library\PackageCache\com.unity.visualscripting@1.8.0\Editor\VisualScripting.Core\Dependencies\DotNetZip\Unity.VisualScripting.IonicZip.dll
Native extension for WindowsStandalone target not found
Refreshing native plugins compatible for Editor in 0.62 ms, found 3 plugins.
Preloading 0 native plugins for Editor in 0.00 ms.
Mono: successfully reloaded assembly
- Completed reload, in  1.254 seconds
Domain Reload Profiling:
	ReloadAssembly (1254ms)
		BeginReloadAssembly (181ms)
			ExecutionOrderSort (0ms)
			DisableScriptedObjects (6ms)
			BackupInstance (0ms)
			ReleaseScriptingObjects (0ms)
			CreateAndSetChildDomain (37ms)
		EndReloadAssembly (871ms)
			LoadAssemblies (153ms)
			RebuildTransferFunctionScriptingTraits (0ms)
			SetupTypeCache (339ms)
			ReleaseScriptCaches (1ms)
			RebuildScriptCaches (42ms)
			SetupLoadedEditorAssemblies (323ms)
				LogAssemblyErrors (0ms)
				InitializePlatformSupportModulesInManaged (6ms)
				SetLoadedEditorAssemblies (0ms)
				RefreshPlugins (1ms)
				BeforeProcessingInitializeOnLoad (76ms)
				ProcessInitializeOnLoadAttributes (207ms)
				ProcessInitializeOnLoadMethodAttributes (22ms)
				AfterProcessingInitializeOnLoad (11ms)
				EditorAssembliesLoaded (0ms)
			ExecutionOrderSort2 (0ms)
			AwakeInstancesAfterBackupRestoration (7ms)
Platform modules already initialized, skipping
Refreshing native plugins compatible for Editor in 2.08 ms, found 3 plugins.
Preloading 0 native plugins for Editor in 0.00 ms.
Unloading 3054 Unused Serialized files (Serialized files now loaded: 0)
Unloading 15 unused Assets / (24.6 KB). Loaded Objects now: 3665.
Memory consumption went from 113.2 MB to 113.2 MB.
Total: 3.128800 ms (FindLiveObjects: 0.417900 ms CreateObjectMapping: 0.179900 ms MarkObjects: 2.500400 ms  DeleteObjects: 0.028600 ms)

AssetImportParameters requested are different than current active one (requested -> active):
  custom:video-decoder-ogg-theora: a1e56fd34408186e4bbccfd4996cb3dc -> 
  custom:container-muxer-webm: aa71ff27fc2769a1b78a27578f13a17b -> 
  custom:container-demuxer-webm: 4f35f7cbe854078d1ac9338744f61a02 -> 
  custom:video-encoder-webm-vp8: eb34c28f22e8b96e1ab97ce403110664 -> 
  custom:audio-encoder-webm-vorbis: bf7c407c2cedff20999df2af8eb42d56 -> 
  custom:framework-win-MediaFoundation: 216162199b28c13a410421893ffa2e32 -> 
  custom:container-demuxer-ogg: 62fdf1f143b41e24485cea50d1cbac27 -> 
  custom:video-decoder-webm-vp8: 9c59270c3fd7afecdb556c50c9e8de78 -> 
  custom:audio-decoder-ogg-vorbis: bf7c407c2cedff20999df2af8eb42d56 -> 
========================================================================
Received Import Request.
  Time since last request: 33.187708 seconds.
  path: Assets/Game_Manager
  artifactKey: Guid(d14b836b0c03c594d8bf8328078e13cb) Importer(815301076,1909f56bfc062723c751e8b465ee728b)
Start importing Assets/Game_Manager using Guid(d14b836b0c03c594d8bf8328078e13cb) Importer(815301076,1909f56bfc062723c751e8b465ee728b)  -> (artifact id: '90385e4101ef920b3a0163c76380dca7') in 0.012518 seconds 
========================================================================
Received Import Request.
  Time since last request: 17.579014 seconds.
  path: Assets/Game_Manager/GameManager.cs
  artifactKey: Guid(4ee4aac980fc318438982170f9ee7ecd) Importer(815301076,1909f56bfc062723c751e8b465ee728b)
Start importing Assets/Game_Manager/GameManager.cs using Guid(4ee4aac980fc318438982170f9ee7ecd) Importer(815301076,1909f56bfc062723c751e8b465ee728b)  -> (artifact id: '9d388ce036823a692a0b5ab8360bd72b') in 0.002537 seconds 
========================================================================
Received Prepare
Registering precompiled user dll's ...
Registered in 0.008769 seconds.
Begin MonoManager ReloadAssembly
Symbol file LoadedFromMemory doesn't match image C:\Users\pfran\Documents\GitHub\MULT-150\Pfrancia_Hour10\Library\PackageCache\com.unity.visualscripting@1.8.0\Editor\VisualScripting.Core\Dependencies\YamlDotNet\Unity.VisualScripting.YamlDotNet.dll
Symbol file LoadedFromMemory doesn't match image C:\Users\pfran\Documents\GitHub\MULT-150\Pfrancia_Hour10\Library\PackageCache\com.unity.visualscripting@1.8.0\Editor\VisualScripting.Core\Dependencies\DotNetZip\Unity.VisualScripting.IonicZip.dll
Native extension for WindowsStandalone target not found
Refreshing native plugins compatible for Editor in 0.68 ms, found 3 plugins.
Preloading 0 native plugins for Editor in 0.00 ms.
Mono: successfully reloaded assembly
- Completed reload, in  1.158 seconds
Domain Reload Profiling:
	ReloadAssembly (1175ms)
		BeginReloadAssembly (190ms)
			ExecutionOrderSort (0ms)
			DisableScriptedObjects (6ms)
			BackupInstance (0ms)
			ReleaseScriptingObjects (0ms)
			CreateAndSetChildDomain (40ms)
		EndReloadAssembly (869ms)
			LoadAssemblies (114ms)
			RebuildTransferFunctionScriptingTraits (0ms)
			SetupTypeCache (315ms)
			ReleaseScriptCaches (1ms)
			RebuildScriptCaches (49ms)
			SetupLoadedEditorAssemblies (357ms)
				LogAssemblyErrors (0ms)
				InitializePlatformSupportModulesInManaged (6ms)
				SetLoadedEditorAssemblies (1ms)
				RefreshPlugins (1ms)
				BeforeProcessingInitializeOnLoad (98ms)
				ProcessInitializeOnLoadAttributes (218ms)
				ProcessInitializeOnLoadMethodAttributes (20ms)
				AfterProcessingInitializeOnLoad (12ms)
				EditorAssembliesLoaded (0ms)
			ExecutionOrderSort2 (0ms)
			AwakeInstancesAfterBackupRestoration (7ms)
Platform modules already initialized, skipping
Refreshing native plugins compatible for Editor in 3.25 ms, found 3 plugins.
Preloading 0 native plugins for Editor in 0.00 ms.
Unloading 3055 Unused Serialized files (Serialized files now loaded: 0)
Unloading 15 unused Assets / (24.6 KB). Loaded Objects now: 3669.
Memory consumption went from 113.2 MB to 113.2 MB.
Total: 3.711500 ms (FindLiveObjects: 0.609800 ms CreateObjectMapping: 0.198600 ms MarkObjects: 2.871400 ms  DeleteObjects: 0.029800 ms)

AssetImportParameters requested are different than current active one (requested -> active):
  custom:video-decoder-ogg-theora: a1e56fd34408186e4bbccfd4996cb3dc -> 
  custom:container-muxer-webm: aa71ff27fc2769a1b78a27578f13a17b -> 
  custom:container-demuxer-webm: 4f35f7cbe854078d1ac9338744f61a02 -> 
  custom:video-encoder-webm-vp8: eb34c28f22e8b96e1ab97ce403110664 -> 
  custom:audio-encoder-webm-vorbis: bf7c407c2cedff20999df2af8eb42d56 -> 
  custom:framework-win-MediaFoundation: 216162199b28c13a410421893ffa2e32 -> 
  custom:container-demuxer-ogg: 62fdf1f143b41e24485cea50d1cbac27 -> 
  custom:video-decoder-webm-vp8: 9c59270c3fd7afecdb556c50c9e8de78 -> 
  custom:audio-decoder-ogg-vorbis: bf7c407c2cedff20999df2af8eb42d56 -> 
========================================================================
Received Import Request.
  Time since last request: 1238.384325 seconds.
  path: Assets/Game_Manager/GameManager.cs
  artifactKey: Guid(4ee4aac980fc318438982170f9ee7ecd) Importer(815301076,1909f56bfc062723c751e8b465ee728b)
Start importing Assets/Game_Manager/GameManager.cs using Guid(4ee4aac980fc318438982170f9ee7ecd) Importer(815301076,1909f56bfc062723c751e8b465ee728b)  -> (artifact id: 'a6a0d4da1e53785fd1141fc546ed48e6') in 0.107331 seconds 
========================================================================
Received Prepare
Registering precompiled user dll's ...
Registered in 0.008229 seconds.
Begin MonoManager ReloadAssembly
Symbol file LoadedFromMemory doesn't match image C:\Users\pfran\Documents\GitHub\MULT-150\Pfrancia_Hour10\Library\PackageCache\com.unity.visualscripting@1.8.0\Editor\VisualScripting.Core\Dependencies\YamlDotNet\Unity.VisualScripting.YamlDotNet.dll
Symbol file LoadedFromMemory doesn't match image C:\Users\pfran\Documents\GitHub\MULT-150\Pfrancia_Hour10\Library\PackageCache\com.unity.visualscripting@1.8.0\Editor\VisualScripting.Core\Dependencies\DotNetZip\Unity.VisualScripting.IonicZip.dll
Native extension for WindowsStandalone target not found
Refreshing native plugins compatible for Editor in 0.63 ms, found 3 plugins.
Preloading 0 native plugins for Editor in 0.00 ms.
Mono: successfully reloaded assembly
- Completed reload, in  1.235 seconds
Domain Reload Profiling:
	ReloadAssembly (1236ms)
		BeginReloadAssembly (258ms)
			ExecutionOrderSort (0ms)
			DisableScriptedObjects (12ms)
			BackupInstance (0ms)
			ReleaseScriptingObjects (0ms)
			CreateAndSetChildDomain (85ms)
		EndReloadAssembly (867ms)
			LoadAssemblies (163ms)
			RebuildTransferFunctionScriptingTraits (0ms)
			SetupTypeCache (315ms)
			ReleaseScriptCaches (1ms)
			RebuildScriptCaches (45ms)
			SetupLoadedEditorAssemblies (334ms)
				LogAssemblyErrors (0ms)
				InitializePlatformSupportModulesInManaged (7ms)
				SetLoadedEditorAssemblies (1ms)
				RefreshPlugins (1ms)
				BeforeProcessingInitializeOnLoad (77ms)
				ProcessInitializeOnLoadAttributes (218ms)
				ProcessInitializeOnLoadMethodAttributes (19ms)
				AfterProcessingInitializeOnLoad (11ms)
				EditorAssembliesLoaded (0ms)
			ExecutionOrderSort2 (0ms)
			AwakeInstancesAfterBackupRestoration (7ms)
Platform modules already initialized, skipping
Refreshing native plugins compatible for Editor in 2.80 ms, found 3 plugins.
Preloading 0 native plugins for Editor in 0.00 ms.
Unloading 3054 Unused Serialized files (Serialized files now loaded: 0)
Unloading 16 unused Assets / (24.6 KB). Loaded Objects now: 3671.
Memory consumption went from 113.2 MB to 113.2 MB.
Total: 4.026200 ms (FindLiveObjects: 0.311700 ms CreateObjectMapping: 0.089700 ms MarkObjects: 3.527500 ms  DeleteObjects: 0.095900 ms)

AssetImportParameters requested are different than current active one (requested -> active):
  custom:video-decoder-ogg-theora: a1e56fd34408186e4bbccfd4996cb3dc -> 
  custom:container-muxer-webm: aa71ff27fc2769a1b78a27578f13a17b -> 
  custom:container-demuxer-webm: 4f35f7cbe854078d1ac9338744f61a02 -> 
  custom:video-encoder-webm-vp8: eb34c28f22e8b96e1ab97ce403110664 -> 
  custom:audio-encoder-webm-vorbis: bf7c407c2cedff20999df2af8eb42d56 -> 
  custom:framework-win-MediaFoundation: 216162199b28c13a410421893ffa2e32 -> 
  custom:container-demuxer-ogg: 62fdf1f143b41e24485cea50d1cbac27 -> 
  custom:video-decoder-webm-vp8: 9c59270c3fd7afecdb556c50c9e8de78 -> 
  custom:audio-decoder-ogg-vorbis: bf7c407c2cedff20999df2af8eb42d56 -> 
========================================================================
Received Import Request.
  Time since last request: 14.062997 seconds.
  path: Assets/Game_Manager/NewBehaviourScript.cs
  artifactKey: Guid(d9fb5c3502de1104984980dd9baf3eb6) Importer(815301076,1909f56bfc062723c751e8b465ee728b)
Start importing Assets/Game_Manager/NewBehaviourScript.cs using Guid(d9fb5c3502de1104984980dd9baf3eb6) Importer(815301076,1909f56bfc062723c751e8b465ee728b)  -> (artifact id: 'a08e12d3dc354c10eafe9c72fd321bbb') in 0.012469 seconds 
========================================================================
Received Prepare
Registering precompiled user dll's ...
Registered in 0.010270 seconds.
Begin MonoManager ReloadAssembly
Symbol file LoadedFromMemory doesn't match image C:\Users\pfran\Documents\GitHub\MULT-150\Pfrancia_Hour10\Library\PackageCache\com.unity.visualscripting@1.8.0\Editor\VisualScripting.Core\Dependencies\YamlDotNet\Unity.VisualScripting.YamlDotNet.dll
Symbol file LoadedFromMemory doesn't match image C:\Users\pfran\Documents\GitHub\MULT-150\Pfrancia_Hour10\Library\PackageCache\com.unity.visualscripting@1.8.0\Editor\VisualScripting.Core\Dependencies\DotNetZip\Unity.VisualScripting.IonicZip.dll
Native extension for WindowsStandalone target not found
Refreshing native plugins compatible for Editor in 0.65 ms, found 3 plugins.
Preloading 0 native plugins for Editor in 0.00 ms.
Mono: successfully reloaded assembly
- Completed reload, in  1.597 seconds
Domain Reload Profiling:
	ReloadAssembly (1598ms)
		BeginReloadAssembly (248ms)
			ExecutionOrderSort (0ms)
			DisableScriptedObjects (10ms)
			BackupInstance (0ms)
			ReleaseScriptingObjects (0ms)
			CreateAndSetChildDomain (63ms)
		EndReloadAssembly (1219ms)
			LoadAssemblies (194ms)
			RebuildTransferFunctionScriptingTraits (0ms)
			SetupTypeCache (382ms)
			ReleaseScriptCaches (1ms)
			RebuildScriptCaches (97ms)
			SetupLoadedEditorAssemblies (438ms)
				LogAssemblyErrors (0ms)
				InitializePlatformSupportModulesInManaged (7ms)
				SetLoadedEditorAssemblies (0ms)
				RefreshPlugins (1ms)
				BeforeProcessingInitializeOnLoad (92ms)
				ProcessInitializeOnLoadAttributes (246ms)
				ProcessInitializeOnLoadMethodAttributes (76ms)
				AfterProcessingInitializeOnLoad (15ms)
				EditorAssembliesLoaded (1ms)
			ExecutionOrderSort2 (0ms)
			AwakeInstancesAfterBackupRestoration (41ms)
Platform modules already initialized, skipping
Refreshing native plugins compatible for Editor in 2.16 ms, found 3 plugins.
Preloading 0 native plugins for Editor in 0.00 ms.
Unloading 3055 Unused Serialized files (Serialized files now loaded: 0)
Unloading 15 unused Assets / (24.6 KB). Loaded Objects now: 3675.
Memory consumption went from 113.2 MB to 113.2 MB.
Total: 4.877000 ms (FindLiveObjects: 0.361400 ms CreateObjectMapping: 0.097900 ms MarkObjects: 4.369700 ms  DeleteObjects: 0.046200 ms)

AssetImportParameters requested are different than current active one (requested -> active):
  custom:video-decoder-ogg-theora: a1e56fd34408186e4bbccfd4996cb3dc -> 
  custom:container-muxer-webm: aa71ff27fc2769a1b78a27578f13a17b -> 
  custom:container-demuxer-webm: 4f35f7cbe854078d1ac9338744f61a02 -> 
  custom:video-encoder-webm-vp8: eb34c28f22e8b96e1ab97ce403110664 -> 
  custom:audio-encoder-webm-vorbis: bf7c407c2cedff20999df2af8eb42d56 -> 
  custom:framework-win-MediaFoundation: 216162199b28c13a410421893ffa2e32 -> 
  custom:container-demuxer-ogg: 62fdf1f143b41e24485cea50d1cbac27 -> 
  custom:video-decoder-webm-vp8: 9c59270c3fd7afecdb556c50c9e8de78 -> 
  custom:audio-decoder-ogg-vorbis: bf7c407c2cedff20999df2af8eb42d56 -> 
========================================================================
Received Import Request.
  Time since last request: 343.250327 seconds.
  path: Assets/Game_Manager/NewBehaviourScript.cs
  artifactKey: Guid(d9fb5c3502de1104984980dd9baf3eb6) Importer(815301076,1909f56bfc062723c751e8b465ee728b)
Start importing Assets/Game_Manager/NewBehaviourScript.cs using Guid(d9fb5c3502de1104984980dd9baf3eb6) Importer(815301076,1909f56bfc062723c751e8b465ee728b)  -> (artifact id: '7b711286fc0dc62356c447ee1a00beea') in 0.041487 seconds 
========================================================================
Received Import Request.
  Time since last request: 27.405799 seconds.
  path: Assets/Game_Manager/GameManager.cs
  artifactKey: Guid(d9fb5c3502de1104984980dd9baf3eb6) Importer(815301076,1909f56bfc062723c751e8b465ee728b)
Start importing Assets/Game_Manager/GameManager.cs using Guid(d9fb5c3502de1104984980dd9baf3eb6) Importer(815301076,1909f56bfc062723c751e8b465ee728b)  -> (artifact id: 'b1ba9785694ed4e4aa1d5fbcb28c3ff2') in 0.004892 seconds 
========================================================================
Received Import Request.
  Time since last request: 218.937685 seconds.
  path: Assets/Game_Manager/NewBehaviourScript.cs
  artifactKey: Guid(c87e8f1230970f342a52df38ab67b9cb) Importer(815301076,1909f56bfc062723c751e8b465ee728b)
Start importing Assets/Game_Manager/NewBehaviourScript.cs using Guid(c87e8f1230970f342a52df38ab67b9cb) Importer(815301076,1909f56bfc062723c751e8b465ee728b)  -> (artifact id: 'dc265c95fbca3a7a387f0429d6a34abe') in 0.005427 seconds 
========================================================================
Received Import Request.
  Time since last request: 220.533802 seconds.
  path: Assets/Game_Manager/NewBehaviourScript.cs
  artifactKey: Guid(c87e8f1230970f342a52df38ab67b9cb) Importer(815301076,1909f56bfc062723c751e8b465ee728b)
Start importing Assets/Game_Manager/NewBehaviourScript.cs using Guid(c87e8f1230970f342a52df38ab67b9cb) Importer(815301076,1909f56bfc062723c751e8b465ee728b)  -> (artifact id: '76b184e641b516f071cb84426938081e') in 0.008508 seconds 
========================================================================
Received Import Request.
  Time since last request: 169.983845 seconds.
  path: Assets/Game_Manager/NewBehaviourScript.cs
  artifactKey: Guid(c87e8f1230970f342a52df38ab67b9cb) Importer(815301076,1909f56bfc062723c751e8b465ee728b)
Start importing Assets/Game_Manager/NewBehaviourScript.cs using Guid(c87e8f1230970f342a52df38ab67b9cb) Importer(815301076,1909f56bfc062723c751e8b465ee728b)  -> (artifact id: 'f847c9f7e9266a287a1f11f27674ff4c') in 0.007956 seconds 
========================================================================
Received Import Request.
  Time since last request: 139.978926 seconds.
  path: Assets/Game_Manager/GameManager.cs
  artifactKey: Guid(c87e8f1230970f342a52df38ab67b9cb) Importer(815301076,1909f56bfc062723c751e8b465ee728b)
Start importing Assets/Game_Manager/GameManager.cs using Guid(c87e8f1230970f342a52df38ab67b9cb) Importer(815301076,1909f56bfc062723c751e8b465ee728b)  -> (artifact id: 'f1d9beba650d0e608b3a176501e3daf0') in 0.006684 seconds 
========================================================================
Received Prepare
Registering precompiled user dll's ...
Registered in 0.007297 seconds.
Begin MonoManager ReloadAssembly
Symbol file LoadedFromMemory doesn't match image C:\Users\pfran\Documents\GitHub\MULT-150\Pfrancia_Hour10\Library\PackageCache\com.unity.visualscripting@1.8.0\Editor\VisualScripting.Core\Dependencies\YamlDotNet\Unity.VisualScripting.YamlDotNet.dll
Symbol file LoadedFromMemory doesn't match image C:\Users\pfran\Documents\GitHub\MULT-150\Pfrancia_Hour10\Library\PackageCache\com.unity.visualscripting@1.8.0\Editor\VisualScripting.Core\Dependencies\DotNetZip\Unity.VisualScripting.IonicZip.dll
Native extension for WindowsStandalone target not found
Refreshing native plugins compatible for Editor in 0.63 ms, found 3 plugins.
Preloading 0 native plugins for Editor in 0.00 ms.
Mono: successfully reloaded assembly
- Completed reload, in  1.298 seconds
Domain Reload Profiling:
	ReloadAssembly (1302ms)
		BeginReloadAssembly (297ms)
			ExecutionOrderSort (0ms)
			DisableScriptedObjects (12ms)
			BackupInstance (0ms)
			ReleaseScriptingObjects (0ms)
			CreateAndSetChildDomain (96ms)
		EndReloadAssembly (865ms)
			LoadAssemblies (143ms)
			RebuildTransferFunctionScriptingTraits (0ms)
			SetupTypeCache (316ms)
			ReleaseScriptCaches (1ms)
			RebuildScriptCaches (42ms)
			SetupLoadedEditorAssemblies (337ms)
				LogAssemblyErrors (0ms)
				InitializePlatformSupportModulesInManaged (7ms)
				SetLoadedEditorAssemblies (1ms)
				RefreshPlugins (1ms)
				BeforeProcessingInitializeOnLoad (79ms)
				ProcessInitializeOnLoadAttributes (214ms)
				ProcessInitializeOnLoadMethodAttributes (22ms)
				AfterProcessingInitializeOnLoad (13ms)
				EditorAssembliesLoaded (0ms)
			ExecutionOrderSort2 (0ms)
			AwakeInstancesAfterBackupRestoration (7ms)
Platform modules already initialized, skipping
Refreshing native plugins compatible for Editor in 2.48 ms, found 3 plugins.
Preloading 0 native plugins for Editor in 0.00 ms.
Unloading 3054 Unused Serialized files (Serialized files now loaded: 0)
Unloading 16 unused Assets / (24.6 KB). Loaded Objects now: 3677.
Memory consumption went from 113.2 MB to 113.2 MB.
Total: 4.177500 ms (FindLiveObjects: 0.537100 ms CreateObjectMapping: 0.298700 ms MarkObjects: 3.264700 ms  DeleteObjects: 0.073300 ms)

AssetImportParameters requested are different than current active one (requested -> active):
  custom:video-decoder-ogg-theora: a1e56fd34408186e4bbccfd4996cb3dc -> 
  custom:container-muxer-webm: aa71ff27fc2769a1b78a27578f13a17b -> 
  custom:container-demuxer-webm: 4f35f7cbe854078d1ac9338744f61a02 -> 
  custom:video-encoder-webm-vp8: eb34c28f22e8b96e1ab97ce403110664 -> 
  custom:audio-encoder-webm-vorbis: bf7c407c2cedff20999df2af8eb42d56 -> 
  custom:framework-win-MediaFoundation: 216162199b28c13a410421893ffa2e32 -> 
  custom:container-demuxer-ogg: 62fdf1f143b41e24485cea50d1cbac27 -> 
  custom:video-decoder-webm-vp8: 9c59270c3fd7afecdb556c50c9e8de78 -> 
  custom:audio-decoder-ogg-vorbis: bf7c407c2cedff20999df2af8eb42d56 -> 
========================================================================
Received Import Request.
  Time since last request: 225.030814 seconds.
  path: Assets/Scenes/GameManager.cs
  artifactKey: Guid(df931bd571465b34d8f5625645c93cb4) Importer(815301076,1909f56bfc062723c751e8b465ee728b)
Start importing Assets/Scenes/GameManager.cs using Guid(df931bd571465b34d8f5625645c93cb4) Importer(815301076,1909f56bfc062723c751e8b465ee728b)  -> (artifact id: 'ed922c6f0719ba916e89679d475f0d73') in 0.013555 seconds 
========================================================================
Received Prepare
Registering precompiled user dll's ...
Registered in 0.007071 seconds.
Begin MonoManager ReloadAssembly
Symbol file LoadedFromMemory doesn't match image C:\Users\pfran\Documents\GitHub\MULT-150\Pfrancia_Hour10\Library\PackageCache\com.unity.visualscripting@1.8.0\Editor\VisualScripting.Core\Dependencies\YamlDotNet\Unity.VisualScripting.YamlDotNet.dll
Symbol file LoadedFromMemory doesn't match image C:\Users\pfran\Documents\GitHub\MULT-150\Pfrancia_Hour10\Library\PackageCache\com.unity.visualscripting@1.8.0\Editor\VisualScripting.Core\Dependencies\DotNetZip\Unity.VisualScripting.IonicZip.dll
Native extension for WindowsStandalone target not found
Refreshing native plugins compatible for Editor in 0.90 ms, found 3 plugins.
Preloading 0 native plugins for Editor in 0.00 ms.
Mono: successfully reloaded assembly
- Completed reload, in  1.306 seconds
Domain Reload Profiling:
	ReloadAssembly (1306ms)
		BeginReloadAssembly (210ms)
			ExecutionOrderSort (0ms)
			DisableScriptedObjects (7ms)
			BackupInstance (0ms)
			ReleaseScriptingObjects (0ms)
			CreateAndSetChildDomain (37ms)
		EndReloadAssembly (912ms)
			LoadAssemblies (152ms)
			RebuildTransferFunctionScriptingTraits (0ms)
			SetupTypeCache (269ms)
			ReleaseScriptCaches (1ms)
			RebuildScriptCaches (44ms)
			SetupLoadedEditorAssemblies (461ms)
				LogAssemblyErrors (0ms)
				InitializePlatformSupportModulesInManaged (7ms)
				SetLoadedEditorAssemblies (0ms)
				RefreshPlugins (1ms)
				BeforeProcessingInitializeOnLoad (74ms)
				ProcessInitializeOnLoadAttributes (342ms)
				ProcessInitializeOnLoadMethodAttributes (24ms)
				AfterProcessingInitializeOnLoad (13ms)
				EditorAssembliesLoaded (0ms)
			ExecutionOrderSort2 (0ms)
			AwakeInstancesAfterBackupRestoration (8ms)
Platform modules already initialized, skipping
Refreshing native plugins compatible for Editor in 92.18 ms, found 3 plugins.
Preloading 0 native plugins for Editor in 0.00 ms.
Unloading 3055 Unused Serialized files (Serialized files now loaded: 0)
Unloading 15 unused Assets / (24.6 KB). Loaded Objects now: 3681.
Memory consumption went from 113.3 MB to 113.2 MB.
Total: 3.071100 ms (FindLiveObjects: 0.328000 ms CreateObjectMapping: 0.092400 ms MarkObjects: 2.619400 ms  DeleteObjects: 0.029900 ms)

AssetImportParameters requested are different than current active one (requested -> active):
  custom:video-decoder-ogg-theora: a1e56fd34408186e4bbccfd4996cb3dc -> 
  custom:container-muxer-webm: aa71ff27fc2769a1b78a27578f13a17b -> 
  custom:container-demuxer-webm: 4f35f7cbe854078d1ac9338744f61a02 -> 
  custom:video-encoder-webm-vp8: eb34c28f22e8b96e1ab97ce403110664 -> 
  custom:audio-encoder-webm-vorbis: bf7c407c2cedff20999df2af8eb42d56 -> 
  custom:framework-win-MediaFoundation: 216162199b28c13a410421893ffa2e32 -> 
  custom:container-demuxer-ogg: 62fdf1f143b41e24485cea50d1cbac27 -> 
  custom:video-decoder-webm-vp8: 9c59270c3fd7afecdb556c50c9e8de78 -> 
  custom:audio-decoder-ogg-vorbis: bf7c407c2cedff20999df2af8eb42d56 -> 
========================================================================
Received Import Request.
  Time since last request: 220.665762 seconds.
  path: Assets/Scenes/GameManager.cs
  artifactKey: Guid(df931bd571465b34d8f5625645c93cb4) Importer(815301076,1909f56bfc062723c751e8b465ee728b)
Start importing Assets/Scenes/GameManager.cs using Guid(df931bd571465b34d8f5625645c93cb4) Importer(815301076,1909f56bfc062723c751e8b465ee728b)  -> (artifact id: 'cc78af60b6567480adf9af1a5c4bbfc1') in 0.029139 seconds 
========================================================================
Received Import Request.
  Time since last request: 236.508366 seconds.
  path: Assets/Scenes/GameManager.cs
  artifactKey: Guid(df931bd571465b34d8f5625645c93cb4) Importer(815301076,1909f56bfc062723c751e8b465ee728b)
Start importing Assets/Scenes/GameManager.cs using Guid(df931bd571465b34d8f5625645c93cb4) Importer(815301076,1909f56bfc062723c751e8b465ee728b)  -> (artifact id: '2e2ca60a6d65bf16b11e2d5fcc755caf') in 0.004804 seconds 
========================================================================
Received Prepare
Registering precompiled user dll's ...
Registered in 0.009831 seconds.
Begin MonoManager ReloadAssembly
Symbol file LoadedFromMemory doesn't match image C:\Users\pfran\Documents\GitHub\MULT-150\Pfrancia_Hour10\Library\PackageCache\com.unity.visualscripting@1.8.0\Editor\VisualScripting.Core\Dependencies\YamlDotNet\Unity.VisualScripting.YamlDotNet.dll
Symbol file LoadedFromMemory doesn't match image C:\Users\pfran\Documents\GitHub\MULT-150\Pfrancia_Hour10\Library\PackageCache\com.unity.visualscripting@1.8.0\Editor\VisualScripting.Core\Dependencies\DotNetZip\Unity.VisualScripting.IonicZip.dll
Native extension for WindowsStandalone target not found
Refreshing native plugins compatible for Editor in 0.79 ms, found 3 plugins.
Preloading 0 native plugins for Editor in 0.00 ms.
Mono: successfully reloaded assembly
- Completed reload, in  1.584 seconds
Domain Reload Profiling:
	ReloadAssembly (1585ms)
		BeginReloadAssembly (498ms)
			ExecutionOrderSort (0ms)
			DisableScriptedObjects (22ms)
			BackupInstance (0ms)
			ReleaseScriptingObjects (0ms)
			CreateAndSetChildDomain (157ms)
		EndReloadAssembly (974ms)
			LoadAssemblies (201ms)
			RebuildTransferFunctionScriptingTraits (0ms)
			SetupTypeCache (435ms)
			ReleaseScriptCaches (1ms)
			RebuildScriptCaches (46ms)
			SetupLoadedEditorAssemblies (332ms)
				LogAssemblyErrors (0ms)
				InitializePlatformSupportModulesInManaged (7ms)
				SetLoadedEditorAssemblies (1ms)
				RefreshPlugins (1ms)
				BeforeProcessingInitializeOnLoad (84ms)
				ProcessInitializeOnLoadAttributes (206ms)
				ProcessInitializeOnLoadMethodAttributes (21ms)
				AfterProcessingInitializeOnLoad (12ms)
				EditorAssembliesLoaded (0ms)
			ExecutionOrderSort2 (0ms)
			AwakeInstancesAfterBackupRestoration (7ms)
Platform modules already initialized, skipping
Refreshing native plugins compatible for Editor in 2.74 ms, found 3 plugins.
Preloading 0 native plugins for Editor in 0.00 ms.
Unloading 3054 Unused Serialized files (Serialized files now loaded: 0)
Unloading 16 unused Assets / (24.6 KB). Loaded Objects now: 3683.
Memory consumption went from 113.2 MB to 113.2 MB.
Total: 3.209800 ms (FindLiveObjects: 0.312700 ms CreateObjectMapping: 0.086600 ms MarkObjects: 2.757100 ms  DeleteObjects: 0.051900 ms)

AssetImportParameters requested are different than current active one (requested -> active):
  custom:video-decoder-ogg-theora: a1e56fd34408186e4bbccfd4996cb3dc -> 
  custom:container-muxer-webm: aa71ff27fc2769a1b78a27578f13a17b -> 
  custom:container-demuxer-webm: 4f35f7cbe854078d1ac9338744f61a02 -> 
  custom:video-encoder-webm-vp8: eb34c28f22e8b96e1ab97ce403110664 -> 
  custom:audio-encoder-webm-vorbis: bf7c407c2cedff20999df2af8eb42d56 -> 
  custom:framework-win-MediaFoundation: 216162199b28c13a410421893ffa2e32 -> 
  custom:container-demuxer-ogg: 62fdf1f143b41e24485cea50d1cbac27 -> 
  custom:video-decoder-webm-vp8: 9c59270c3fd7afecdb556c50c9e8de78 -> 
  custom:audio-decoder-ogg-vorbis: bf7c407c2cedff20999df2af8eb42d56 -> 
========================================================================
Received Import Request.
  Time since last request: 27.201492 seconds.
  path: Assets/Scripts/GoalScript.cs
  artifactKey: Guid(57d4a2ea35be6bf4c8566c5edd90e077) Importer(815301076,1909f56bfc062723c751e8b465ee728b)
Start importing Assets/Scripts/GoalScript.cs using Guid(57d4a2ea35be6bf4c8566c5edd90e077) Importer(815301076,1909f56bfc062723c751e8b465ee728b)  -> (artifact id: '6c1257c41d36cfc6a8e024a1b9385ac0') in 0.014135 seconds 
========================================================================
Received Prepare
Registering precompiled user dll's ...
Registered in 0.008436 seconds.
Begin MonoManager ReloadAssembly
Symbol file LoadedFromMemory doesn't match image C:\Users\pfran\Documents\GitHub\MULT-150\Pfrancia_Hour10\Library\PackageCache\com.unity.visualscripting@1.8.0\Editor\VisualScripting.Core\Dependencies\YamlDotNet\Unity.VisualScripting.YamlDotNet.dll
Symbol file LoadedFromMemory doesn't match image C:\Users\pfran\Documents\GitHub\MULT-150\Pfrancia_Hour10\Library\PackageCache\com.unity.visualscripting@1.8.0\Editor\VisualScripting.Core\Dependencies\DotNetZip\Unity.VisualScripting.IonicZip.dll
Native extension for WindowsStandalone target not found
Refreshing native plugins compatible for Editor in 0.59 ms, found 3 plugins.
Preloading 0 native plugins for Editor in 0.00 ms.
Mono: successfully reloaded assembly
- Completed reload, in  1.294 seconds
Domain Reload Profiling:
	ReloadAssembly (1295ms)
		BeginReloadAssembly (222ms)
			ExecutionOrderSort (0ms)
			DisableScriptedObjects (7ms)
			BackupInstance (0ms)
			ReleaseScriptingObjects (0ms)
			CreateAndSetChildDomain (66ms)
		EndReloadAssembly (856ms)
			LoadAssemblies (172ms)
			RebuildTransferFunctionScriptingTraits (0ms)
			SetupTypeCache (300ms)
			ReleaseScriptCaches (2ms)
			RebuildScriptCaches (44ms)
			SetupLoadedEditorAssemblies (339ms)
				LogAssemblyErrors (0ms)
				InitializePlatformSupportModulesInManaged (6ms)
				SetLoadedEditorAssemblies (0ms)
				RefreshPlugins (1ms)
				BeforeProcessingInitializeOnLoad (95ms)
				ProcessInitializeOnLoadAttributes (202ms)
				ProcessInitializeOnLoadMethodAttributes (23ms)
				AfterProcessingInitializeOnLoad (12ms)
				EditorAssembliesLoaded (0ms)
			ExecutionOrderSort2 (0ms)
			AwakeInstancesAfterBackupRestoration (7ms)
Platform modules already initialized, skipping
Refreshing native plugins compatible for Editor in 2.77 ms, found 3 plugins.
Preloading 0 native plugins for Editor in 0.00 ms.
Unloading 3055 Unused Serialized files (Serialized files now loaded: 0)
Unloading 15 unused Assets / (24.6 KB). Loaded Objects now: 3687.
Memory consumption went from 113.3 MB to 113.2 MB.
Total: 3.935600 ms (FindLiveObjects: 0.405900 ms CreateObjectMapping: 0.163700 ms MarkObjects: 3.315000 ms  DeleteObjects: 0.049200 ms)

AssetImportParameters requested are different than current active one (requested -> active):
  custom:video-decoder-ogg-theora: a1e56fd34408186e4bbccfd4996cb3dc -> 
  custom:container-muxer-webm: aa71ff27fc2769a1b78a27578f13a17b -> 
  custom:container-demuxer-webm: 4f35f7cbe854078d1ac9338744f61a02 -> 
  custom:video-encoder-webm-vp8: eb34c28f22e8b96e1ab97ce403110664 -> 
  custom:audio-encoder-webm-vorbis: bf7c407c2cedff20999df2af8eb42d56 -> 
  custom:framework-win-MediaFoundation: 216162199b28c13a410421893ffa2e32 -> 
  custom:container-demuxer-ogg: 62fdf1f143b41e24485cea50d1cbac27 -> 
  custom:video-decoder-webm-vp8: 9c59270c3fd7afecdb556c50c9e8de78 -> 
  custom:audio-decoder-ogg-vorbis: bf7c407c2cedff20999df2af8eb42d56 -> 
========================================================================
Received Prepare
Registering precompiled user dll's ...
Registered in 0.006613 seconds.
Begin MonoManager ReloadAssembly
Symbol file LoadedFromMemory doesn't match image C:\Users\pfran\Documents\GitHub\MULT-150\Pfrancia_Hour10\Library\PackageCache\com.unity.visualscripting@1.8.0\Editor\VisualScripting.Core\Dependencies\YamlDotNet\Unity.VisualScripting.YamlDotNet.dll
Symbol file LoadedFromMemory doesn't match image C:\Users\pfran\Documents\GitHub\MULT-150\Pfrancia_Hour10\Library\PackageCache\com.unity.visualscripting@1.8.0\Editor\VisualScripting.Core\Dependencies\DotNetZip\Unity.VisualScripting.IonicZip.dll
Native extension for WindowsStandalone target not found
Refreshing native plugins compatible for Editor in 0.60 ms, found 3 plugins.
Preloading 0 native plugins for Editor in 0.00 ms.
Mono: successfully reloaded assembly
- Completed reload, in  1.348 seconds
Domain Reload Profiling:
	ReloadAssembly (1349ms)
		BeginReloadAssembly (190ms)
			ExecutionOrderSort (0ms)
			DisableScriptedObjects (7ms)
			BackupInstance (0ms)
			ReleaseScriptingObjects (0ms)
			CreateAndSetChildDomain (48ms)
		EndReloadAssembly (1000ms)
			LoadAssemblies (142ms)
			RebuildTransferFunctionScriptingTraits (0ms)
			SetupTypeCache (422ms)
			ReleaseScriptCaches (2ms)
			RebuildScriptCaches (44ms)
			SetupLoadedEditorAssemblies (366ms)
				LogAssemblyErrors (0ms)
				InitializePlatformSupportModulesInManaged (8ms)
				SetLoadedEditorAssemblies (0ms)
				RefreshPlugins (1ms)
				BeforeProcessingInitializeOnLoad (79ms)
				ProcessInitializeOnLoadAttributes (244ms)
				ProcessInitializeOnLoadMethodAttributes (22ms)
				AfterProcessingInitializeOnLoad (12ms)
				EditorAssembliesLoaded (0ms)
			ExecutionOrderSort2 (0ms)
			AwakeInstancesAfterBackupRestoration (6ms)
Platform modules already initialized, skipping
Refreshing native plugins compatible for Editor in 2.07 ms, found 3 plugins.
Preloading 0 native plugins for Editor in 0.00 ms.
Unloading 3055 Unused Serialized files (Serialized files now loaded: 0)
Unloading 15 unused Assets / (24.7 KB). Loaded Objects now: 3690.
Memory consumption went from 113.3 MB to 113.2 MB.
Total: 3.165200 ms (FindLiveObjects: 0.398500 ms CreateObjectMapping: 0.161600 ms MarkObjects: 2.575000 ms  DeleteObjects: 0.028400 ms)

AssetImportParameters requested are different than current active one (requested -> active):
  custom:video-decoder-ogg-theora: a1e56fd34408186e4bbccfd4996cb3dc -> 
  custom:container-muxer-webm: aa71ff27fc2769a1b78a27578f13a17b -> 
  custom:container-demuxer-webm: 4f35f7cbe854078d1ac9338744f61a02 -> 
  custom:video-encoder-webm-vp8: eb34c28f22e8b96e1ab97ce403110664 -> 
  custom:audio-encoder-webm-vorbis: bf7c407c2cedff20999df2af8eb42d56 -> 
  custom:framework-win-MediaFoundation: 216162199b28c13a410421893ffa2e32 -> 
  custom:container-demuxer-ogg: 62fdf1f143b41e24485cea50d1cbac27 -> 
  custom:video-decoder-webm-vp8: 9c59270c3fd7afecdb556c50c9e8de78 -> 
  custom:audio-decoder-ogg-vorbis: bf7c407c2cedff20999df2af8eb42d56 -> 
========================================================================
Received Import Request.
  Time since last request: 127.743834 seconds.
  path: Assets/Scripts/GoalScript.cs
  artifactKey: Guid(57d4a2ea35be6bf4c8566c5edd90e077) Importer(815301076,1909f56bfc062723c751e8b465ee728b)
Start importing Assets/Scripts/GoalScript.cs using Guid(57d4a2ea35be6bf4c8566c5edd90e077) Importer(815301076,1909f56bfc062723c751e8b465ee728b)  -> (artifact id: 'f070c5cb7e7e34e1846d4cdf082f8830') in 0.009640 seconds 
========================================================================
Received Import Request.
  Time since last request: 210.329836 seconds.
  path: Assets/Materials/Blakc.mat
  artifactKey: Guid(45dc4fd5dfeed8f429e4f60793892aa6) Importer(815301076,1909f56bfc062723c751e8b465ee728b)
Start importing Assets/Materials/Blakc.mat using Guid(45dc4fd5dfeed8f429e4f60793892aa6) Importer(815301076,1909f56bfc062723c751e8b465ee728b)  -> (artifact id: '752694e555ed4a2e85e57d5efed23e05') in 0.124897 seconds 
========================================================================
Received Prepare
Registering precompiled user dll's ...
Registered in 0.007018 seconds.
Begin MonoManager ReloadAssembly
Symbol file LoadedFromMemory doesn't match image C:\Users\pfran\Documents\GitHub\MULT-150\Pfrancia_Hour10\Library\PackageCache\com.unity.visualscripting@1.8.0\Editor\VisualScripting.Core\Dependencies\YamlDotNet\Unity.VisualScripting.YamlDotNet.dll
Symbol file LoadedFromMemory doesn't match image C:\Users\pfran\Documents\GitHub\MULT-150\Pfrancia_Hour10\Library\PackageCache\com.unity.visualscripting@1.8.0\Editor\VisualScripting.Core\Dependencies\DotNetZip\Unity.VisualScripting.IonicZip.dll
Native extension for WindowsStandalone target not found
Refreshing native plugins compatible for Editor in 1.12 ms, found 3 plugins.
Preloading 0 native plugins for Editor in 0.00 ms.
Mono: successfully reloaded assembly
- Completed reload, in  1.974 seconds
Domain Reload Profiling:
	ReloadAssembly (1975ms)
		BeginReloadAssembly (189ms)
			ExecutionOrderSort (0ms)
			DisableScriptedObjects (5ms)
			BackupInstance (0ms)
			ReleaseScriptingObjects (0ms)
			CreateAndSetChildDomain (47ms)
		EndReloadAssembly (1636ms)
			LoadAssemblies (150ms)
			RebuildTransferFunctionScriptingTraits (0ms)
			SetupTypeCache (670ms)
			ReleaseScriptCaches (3ms)
			RebuildScriptCaches (87ms)
			SetupLoadedEditorAssemblies (580ms)
				LogAssemblyErrors (0ms)
				InitializePlatformSupportModulesInManaged (19ms)
				SetLoadedEditorAssemblies (1ms)
				RefreshPlugins (1ms)
				BeforeProcessingInitializeOnLoad (132ms)
				ProcessInitializeOnLoadAttributes (366ms)
				ProcessInitializeOnLoadMethodAttributes (41ms)
				AfterProcessingInitializeOnLoad (19ms)
				EditorAssembliesLoaded (1ms)
			ExecutionOrderSort2 (0ms)
			AwakeInstancesAfterBackupRestoration (15ms)
Platform modules already initialized, skipping
Refreshing native plugins compatible for Editor in 3.49 ms, found 3 plugins.
Preloading 0 native plugins for Editor in 0.00 ms.
Unloading 3055 Unused Serialized files (Serialized files now loaded: 0)
Unloading 15 unused Assets / (24.6 KB). Loaded Objects now: 3693.
Memory consumption went from 113.3 MB to 113.3 MB.
Total: 6.702700 ms (FindLiveObjects: 0.397500 ms CreateObjectMapping: 0.158400 ms MarkObjects: 6.013400 ms  DeleteObjects: 0.130700 ms)

AssetImportParameters requested are different than current active one (requested -> active):
  custom:video-decoder-ogg-theora: a1e56fd34408186e4bbccfd4996cb3dc -> 
  custom:container-muxer-webm: aa71ff27fc2769a1b78a27578f13a17b -> 
  custom:container-demuxer-webm: 4f35f7cbe854078d1ac9338744f61a02 -> 
  custom:video-encoder-webm-vp8: eb34c28f22e8b96e1ab97ce403110664 -> 
  custom:audio-encoder-webm-vorbis: bf7c407c2cedff20999df2af8eb42d56 -> 
  custom:framework-win-MediaFoundation: 216162199b28c13a410421893ffa2e32 -> 
  custom:container-demuxer-ogg: 62fdf1f143b41e24485cea50d1cbac27 -> 
  custom:video-decoder-webm-vp8: 9c59270c3fd7afecdb556c50c9e8de78 -> 
  custom:audio-decoder-ogg-vorbis: bf7c407c2cedff20999df2af8eb42d56 -> 
========================================================================
Received Prepare
Registering precompiled user dll's ...
Registered in 0.010690 seconds.
Begin MonoManager ReloadAssembly
Symbol file LoadedFromMemory doesn't match image C:\Users\pfran\Documents\GitHub\MULT-150\Pfrancia_Hour10\Library\PackageCache\com.unity.visualscripting@1.8.0\Editor\VisualScripting.Core\Dependencies\YamlDotNet\Unity.VisualScripting.YamlDotNet.dll
Symbol file LoadedFromMemory doesn't match image C:\Users\pfran\Documents\GitHub\MULT-150\Pfrancia_Hour10\Library\PackageCache\com.unity.visualscripting@1.8.0\Editor\VisualScripting.Core\Dependencies\DotNetZip\Unity.VisualScripting.IonicZip.dll
Native extension for WindowsStandalone target not found
Refreshing native plugins compatible for Editor in 1.67 ms, found 3 plugins.
Preloading 0 native plugins for Editor in 0.00 ms.
Mono: successfully reloaded assembly
- Completed reload, in  1.825 seconds
Domain Reload Profiling:
	ReloadAssembly (1826ms)
		BeginReloadAssembly (201ms)
			ExecutionOrderSort (0ms)
			DisableScriptedObjects (6ms)
			BackupInstance (0ms)
			ReleaseScriptingObjects (0ms)
			CreateAndSetChildDomain (39ms)
		EndReloadAssembly (1510ms)
			LoadAssemblies (130ms)
			RebuildTransferFunctionScriptingTraits (0ms)
			SetupTypeCache (551ms)
			ReleaseScriptCaches (3ms)
			RebuildScriptCaches (86ms)
			SetupLoadedEditorAssemblies (587ms)
				LogAssemblyErrors (0ms)
				InitializePlatformSupportModulesInManaged (11ms)
				SetLoadedEditorAssemblies (1ms)
				RefreshPlugins (2ms)
				BeforeProcessingInitializeOnLoad (125ms)
				ProcessInitializeOnLoadAttributes (390ms)
				ProcessInitializeOnLoadMethodAttributes (37ms)
				AfterProcessingInitializeOnLoad (21ms)
				EditorAssembliesLoaded (1ms)
			ExecutionOrderSort2 (0ms)
			AwakeInstancesAfterBackupRestoration (12ms)
Platform modules already initialized, skipping
Refreshing native plugins compatible for Editor in 4.87 ms, found 3 plugins.
Preloading 0 native plugins for Editor in 0.00 ms.
Unloading 3055 Unused Serialized files (Serialized files now loaded: 0)
Unloading 15 unused Assets / (24.6 KB). Loaded Objects now: 3696.
Memory consumption went from 113.3 MB to 113.3 MB.
Total: 6.979800 ms (FindLiveObjects: 0.745000 ms CreateObjectMapping: 0.115500 ms MarkObjects: 6.062400 ms  DeleteObjects: 0.054400 ms)

AssetImportParameters requested are different than current active one (requested -> active):
  custom:video-decoder-ogg-theora: a1e56fd34408186e4bbccfd4996cb3dc -> 
  custom:container-muxer-webm: aa71ff27fc2769a1b78a27578f13a17b -> 
  custom:container-demuxer-webm: 4f35f7cbe854078d1ac9338744f61a02 -> 
  custom:video-encoder-webm-vp8: eb34c28f22e8b96e1ab97ce403110664 -> 
  custom:audio-encoder-webm-vorbis: bf7c407c2cedff20999df2af8eb42d56 -> 
  custom:framework-win-MediaFoundation: 216162199b28c13a410421893ffa2e32 -> 
  custom:container-demuxer-ogg: 62fdf1f143b41e24485cea50d1cbac27 -> 
  custom:video-decoder-webm-vp8: 9c59270c3fd7afecdb556c50c9e8de78 -> 
  custom:audio-decoder-ogg-vorbis: bf7c407c2cedff20999df2af8eb42d56 -> 
========================================================================
Received Prepare
Registering precompiled user dll's ...
Registered in 0.006784 seconds.
Begin MonoManager ReloadAssembly
Symbol file LoadedFromMemory doesn't match image C:\Users\pfran\Documents\GitHub\MULT-150\Pfrancia_Hour10\Library\PackageCache\com.unity.visualscripting@1.8.0\Editor\VisualScripting.Core\Dependencies\YamlDotNet\Unity.VisualScripting.YamlDotNet.dll
Symbol file LoadedFromMemory doesn't match image C:\Users\pfran\Documents\GitHub\MULT-150\Pfrancia_Hour10\Library\PackageCache\com.unity.visualscripting@1.8.0\Editor\VisualScripting.Core\Dependencies\DotNetZip\Unity.VisualScripting.IonicZip.dll
Native extension for WindowsStandalone target not found
Refreshing native plugins compatible for Editor in 1.10 ms, found 3 plugins.
Preloading 0 native plugins for Editor in 0.00 ms.
Mono: successfully reloaded assembly
- Completed reload, in  1.725 seconds
Domain Reload Profiling:
	ReloadAssembly (1727ms)
		BeginReloadAssembly (177ms)
			ExecutionOrderSort (0ms)
			DisableScriptedObjects (6ms)
			BackupInstance (0ms)
			ReleaseScriptingObjects (0ms)
			CreateAndSetChildDomain (37ms)
		EndReloadAssembly (1436ms)
			LoadAssemblies (125ms)
			RebuildTransferFunctionScriptingTraits (0ms)
			SetupTypeCache (556ms)
			ReleaseScriptCaches (3ms)
			RebuildScriptCaches (71ms)
			SetupLoadedEditorAssemblies (571ms)
				LogAssemblyErrors (0ms)
				InitializePlatformSupportModulesInManaged (13ms)
				SetLoadedEditorAssemblies (2ms)
				RefreshPlugins (1ms)
				BeforeProcessingInitializeOnLoad (137ms)
				ProcessInitializeOnLoadAttributes (356ms)
				ProcessInitializeOnLoadMethodAttributes (43ms)
				AfterProcessingInitializeOnLoad (18ms)
				EditorAssembliesLoaded (0ms)
			ExecutionOrderSort2 (0ms)
			AwakeInstancesAfterBackupRestoration (12ms)
Platform modules already initialized, skipping
Refreshing native plugins compatible for Editor in 3.75 ms, found 3 plugins.
Preloading 0 native plugins for Editor in 0.00 ms.
Unloading 3055 Unused Serialized files (Serialized files now loaded: 0)
Unloading 15 unused Assets / (24.6 KB). Loaded Objects now: 3699.
Memory consumption went from 113.3 MB to 113.3 MB.
Total: 5.660900 ms (FindLiveObjects: 0.994600 ms CreateObjectMapping: 0.280800 ms MarkObjects: 4.326900 ms  DeleteObjects: 0.056200 ms)

AssetImportParameters requested are different than current active one (requested -> active):
  custom:video-decoder-ogg-theora: a1e56fd34408186e4bbccfd4996cb3dc -> 
  custom:container-muxer-webm: aa71ff27fc2769a1b78a27578f13a17b -> 
  custom:container-demuxer-webm: 4f35f7cbe854078d1ac9338744f61a02 -> 
  custom:video-encoder-webm-vp8: eb34c28f22e8b96e1ab97ce403110664 -> 
  custom:audio-encoder-webm-vorbis: bf7c407c2cedff20999df2af8eb42d56 -> 
  custom:framework-win-MediaFoundation: 216162199b28c13a410421893ffa2e32 -> 
  custom:container-demuxer-ogg: 62fdf1f143b41e24485cea50d1cbac27 -> 
  custom:video-decoder-webm-vp8: 9c59270c3fd7afecdb556c50c9e8de78 -> 
  custom:audio-decoder-ogg-vorbis: bf7c407c2cedff20999df2af8eb42d56 -> 
========================================================================
Received Prepare
Registering precompiled user dll's ...
Registered in 0.008932 seconds.
Begin MonoManager ReloadAssembly
Symbol file LoadedFromMemory doesn't match image C:\Users\pfran\Documents\GitHub\MULT-150\Pfrancia_Hour10\Library\PackageCache\com.unity.visualscripting@1.8.0\Editor\VisualScripting.Core\Dependencies\YamlDotNet\Unity.VisualScripting.YamlDotNet.dll
Symbol file LoadedFromMemory doesn't match image C:\Users\pfran\Documents\GitHub\MULT-150\Pfrancia_Hour10\Library\PackageCache\com.unity.visualscripting@1.8.0\Editor\VisualScripting.Core\Dependencies\DotNetZip\Unity.VisualScripting.IonicZip.dll
Native extension for WindowsStandalone target not found
Refreshing native plugins compatible for Editor in 1.81 ms, found 3 plugins.
Preloading 0 native plugins for Editor in 0.00 ms.
Mono: successfully reloaded assembly
- Completed reload, in  1.761 seconds
Domain Reload Profiling:
	ReloadAssembly (1762ms)
		BeginReloadAssembly (167ms)
			ExecutionOrderSort (0ms)
			DisableScriptedObjects (5ms)
			BackupInstance (0ms)
			ReleaseScriptingObjects (0ms)
			CreateAndSetChildDomain (39ms)
		EndReloadAssembly (1470ms)
			LoadAssemblies (114ms)
			RebuildTransferFunctionScriptingTraits (0ms)
			SetupTypeCache (465ms)
			ReleaseScriptCaches (3ms)
			RebuildScriptCaches (82ms)
			SetupLoadedEditorAssemblies (708ms)
				LogAssemblyErrors (0ms)
				InitializePlatformSupportModulesInManaged (23ms)
				SetLoadedEditorAssemblies (1ms)
				RefreshPlugins (2ms)
				BeforeProcessingInitializeOnLoad (175ms)
				ProcessInitializeOnLoadAttributes (442ms)
				ProcessInitializeOnLoadMethodAttributes (42ms)
				AfterProcessingInitializeOnLoad (23ms)
				EditorAssembliesLoaded (0ms)
			ExecutionOrderSort2 (0ms)
			AwakeInstancesAfterBackupRestoration (13ms)
Platform modules already initialized, skipping
Refreshing native plugins compatible for Editor in 5.85 ms, found 3 plugins.
Preloading 0 native plugins for Editor in 0.00 ms.
Unloading 3055 Unused Serialized files (Serialized files now loaded: 0)
Unloading 15 unused Assets / (24.6 KB). Loaded Objects now: 3702.
Memory consumption went from 113.3 MB to 113.3 MB.
Total: 6.341000 ms (FindLiveObjects: 0.830600 ms CreateObjectMapping: 0.389100 ms MarkObjects: 5.044500 ms  DeleteObjects: 0.074600 ms)

AssetImportParameters requested are different than current active one (requested -> active):
  custom:video-decoder-ogg-theora: a1e56fd34408186e4bbccfd4996cb3dc -> 
  custom:container-muxer-webm: aa71ff27fc2769a1b78a27578f13a17b -> 
  custom:container-demuxer-webm: 4f35f7cbe854078d1ac9338744f61a02 -> 
  custom:video-encoder-webm-vp8: eb34c28f22e8b96e1ab97ce403110664 -> 
  custom:audio-encoder-webm-vorbis: bf7c407c2cedff20999df2af8eb42d56 -> 
  custom:framework-win-MediaFoundation: 216162199b28c13a410421893ffa2e32 -> 
  custom:container-demuxer-ogg: 62fdf1f143b41e24485cea50d1cbac27 -> 
  custom:video-decoder-webm-vp8: 9c59270c3fd7afecdb556c50c9e8de78 -> 
  custom:audio-decoder-ogg-vorbis: bf7c407c2cedff20999df2af8eb42d56 -> 
========================================================================
Received Prepare
Registering precompiled user dll's ...
Registered in 0.008321 seconds.
Begin MonoManager ReloadAssembly
Symbol file LoadedFromMemory doesn't match image C:\Users\pfran\Documents\GitHub\MULT-150\Pfrancia_Hour10\Library\PackageCache\com.unity.visualscripting@1.8.0\Editor\VisualScripting.Core\Dependencies\YamlDotNet\Unity.VisualScripting.YamlDotNet.dll
Symbol file LoadedFromMemory doesn't match image C:\Users\pfran\Documents\GitHub\MULT-150\Pfrancia_Hour10\Library\PackageCache\com.unity.visualscripting@1.8.0\Editor\VisualScripting.Core\Dependencies\DotNetZip\Unity.VisualScripting.IonicZip.dll
Native extension for WindowsStandalone target not found
Refreshing native plugins compatible for Editor in 2.30 ms, found 3 plugins.
Preloading 0 native plugins for Editor in 0.00 ms.
Mono: successfully reloaded assembly
- Completed reload, in  1.713 seconds
Domain Reload Profiling:
	ReloadAssembly (1714ms)
		BeginReloadAssembly (177ms)
			ExecutionOrderSort (0ms)
			DisableScriptedObjects (6ms)
			BackupInstance (0ms)
			ReleaseScriptingObjects (0ms)
			CreateAndSetChildDomain (38ms)
		EndReloadAssembly (1389ms)
			LoadAssemblies (122ms)
			RebuildTransferFunctionScriptingTraits (0ms)
			SetupTypeCache (488ms)
			ReleaseScriptCaches (2ms)
			RebuildScriptCaches (83ms)
			SetupLoadedEditorAssemblies (568ms)
				LogAssemblyErrors (0ms)
				InitializePlatformSupportModulesInManaged (23ms)
				SetLoadedEditorAssemblies (5ms)
				RefreshPlugins (3ms)
				BeforeProcessingInitializeOnLoad (117ms)
				ProcessInitializeOnLoadAttributes (361ms)
				ProcessInitializeOnLoadMethodAttributes (39ms)
				AfterProcessingInitializeOnLoad (20ms)
				EditorAssembliesLoaded (0ms)
			ExecutionOrderSort2 (0ms)
			AwakeInstancesAfterBackupRestoration (13ms)
Platform modules already initialized, skipping
Refreshing native plugins compatible for Editor in 3.71 ms, found 3 plugins.
Preloading 0 native plugins for Editor in 0.00 ms.
Unloading 3055 Unused Serialized files (Serialized files now loaded: 0)
Unloading 15 unused Assets / (24.6 KB). Loaded Objects now: 3705.
Memory consumption went from 113.3 MB to 113.3 MB.
Total: 6.672000 ms (FindLiveObjects: 0.620800 ms CreateObjectMapping: 0.189600 ms MarkObjects: 5.756200 ms  DeleteObjects: 0.103400 ms)

AssetImportParameters requested are different than current active one (requested -> active):
  custom:video-decoder-ogg-theora: a1e56fd34408186e4bbccfd4996cb3dc -> 
  custom:container-muxer-webm: aa71ff27fc2769a1b78a27578f13a17b -> 
  custom:container-demuxer-webm: 4f35f7cbe854078d1ac9338744f61a02 -> 
  custom:video-encoder-webm-vp8: eb34c28f22e8b96e1ab97ce403110664 -> 
  custom:audio-encoder-webm-vorbis: bf7c407c2cedff20999df2af8eb42d56 -> 
  custom:framework-win-MediaFoundation: 216162199b28c13a410421893ffa2e32 -> 
  custom:container-demuxer-ogg: 62fdf1f143b41e24485cea50d1cbac27 -> 
  custom:video-decoder-webm-vp8: 9c59270c3fd7afecdb556c50c9e8de78 -> 
  custom:audio-decoder-ogg-vorbis: bf7c407c2cedff20999df2af8eb42d56 -> 
========================================================================
Received Import Request.
  Time since last request: 800.225203 seconds.
  path: Assets/Materials/Blakc.mat
  artifactKey: Guid(45dc4fd5dfeed8f429e4f60793892aa6) Importer(815301076,1909f56bfc062723c751e8b465ee728b)
Start importing Assets/Materials/Blakc.mat using Guid(45dc4fd5dfeed8f429e4f60793892aa6) Importer(815301076,1909f56bfc062723c751e8b465ee728b)  -> (artifact id: '4743e132688bcc19b2792e47f1b7d109') in 0.094174 seconds 
========================================================================
Received Import Request.
  Time since last request: 187.299407 seconds.
  path: Assets/Materials/Blakc.mat
  artifactKey: Guid(45dc4fd5dfeed8f429e4f60793892aa6) Importer(815301076,1909f56bfc062723c751e8b465ee728b)
Start importing Assets/Materials/Blakc.mat using Guid(45dc4fd5dfeed8f429e4f60793892aa6) Importer(815301076,1909f56bfc062723c751e8b465ee728b)  -> (artifact id: '33ce1f9faa552934491be47bc5d16fcc') in 0.022658 seconds 
========================================================================
Received Prepare
Registering precompiled user dll's ...
Registered in 0.008029 seconds.
Begin MonoManager ReloadAssembly
Symbol file LoadedFromMemory doesn't match image C:\Users\pfran\Documents\GitHub\MULT-150\Pfrancia_Hour10\Library\PackageCache\com.unity.visualscripting@1.8.0\Editor\VisualScripting.Core\Dependencies\YamlDotNet\Unity.VisualScripting.YamlDotNet.dll
Symbol file LoadedFromMemory doesn't match image C:\Users\pfran\Documents\GitHub\MULT-150\Pfrancia_Hour10\Library\PackageCache\com.unity.visualscripting@1.8.0\Editor\VisualScripting.Core\Dependencies\DotNetZip\Unity.VisualScripting.IonicZip.dll
Native extension for WindowsStandalone target not found
Refreshing native plugins compatible for Editor in 0.67 ms, found 3 plugins.
Preloading 0 native plugins for Editor in 0.00 ms.
Mono: successfully reloaded assembly
- Completed reload, in  1.686 seconds
Domain Reload Profiling:
	ReloadAssembly (1690ms)
		BeginReloadAssembly (524ms)
			ExecutionOrderSort (0ms)
			DisableScriptedObjects (8ms)
			BackupInstance (0ms)
			ReleaseScriptingObjects (0ms)
			CreateAndSetChildDomain (121ms)
		EndReloadAssembly (1044ms)
			LoadAssemblies (369ms)
			RebuildTransferFunctionScriptingTraits (0ms)
			SetupTypeCache (284ms)
			ReleaseScriptCaches (1ms)
			RebuildScriptCaches (45ms)
			SetupLoadedEditorAssemblies (568ms)
				LogAssemblyErrors (0ms)
				InitializePlatformSupportModulesInManaged (6ms)
				SetLoadedEditorAssemblies (1ms)
				RefreshPlugins (1ms)
				BeforeProcessingInitializeOnLoad (75ms)
				ProcessInitializeOnLoadAttributes (451ms)
				ProcessInitializeOnLoadMethodAttributes (22ms)
				AfterProcessingInitializeOnLoad (12ms)
				EditorAssembliesLoaded (0ms)
			ExecutionOrderSort2 (0ms)
			AwakeInstancesAfterBackupRestoration (8ms)
Platform modules already initialized, skipping
Refreshing native plugins compatible for Editor in 2.24 ms, found 3 plugins.
Preloading 0 native plugins for Editor in 0.00 ms.
Unloading 3056 Unused Serialized files (Serialized files now loaded: 0)
Unloading 15 unused Assets / (24.6 KB). Loaded Objects now: 3709.
Memory consumption went from 113.4 MB to 113.3 MB.
Total: 3.690500 ms (FindLiveObjects: 0.414200 ms CreateObjectMapping: 0.172900 ms MarkObjects: 3.065600 ms  DeleteObjects: 0.036000 ms)

AssetImportParameters requested are different than current active one (requested -> active):
  custom:video-decoder-ogg-theora: a1e56fd34408186e4bbccfd4996cb3dc -> 
  custom:container-muxer-webm: aa71ff27fc2769a1b78a27578f13a17b -> 
  custom:container-demuxer-webm: 4f35f7cbe854078d1ac9338744f61a02 -> 
  custom:video-encoder-webm-vp8: eb34c28f22e8b96e1ab97ce403110664 -> 
  custom:audio-encoder-webm-vorbis: bf7c407c2cedff20999df2af8eb42d56 -> 
  custom:framework-win-MediaFoundation: 216162199b28c13a410421893ffa2e32 -> 
  custom:container-demuxer-ogg: 62fdf1f143b41e24485cea50d1cbac27 -> 
  custom:video-decoder-webm-vp8: 9c59270c3fd7afecdb556c50c9e8de78 -> 
  custom:audio-decoder-ogg-vorbis: bf7c407c2cedff20999df2af8eb42d56 -> 
========================================================================
Received Prepare
Registering precompiled user dll's ...
Registered in 0.008405 seconds.
Begin MonoManager ReloadAssembly
Symbol file LoadedFromMemory doesn't match image C:\Users\pfran\Documents\GitHub\MULT-150\Pfrancia_Hour10\Library\PackageCache\com.unity.visualscripting@1.8.0\Editor\VisualScripting.Core\Dependencies\YamlDotNet\Unity.VisualScripting.YamlDotNet.dll
Symbol file LoadedFromMemory doesn't match image C:\Users\pfran\Documents\GitHub\MULT-150\Pfrancia_Hour10\Library\PackageCache\com.unity.visualscripting@1.8.0\Editor\VisualScripting.Core\Dependencies\DotNetZip\Unity.VisualScripting.IonicZip.dll
Native extension for WindowsStandalone target not found
Refreshing native plugins compatible for Editor in 0.58 ms, found 3 plugins.
Preloading 0 native plugins for Editor in 0.00 ms.
Mono: successfully reloaded assembly
- Completed reload, in  1.229 seconds
Domain Reload Profiling:
	ReloadAssembly (1229ms)
		BeginReloadAssembly (176ms)
			ExecutionOrderSort (0ms)
			DisableScriptedObjects (7ms)
			BackupInstance (0ms)
			ReleaseScriptingObjects (0ms)
			CreateAndSetChildDomain (44ms)
		EndReloadAssembly (939ms)
			LoadAssemblies (122ms)
			RebuildTransferFunctionScriptingTraits (0ms)
			SetupTypeCache (437ms)
			ReleaseScriptCaches (2ms)
			RebuildScriptCaches (41ms)
			SetupLoadedEditorAssemblies (313ms)
				LogAssemblyErrors (0ms)
				InitializePlatformSupportModulesInManaged (6ms)
				SetLoadedEditorAssemblies (0ms)
				RefreshPlugins (1ms)
				BeforeProcessingInitializeOnLoad (77ms)
				ProcessInitializeOnLoadAttributes (196ms)
				ProcessInitializeOnLoadMethodAttributes (20ms)
				AfterProcessingInitializeOnLoad (12ms)
				EditorAssembliesLoaded (0ms)
			ExecutionOrderSort2 (0ms)
			AwakeInstancesAfterBackupRestoration (7ms)
Platform modules already initialized, skipping
Refreshing native plugins compatible for Editor in 2.62 ms, found 3 plugins.
Preloading 0 native plugins for Editor in 0.00 ms.
Unloading 3056 Unused Serialized files (Serialized files now loaded: 0)
Unloading 15 unused Assets / (24.6 KB). Loaded Objects now: 3712.
Memory consumption went from 113.4 MB to 113.3 MB.
Total: 3.685200 ms (FindLiveObjects: 0.310900 ms CreateObjectMapping: 0.083600 ms MarkObjects: 3.242100 ms  DeleteObjects: 0.046500 ms)

AssetImportParameters requested are different than current active one (requested -> active):
  custom:video-decoder-ogg-theora: a1e56fd34408186e4bbccfd4996cb3dc -> 
  custom:container-muxer-webm: aa71ff27fc2769a1b78a27578f13a17b -> 
  custom:container-demuxer-webm: 4f35f7cbe854078d1ac9338744f61a02 -> 
  custom:video-encoder-webm-vp8: eb34c28f22e8b96e1ab97ce403110664 -> 
  custom:audio-encoder-webm-vorbis: bf7c407c2cedff20999df2af8eb42d56 -> 
  custom:framework-win-MediaFoundation: 216162199b28c13a410421893ffa2e32 -> 
  custom:container-demuxer-ogg: 62fdf1f143b41e24485cea50d1cbac27 -> 
  custom:video-decoder-webm-vp8: 9c59270c3fd7afecdb556c50c9e8de78 -> 
  custom:audio-decoder-ogg-vorbis: bf7c407c2cedff20999df2af8eb42d56 -> 
========================================================================
Received Import Request.
  Time since last request: 447.849186 seconds.
  path: Assets/Scripts/GameManager.cs
  artifactKey: Guid(38c1e889fc6c8fa4f8183e732de782fe) Importer(815301076,1909f56bfc062723c751e8b465ee728b)
Start importing Assets/Scripts/GameManager.cs using Guid(38c1e889fc6c8fa4f8183e732de782fe) Importer(815301076,1909f56bfc062723c751e8b465ee728b)  -> (artifact id: '62e749a800781307c6af16ae5b03b7cc') in 0.010052 seconds 
========================================================================
Received Prepare
Registering precompiled user dll's ...
Registered in 0.010460 seconds.
Begin MonoManager ReloadAssembly
Symbol file LoadedFromMemory doesn't match image C:\Users\pfran\Documents\GitHub\MULT-150\Pfrancia_Hour10\Library\PackageCache\com.unity.visualscripting@1.8.0\Editor\VisualScripting.Core\Dependencies\YamlDotNet\Unity.VisualScripting.YamlDotNet.dll
Symbol file LoadedFromMemory doesn't match image C:\Users\pfran\Documents\GitHub\MULT-150\Pfrancia_Hour10\Library\PackageCache\com.unity.visualscripting@1.8.0\Editor\VisualScripting.Core\Dependencies\DotNetZip\Unity.VisualScripting.IonicZip.dll
Native extension for WindowsStandalone target not found
Refreshing native plugins compatible for Editor in 1.38 ms, found 3 plugins.
Preloading 0 native plugins for Editor in 0.00 ms.
Mono: successfully reloaded assembly
- Completed reload, in  1.633 seconds
Domain Reload Profiling:
	ReloadAssembly (1634ms)
		BeginReloadAssembly (191ms)
			ExecutionOrderSort (0ms)
			DisableScriptedObjects (6ms)
			BackupInstance (0ms)
			ReleaseScriptingObjects (0ms)
			CreateAndSetChildDomain (39ms)
		EndReloadAssembly (1332ms)
			LoadAssemblies (126ms)
			RebuildTransferFunctionScriptingTraits (0ms)
			SetupTypeCache (457ms)
			ReleaseScriptCaches (3ms)
			RebuildScriptCaches (82ms)
			SetupLoadedEditorAssemblies (592ms)
				LogAssemblyErrors (0ms)
				InitializePlatformSupportModulesInManaged (13ms)
				SetLoadedEditorAssemblies (1ms)
				RefreshPlugins (2ms)
				BeforeProcessingInitializeOnLoad (165ms)
				ProcessInitializeOnLoadAttributes (360ms)
				ProcessInitializeOnLoadMethodAttributes (34ms)
				AfterProcessingInitializeOnLoad (18ms)
				EditorAssembliesLoaded (1ms)
			ExecutionOrderSort2 (0ms)
			AwakeInstancesAfterBackupRestoration (12ms)
Platform modules already initialized, skipping
Refreshing native plugins compatible for Editor in 3.64 ms, found 3 plugins.
Preloading 0 native plugins for Editor in 0.00 ms.
Unloading 3056 Unused Serialized files (Serialized files now loaded: 0)
Unloading 15 unused Assets / (24.7 KB). Loaded Objects now: 3715.
Memory consumption went from 113.4 MB to 113.3 MB.
Total: 4.964500 ms (FindLiveObjects: 0.431000 ms CreateObjectMapping: 0.156500 ms MarkObjects: 4.320900 ms  DeleteObjects: 0.054500 ms)

AssetImportParameters requested are different than current active one (requested -> active):
  custom:video-decoder-ogg-theora: a1e56fd34408186e4bbccfd4996cb3dc -> 
  custom:container-muxer-webm: aa71ff27fc2769a1b78a27578f13a17b -> 
  custom:container-demuxer-webm: 4f35f7cbe854078d1ac9338744f61a02 -> 
  custom:video-encoder-webm-vp8: eb34c28f22e8b96e1ab97ce403110664 -> 
  custom:audio-encoder-webm-vorbis: bf7c407c2cedff20999df2af8eb42d56 -> 
  custom:framework-win-MediaFoundation: 216162199b28c13a410421893ffa2e32 -> 
  custom:container-demuxer-ogg: 62fdf1f143b41e24485cea50d1cbac27 -> 
  custom:video-decoder-webm-vp8: 9c59270c3fd7afecdb556c50c9e8de78 -> 
  custom:audio-decoder-ogg-vorbis: bf7c407c2cedff20999df2af8eb42d56 -> 
========================================================================
Received Prepare
Registering precompiled user dll's ...
Registered in 0.007640 seconds.
Begin MonoManager ReloadAssembly
Symbol file LoadedFromMemory doesn't match image C:\Users\pfran\Documents\GitHub\MULT-150\Pfrancia_Hour10\Library\PackageCache\com.unity.visualscripting@1.8.0\Editor\VisualScripting.Core\Dependencies\YamlDotNet\Unity.VisualScripting.YamlDotNet.dll
Symbol file LoadedFromMemory doesn't match image C:\Users\pfran\Documents\GitHub\MULT-150\Pfrancia_Hour10\Library\PackageCache\com.unity.visualscripting@1.8.0\Editor\VisualScripting.Core\Dependencies\DotNetZip\Unity.VisualScripting.IonicZip.dll
Native extension for WindowsStandalone target not found
Refreshing native plugins compatible for Editor in 1.53 ms, found 3 plugins.
Preloading 0 native plugins for Editor in 0.00 ms.
Mono: successfully reloaded assembly
- Completed reload, in  1.926 seconds
Domain Reload Profiling:
	ReloadAssembly (1927ms)
		BeginReloadAssembly (177ms)
			ExecutionOrderSort (0ms)
			DisableScriptedObjects (5ms)
			BackupInstance (0ms)
			ReleaseScriptingObjects (0ms)
			CreateAndSetChildDomain (37ms)
		EndReloadAssembly (1643ms)
			LoadAssemblies (122ms)
			RebuildTransferFunctionScriptingTraits (0ms)
			SetupTypeCache (710ms)
			ReleaseScriptCaches (3ms)
			RebuildScriptCaches (119ms)
			SetupLoadedEditorAssemblies (584ms)
				LogAssemblyErrors (0ms)
				InitializePlatformSupportModulesInManaged (12ms)
				SetLoadedEditorAssemblies (1ms)
				RefreshPlugins (2ms)
				BeforeProcessingInitializeOnLoad (122ms)
				ProcessInitializeOnLoadAttributes (391ms)
				ProcessInitializeOnLoadMethodAttributes (35ms)
				AfterProcessingInitializeOnLoad (20ms)
				EditorAssembliesLoaded (0ms)
			ExecutionOrderSort2 (0ms)
			AwakeInstancesAfterBackupRestoration (12ms)
Platform modules already initialized, skipping
Refreshing native plugins compatible for Editor in 5.12 ms, found 3 plugins.
Preloading 0 native plugins for Editor in 0.00 ms.
Unloading 3056 Unused Serialized files (Serialized files now loaded: 0)
Unloading 15 unused Assets / (24.7 KB). Loaded Objects now: 3718.
Memory consumption went from 113.4 MB to 113.4 MB.
Total: 8.121200 ms (FindLiveObjects: 0.775200 ms CreateObjectMapping: 1.000400 ms MarkObjects: 6.293800 ms  DeleteObjects: 0.050200 ms)

AssetImportParameters requested are different than current active one (requested -> active):
  custom:video-decoder-ogg-theora: a1e56fd34408186e4bbccfd4996cb3dc -> 
  custom:container-muxer-webm: aa71ff27fc2769a1b78a27578f13a17b -> 
  custom:container-demuxer-webm: 4f35f7cbe854078d1ac9338744f61a02 -> 
  custom:video-encoder-webm-vp8: eb34c28f22e8b96e1ab97ce403110664 -> 
  custom:audio-encoder-webm-vorbis: bf7c407c2cedff20999df2af8eb42d56 -> 
  custom:framework-win-MediaFoundation: 216162199b28c13a410421893ffa2e32 -> 
  custom:container-demuxer-ogg: 62fdf1f143b41e24485cea50d1cbac27 -> 
  custom:video-decoder-webm-vp8: 9c59270c3fd7afecdb556c50c9e8de78 -> 
  custom:audio-decoder-ogg-vorbis: bf7c407c2cedff20999df2af8eb42d56 -> 
========================================================================
Received Prepare
Registering precompiled user dll's ...
Registered in 0.008361 seconds.
Begin MonoManager ReloadAssembly
Symbol file LoadedFromMemory doesn't match image C:\Users\pfran\Documents\GitHub\MULT-150\Pfrancia_Hour10\Library\PackageCache\com.unity.visualscripting@1.8.0\Editor\VisualScripting.Core\Dependencies\YamlDotNet\Unity.VisualScripting.YamlDotNet.dll
Symbol file LoadedFromMemory doesn't match image C:\Users\pfran\Documents\GitHub\MULT-150\Pfrancia_Hour10\Library\PackageCache\com.unity.visualscripting@1.8.0\Editor\VisualScripting.Core\Dependencies\DotNetZip\Unity.VisualScripting.IonicZip.dll
Native extension for WindowsStandalone target not found
Refreshing native plugins compatible for Editor in 1.24 ms, found 3 plugins.
Preloading 0 native plugins for Editor in 0.00 ms.
Mono: successfully reloaded assembly
- Completed reload, in  2.038 seconds
Domain Reload Profiling:
	ReloadAssembly (2039ms)
		BeginReloadAssembly (213ms)
			ExecutionOrderSort (0ms)
			DisableScriptedObjects (5ms)
			BackupInstance (0ms)
			ReleaseScriptingObjects (0ms)
			CreateAndSetChildDomain (77ms)
		EndReloadAssembly (1631ms)
			LoadAssemblies (173ms)
			RebuildTransferFunctionScriptingTraits (0ms)
			SetupTypeCache (590ms)
			ReleaseScriptCaches (2ms)
			RebuildScriptCaches (79ms)
			SetupLoadedEditorAssemblies (660ms)
				LogAssemblyErrors (0ms)
				InitializePlatformSupportModulesInManaged (15ms)
				SetLoadedEditorAssemblies (1ms)
				RefreshPlugins (2ms)
				BeforeProcessingInitializeOnLoad (126ms)
				ProcessInitializeOnLoadAttributes (452ms)
				ProcessInitializeOnLoadMethodAttributes (38ms)
				AfterProcessingInitializeOnLoad (26ms)
				EditorAssembliesLoaded (0ms)
			ExecutionOrderSort2 (0ms)
			AwakeInstancesAfterBackupRestoration (15ms)
Platform modules already initialized, skipping
Refreshing native plugins compatible for Editor in 3.69 ms, found 3 plugins.
Preloading 0 native plugins for Editor in 0.00 ms.
Unloading 3056 Unused Serialized files (Serialized files now loaded: 0)
Unloading 15 unused Assets / (24.7 KB). Loaded Objects now: 3721.
Memory consumption went from 113.4 MB to 113.4 MB.
Total: 6.165700 ms (FindLiveObjects: 0.575800 ms CreateObjectMapping: 0.157100 ms MarkObjects: 5.381900 ms  DeleteObjects: 0.049300 ms)

AssetImportParameters requested are different than current active one (requested -> active):
  custom:video-decoder-ogg-theora: a1e56fd34408186e4bbccfd4996cb3dc -> 
  custom:container-muxer-webm: aa71ff27fc2769a1b78a27578f13a17b -> 
  custom:container-demuxer-webm: 4f35f7cbe854078d1ac9338744f61a02 -> 
  custom:video-encoder-webm-vp8: eb34c28f22e8b96e1ab97ce403110664 -> 
  custom:audio-encoder-webm-vorbis: bf7c407c2cedff20999df2af8eb42d56 -> 
  custom:framework-win-MediaFoundation: 216162199b28c13a410421893ffa2e32 -> 
  custom:container-demuxer-ogg: 62fdf1f143b41e24485cea50d1cbac27 -> 
  custom:video-decoder-webm-vp8: 9c59270c3fd7afecdb556c50c9e8de78 -> 
  custom:audio-decoder-ogg-vorbis: bf7c407c2cedff20999df2af8eb42d56 -> 
========================================================================
Received Prepare
Registering precompiled user dll's ...
Registered in 0.007296 seconds.
Begin MonoManager ReloadAssembly
Symbol file LoadedFromMemory doesn't match image C:\Users\pfran\Documents\GitHub\MULT-150\Pfrancia_Hour10\Library\PackageCache\com.unity.visualscripting@1.8.0\Editor\VisualScripting.Core\Dependencies\YamlDotNet\Unity.VisualScripting.YamlDotNet.dll
Symbol file LoadedFromMemory doesn't match image C:\Users\pfran\Documents\GitHub\MULT-150\Pfrancia_Hour10\Library\PackageCache\com.unity.visualscripting@1.8.0\Editor\VisualScripting.Core\Dependencies\DotNetZip\Unity.VisualScripting.IonicZip.dll
Native extension for WindowsStandalone target not found
Refreshing native plugins compatible for Editor in 1.19 ms, found 3 plugins.
Preloading 0 native plugins for Editor in 0.00 ms.
Mono: successfully reloaded assembly
- Completed reload, in  1.627 seconds
Domain Reload Profiling:
	ReloadAssembly (1628ms)
		BeginReloadAssembly (169ms)
			ExecutionOrderSort (0ms)
			DisableScriptedObjects (7ms)
			BackupInstance (0ms)
			ReleaseScriptingObjects (0ms)
			CreateAndSetChildDomain (34ms)
		EndReloadAssembly (1333ms)
			LoadAssemblies (113ms)
			RebuildTransferFunctionScriptingTraits (0ms)
			SetupTypeCache (416ms)
			ReleaseScriptCaches (3ms)
			RebuildScriptCaches (79ms)
			SetupLoadedEditorAssemblies (615ms)
				LogAssemblyErrors (0ms)
				InitializePlatformSupportModulesInManaged (14ms)
				SetLoadedEditorAssemblies (1ms)
				RefreshPlugins (1ms)
				BeforeProcessingInitializeOnLoad (128ms)
				ProcessInitializeOnLoadAttributes (417ms)
				ProcessInitializeOnLoadMethodAttributes (36ms)
				AfterProcessingInitializeOnLoad (18ms)
				EditorAssembliesLoaded (0ms)
			ExecutionOrderSort2 (0ms)
			AwakeInstancesAfterBackupRestoration (11ms)
Platform modules already initialized, skipping
Refreshing native plugins compatible for Editor in 5.92 ms, found 3 plugins.
Preloading 0 native plugins for Editor in 0.00 ms.
Unloading 3056 Unused Serialized files (Serialized files now loaded: 0)
Unloading 15 unused Assets / (24.7 KB). Loaded Objects now: 3724.
Memory consumption went from 113.4 MB to 113.4 MB.
Total: 8.369500 ms (FindLiveObjects: 0.825200 ms CreateObjectMapping: 0.720800 ms MarkObjects: 6.752300 ms  DeleteObjects: 0.069700 ms)

AssetImportParameters requested are different than current active one (requested -> active):
  custom:video-decoder-ogg-theora: a1e56fd34408186e4bbccfd4996cb3dc -> 
  custom:container-muxer-webm: aa71ff27fc2769a1b78a27578f13a17b -> 
  custom:container-demuxer-webm: 4f35f7cbe854078d1ac9338744f61a02 -> 
  custom:video-encoder-webm-vp8: eb34c28f22e8b96e1ab97ce403110664 -> 
  custom:audio-encoder-webm-vorbis: bf7c407c2cedff20999df2af8eb42d56 -> 
  custom:framework-win-MediaFoundation: 216162199b28c13a410421893ffa2e32 -> 
  custom:container-demuxer-ogg: 62fdf1f143b41e24485cea50d1cbac27 -> 
  custom:video-decoder-webm-vp8: 9c59270c3fd7afecdb556c50c9e8de78 -> 
  custom:audio-decoder-ogg-vorbis: bf7c407c2cedff20999df2af8eb42d56 -> 
========================================================================
Received Prepare
Registering precompiled user dll's ...
Registered in 0.006659 seconds.
Begin MonoManager ReloadAssembly
Symbol file LoadedFromMemory doesn't match image C:\Users\pfran\Documents\GitHub\MULT-150\Pfrancia_Hour10\Library\PackageCache\com.unity.visualscripting@1.8.0\Editor\VisualScripting.Core\Dependencies\YamlDotNet\Unity.VisualScripting.YamlDotNet.dll
Symbol file LoadedFromMemory doesn't match image C:\Users\pfran\Documents\GitHub\MULT-150\Pfrancia_Hour10\Library\PackageCache\com.unity.visualscripting@1.8.0\Editor\VisualScripting.Core\Dependencies\DotNetZip\Unity.VisualScripting.IonicZip.dll
Native extension for WindowsStandalone target not found
Refreshing native plugins compatible for Editor in 1.33 ms, found 3 plugins.
Preloading 0 native plugins for Editor in 0.00 ms.
Mono: successfully reloaded assembly
- Completed reload, in  1.768 seconds
Domain Reload Profiling:
	ReloadAssembly (1769ms)
		BeginReloadAssembly (201ms)
			ExecutionOrderSort (0ms)
			DisableScriptedObjects (6ms)
			BackupInstance (0ms)
			ReleaseScriptingObjects (0ms)
			CreateAndSetChildDomain (72ms)
		EndReloadAssembly (1458ms)
			LoadAssemblies (113ms)
			RebuildTransferFunctionScriptingTraits (0ms)
			SetupTypeCache (539ms)
			ReleaseScriptCaches (2ms)
			RebuildScriptCaches (104ms)
			SetupLoadedEditorAssemblies (557ms)
				LogAssemblyErrors (0ms)
				InitializePlatformSupportModulesInManaged (12ms)
				SetLoadedEditorAssemblies (1ms)
				RefreshPlugins (2ms)
				BeforeProcessingInitializeOnLoad (111ms)
				ProcessInitializeOnLoadAttributes (373ms)
				ProcessInitializeOnLoadMethodAttributes (38ms)
				AfterProcessingInitializeOnLoad (19ms)
				EditorAssembliesLoaded (1ms)
			ExecutionOrderSort2 (0ms)
			AwakeInstancesAfterBackupRestoration (12ms)
Platform modules already initialized, skipping
Refreshing native plugins compatible for Editor in 5.30 ms, found 3 plugins.
Preloading 0 native plugins for Editor in 0.00 ms.
Unloading 3056 Unused Serialized files (Serialized files now loaded: 0)
Unloading 15 unused Assets / (24.7 KB). Loaded Objects now: 3727.
Memory consumption went from 113.4 MB to 113.4 MB.
Total: 6.867900 ms (FindLiveObjects: 1.122300 ms CreateObjectMapping: 0.644100 ms MarkObjects: 4.969700 ms  DeleteObjects: 0.129700 ms)

AssetImportParameters requested are different than current active one (requested -> active):
  custom:video-decoder-ogg-theora: a1e56fd34408186e4bbccfd4996cb3dc -> 
  custom:container-muxer-webm: aa71ff27fc2769a1b78a27578f13a17b -> 
  custom:container-demuxer-webm: 4f35f7cbe854078d1ac9338744f61a02 -> 
  custom:video-encoder-webm-vp8: eb34c28f22e8b96e1ab97ce403110664 -> 
  custom:audio-encoder-webm-vorbis: bf7c407c2cedff20999df2af8eb42d56 -> 
  custom:framework-win-MediaFoundation: 216162199b28c13a410421893ffa2e32 -> 
  custom:container-demuxer-ogg: 62fdf1f143b41e24485cea50d1cbac27 -> 
  custom:video-decoder-webm-vp8: 9c59270c3fd7afecdb556c50c9e8de78 -> 
  custom:audio-decoder-ogg-vorbis: bf7c407c2cedff20999df2af8eb42d56 -> 
========================================================================
Received Prepare
Registering precompiled user dll's ...
Registered in 0.008366 seconds.
Begin MonoManager ReloadAssembly
Symbol file LoadedFromMemory doesn't match image C:\Users\pfran\Documents\GitHub\MULT-150\Pfrancia_Hour10\Library\PackageCache\com.unity.visualscripting@1.8.0\Editor\VisualScripting.Core\Dependencies\YamlDotNet\Unity.VisualScripting.YamlDotNet.dll
Symbol file LoadedFromMemory doesn't match image C:\Users\pfran\Documents\GitHub\MULT-150\Pfrancia_Hour10\Library\PackageCache\com.unity.visualscripting@1.8.0\Editor\VisualScripting.Core\Dependencies\DotNetZip\Unity.VisualScripting.IonicZip.dll
Native extension for WindowsStandalone target not found
Refreshing native plugins compatible for Editor in 1.56 ms, found 3 plugins.
Preloading 0 native plugins for Editor in 0.00 ms.
Mono: successfully reloaded assembly
- Completed reload, in  1.667 seconds
Domain Reload Profiling:
	ReloadAssembly (1668ms)
		BeginReloadAssembly (173ms)
			ExecutionOrderSort (0ms)
			DisableScriptedObjects (5ms)
			BackupInstance (0ms)
			ReleaseScriptingObjects (0ms)
			CreateAndSetChildDomain (42ms)
		EndReloadAssembly (1379ms)
			LoadAssemblies (120ms)
			RebuildTransferFunctionScriptingTraits (0ms)
			SetupTypeCache (463ms)
			ReleaseScriptCaches (3ms)
			RebuildScriptCaches (100ms)
			SetupLoadedEditorAssemblies (610ms)
				LogAssemblyErrors (0ms)
				InitializePlatformSupportModulesInManaged (13ms)
				SetLoadedEditorAssemblies (1ms)
				RefreshPlugins (2ms)
				BeforeProcessingInitializeOnLoad (155ms)
				ProcessInitializeOnLoadAttributes (383ms)
				ProcessInitializeOnLoadMethodAttributes (35ms)
				AfterProcessingInitializeOnLoad (21ms)
				EditorAssembliesLoaded (1ms)
			ExecutionOrderSort2 (0ms)
			AwakeInstancesAfterBackupRestoration (11ms)
Platform modules already initialized, skipping
Refreshing native plugins compatible for Editor in 4.66 ms, found 3 plugins.
Preloading 0 native plugins for Editor in 0.00 ms.
Unloading 3056 Unused Serialized files (Serialized files now loaded: 0)
Unloading 15 unused Assets / (24.6 KB). Loaded Objects now: 3730.
Memory consumption went from 113.4 MB to 113.4 MB.
Total: 5.191600 ms (FindLiveObjects: 0.597200 ms CreateObjectMapping: 0.135800 ms MarkObjects: 4.380000 ms  DeleteObjects: 0.075400 ms)

AssetImportParameters requested are different than current active one (requested -> active):
  custom:video-decoder-ogg-theora: a1e56fd34408186e4bbccfd4996cb3dc -> 
  custom:container-muxer-webm: aa71ff27fc2769a1b78a27578f13a17b -> 
  custom:container-demuxer-webm: 4f35f7cbe854078d1ac9338744f61a02 -> 
  custom:video-encoder-webm-vp8: eb34c28f22e8b96e1ab97ce403110664 -> 
  custom:audio-encoder-webm-vorbis: bf7c407c2cedff20999df2af8eb42d56 -> 
  custom:framework-win-MediaFoundation: 216162199b28c13a410421893ffa2e32 -> 
  custom:container-demuxer-ogg: 62fdf1f143b41e24485cea50d1cbac27 -> 
  custom:video-decoder-webm-vp8: 9c59270c3fd7afecdb556c50c9e8de78 -> 
  custom:audio-decoder-ogg-vorbis: bf7c407c2cedff20999df2af8eb42d56 -> 
========================================================================
Received Prepare
Registering precompiled user dll's ...
Registered in 0.006937 seconds.
Begin MonoManager ReloadAssembly
Symbol file LoadedFromMemory doesn't match image C:\Users\pfran\Documents\GitHub\MULT-150\Pfrancia_Hour10\Library\PackageCache\com.unity.visualscripting@1.8.0\Editor\VisualScripting.Core\Dependencies\YamlDotNet\Unity.VisualScripting.YamlDotNet.dll
Symbol file LoadedFromMemory doesn't match image C:\Users\pfran\Documents\GitHub\MULT-150\Pfrancia_Hour10\Library\PackageCache\com.unity.visualscripting@1.8.0\Editor\VisualScripting.Core\Dependencies\DotNetZip\Unity.VisualScripting.IonicZip.dll
Native extension for WindowsStandalone target not found
Refreshing native plugins compatible for Editor in 3.00 ms, found 3 plugins.
Preloading 0 native plugins for Editor in 0.00 ms.
Mono: successfully reloaded assembly
- Completed reload, in  1.985 seconds
Domain Reload Profiling:
	ReloadAssembly (1987ms)
		BeginReloadAssembly (164ms)
			ExecutionOrderSort (0ms)
			DisableScriptedObjects (9ms)
			BackupInstance (0ms)
			ReleaseScriptingObjects (0ms)
			CreateAndSetChildDomain (34ms)
		EndReloadAssembly (1664ms)
			LoadAssemblies (160ms)
			RebuildTransferFunctionScriptingTraits (0ms)
			SetupTypeCache (562ms)
			ReleaseScriptCaches (3ms)
			RebuildScriptCaches (88ms)
			SetupLoadedEditorAssemblies (705ms)
				LogAssemblyErrors (0ms)
				InitializePlatformSupportModulesInManaged (20ms)
				SetLoadedEditorAssemblies (2ms)
				RefreshPlugins (3ms)
				BeforeProcessingInitializeOnLoad (159ms)
				ProcessInitializeOnLoadAttributes (458ms)
				ProcessInitializeOnLoadMethodAttributes (42ms)
				AfterProcessingInitializeOnLoad (21ms)
				EditorAssembliesLoaded (0ms)
			ExecutionOrderSort2 (0ms)
			AwakeInstancesAfterBackupRestoration (16ms)
Platform modules already initialized, skipping
Refreshing native plugins compatible for Editor in 3.81 ms, found 3 plugins.
Preloading 0 native plugins for Editor in 0.00 ms.
Unloading 3056 Unused Serialized files (Serialized files now loaded: 0)
Unloading 15 unused Assets / (24.7 KB). Loaded Objects now: 3733.
Memory consumption went from 113.4 MB to 113.4 MB.
Total: 7.869600 ms (FindLiveObjects: 1.066900 ms CreateObjectMapping: 0.506900 ms MarkObjects: 6.240600 ms  DeleteObjects: 0.053400 ms)

AssetImportParameters requested are different than current active one (requested -> active):
  custom:video-decoder-ogg-theora: a1e56fd34408186e4bbccfd4996cb3dc -> 
  custom:container-muxer-webm: aa71ff27fc2769a1b78a27578f13a17b -> 
  custom:container-demuxer-webm: 4f35f7cbe854078d1ac9338744f61a02 -> 
  custom:video-encoder-webm-vp8: eb34c28f22e8b96e1ab97ce403110664 -> 
  custom:audio-encoder-webm-vorbis: bf7c407c2cedff20999df2af8eb42d56 -> 
  custom:framework-win-MediaFoundation: 216162199b28c13a410421893ffa2e32 -> 
  custom:container-demuxer-ogg: 62fdf1f143b41e24485cea50d1cbac27 -> 
  custom:video-decoder-webm-vp8: 9c59270c3fd7afecdb556c50c9e8de78 -> 
  custom:audio-decoder-ogg-vorbis: bf7c407c2cedff20999df2af8eb42d56 -> 
