Using pre-set license
Built from '2021.3/staging' branch; Version is '2021.3.25f1 (68ef2c4f8861) revision 6876972'; Using compiler version '192829333'; Build Type 'Release'
OS: 'Windows 11  (10.0.26100) 64bit Core' Language: 'en' Physical Memory: 7567 MB
BatchMode: 1, IsHumanControllingUs: 0, StartBugReporterOnCrash: 0, Is64bit: 1, IsPro: 1

COMMAND LINE ARGUMENTS:
C:\Program Files\Unity\Hub\Editor\2021.3.25f1\Editor\Unity.exe
-adb2
-batchMode
-noUpm
-name
AssetImportWorker0
-projectPath
C:/Users/pfran/Documents/GitHub/MULT-150/pfrancia_hour6
-logFile
Logs/AssetImportWorker0.log
-srvPort
55083
Successfully changed project path to: C:/Users/pfran/Documents/GitHub/MULT-150/pfrancia_hour6
C:/Users/pfran/Documents/GitHub/MULT-150/pfrancia_hour6
[UnityMemory] Configuration Parameters - Can be set up in boot.config
    "memorysetup-bucket-allocator-granularity=16"
    "memorysetup-bucket-allocator-bucket-count=8"
    "memorysetup-bucket-allocator-block-size=33554432"
    "memorysetup-bucket-allocator-block-count=8"
    "memorysetup-main-allocator-block-size=16777216"
    "memorysetup-thread-allocator-block-size=16777216"
    "memorysetup-gfx-main-allocator-block-size=16777216"
    "memorysetup-gfx-thread-allocator-block-size=16777216"
    "memorysetup-cache-allocator-block-size=4194304"
    "memorysetup-typetree-allocator-block-size=2097152"
    "memorysetup-profiler-bucket-allocator-granularity=16"
    "memorysetup-profiler-bucket-allocator-bucket-count=8"
    "memorysetup-profiler-bucket-allocator-block-size=33554432"
    "memorysetup-profiler-bucket-allocator-block-count=8"
    "memorysetup-profiler-allocator-block-size=16777216"
    "memorysetup-profiler-editor-allocator-block-size=1048576"
    "memorysetup-temp-allocator-size-main=16777216"
    "memorysetup-job-temp-allocator-block-size=2097152"
    "memorysetup-job-temp-allocator-block-size-background=1048576"
    "memorysetup-job-temp-allocator-reduction-small-platforms=262144"
    "memorysetup-temp-allocator-size-background-worker=32768"
    "memorysetup-temp-allocator-size-job-worker=262144"
    "memorysetup-temp-allocator-size-preload-manager=33554432"
    "memorysetup-temp-allocator-size-nav-mesh-worker=65536"
    "memorysetup-temp-allocator-size-audio-worker=65536"
    "memorysetup-temp-allocator-size-cloud-worker=32768"
    "memorysetup-temp-allocator-size-gi-baking-worker=262144"
    "memorysetup-temp-allocator-size-gfx=262144"
Unable to join player connection multicast group (err: 10013).
Player connection [2400] Host "[IP] 192.168.100.171 [Port] 0 [Flags] 2 [Guid] 122883692 [EditorId] 122883692 [Version] 1048832 [Id] WindowsEditor(7,DESKTOP-7A3CQID) [Debug] 1 [PackageName] WindowsEditor [ProjectName] Editor" joined alternative multi-casting on [225.0.0.222:34997]...

Refreshing native plugins compatible for Editor in 88.55 ms, found 3 plugins.
Preloading 0 native plugins for Editor in 0.00 ms.
Initialize engine version: 2021.3.25f1 (68ef2c4f8861)
[Subsystems] Discovering subsystems at path C:/Program Files/Unity/Hub/Editor/2021.3.25f1/Editor/Data/Resources/UnitySubsystems
[Subsystems] Discovering subsystems at path C:/Users/pfran/Documents/GitHub/MULT-150/pfrancia_hour6/Assets
GfxDevice: creating device client; threaded=0; jobified=0
Direct3D:
    Version:  Direct3D 11.0 [level 11.1]
    Renderer: AMD Radeon(TM) Graphics (ID=0x1636)
    Vendor:   ATI
    VRAM:     3783 MB
    Driver:   31.0.12044.3
Initialize mono
Mono path[0] = 'C:/Program Files/Unity/Hub/Editor/2021.3.25f1/Editor/Data/Managed'
Mono path[1] = 'C:/Program Files/Unity/Hub/Editor/2021.3.25f1/Editor/Data/MonoBleedingEdge/lib/mono/unityjit-win32'
Mono config path = 'C:/Program Files/Unity/Hub/Editor/2021.3.25f1/Editor/Data/MonoBleedingEdge/etc'
Using monoOptions --debugger-agent=transport=dt_socket,embedding=1,server=y,suspend=n,address=127.0.0.1:56216
Begin MonoManager ReloadAssembly
Registering precompiled unity dll's ...
Register platform support module: C:/Program Files/Unity/Hub/Editor/2021.3.25f1/Editor/Data/PlaybackEngines/WindowsStandaloneSupport/UnityEditor.WindowsStandalone.Extensions.dll
Registered in 0.006739 seconds.
Native extension for WindowsStandalone target not found
Refreshing native plugins compatible for Editor in 85.80 ms, found 3 plugins.
Preloading 0 native plugins for Editor in 0.00 ms.
Mono: successfully reloaded assembly
- Completed reload, in  0.827 seconds
Domain Reload Profiling:
	ReloadAssembly (828ms)
		BeginReloadAssembly (135ms)
			ExecutionOrderSort (0ms)
			DisableScriptedObjects (0ms)
			BackupInstance (0ms)
			ReleaseScriptingObjects (0ms)
			CreateAndSetChildDomain (1ms)
		EndReloadAssembly (573ms)
			LoadAssemblies (131ms)
			RebuildTransferFunctionScriptingTraits (0ms)
			SetupTypeCache (132ms)
			ReleaseScriptCaches (0ms)
			RebuildScriptCaches (33ms)
			SetupLoadedEditorAssemblies (349ms)
				LogAssemblyErrors (0ms)
				InitializePlatformSupportModulesInManaged (8ms)
				SetLoadedEditorAssemblies (0ms)
				RefreshPlugins (86ms)
				BeforeProcessingInitializeOnLoad (1ms)
				ProcessInitializeOnLoadAttributes (194ms)
				ProcessInitializeOnLoadMethodAttributes (60ms)
				AfterProcessingInitializeOnLoad (0ms)
				EditorAssembliesLoaded (0ms)
			ExecutionOrderSort2 (0ms)
			AwakeInstancesAfterBackupRestoration (0ms)
Platform modules already initialized, skipping
Registering precompiled user dll's ...
Registered in 0.008069 seconds.
Begin MonoManager ReloadAssembly
Symbol file LoadedFromMemory doesn't match image C:\Users\pfran\Documents\GitHub\MULT-150\pfrancia_hour6\Library\PackageCache\com.unity.visualscripting@1.8.0\Editor\VisualScripting.Core\Dependencies\YamlDotNet\Unity.VisualScripting.YamlDotNet.dll
Symbol file LoadedFromMemory doesn't match image C:\Users\pfran\Documents\GitHub\MULT-150\pfrancia_hour6\Library\PackageCache\com.unity.visualscripting@1.8.0\Editor\VisualScripting.Core\Dependencies\DotNetZip\Unity.VisualScripting.IonicZip.dll
Native extension for WindowsStandalone target not found
Refreshing native plugins compatible for Editor in 0.57 ms, found 3 plugins.
Preloading 0 native plugins for Editor in 0.00 ms.
Mono: successfully reloaded assembly
- Completed reload, in  1.170 seconds
Domain Reload Profiling:
	ReloadAssembly (1171ms)
		BeginReloadAssembly (136ms)
			ExecutionOrderSort (0ms)
			DisableScriptedObjects (6ms)
			BackupInstance (0ms)
			ReleaseScriptingObjects (0ms)
			CreateAndSetChildDomain (23ms)
		EndReloadAssembly (918ms)
			LoadAssemblies (147ms)
			RebuildTransferFunctionScriptingTraits (0ms)
			SetupTypeCache (299ms)
			ReleaseScriptCaches (1ms)
			RebuildScriptCaches (64ms)
			SetupLoadedEditorAssemblies (373ms)
				LogAssemblyErrors (0ms)
				InitializePlatformSupportModulesInManaged (6ms)
				SetLoadedEditorAssemblies (0ms)
				RefreshPlugins (1ms)
				BeforeProcessingInitializeOnLoad (90ms)
				ProcessInitializeOnLoadAttributes (242ms)
				ProcessInitializeOnLoadMethodAttributes (22ms)
				AfterProcessingInitializeOnLoad (12ms)
				EditorAssembliesLoaded (0ms)
			ExecutionOrderSort2 (0ms)
			AwakeInstancesAfterBackupRestoration (8ms)
Platform modules already initialized, skipping
========================================================================
Worker process is ready to serve import requests
Launched and connected shader compiler UnityShaderCompiler.exe after 0.07 seconds
Refreshing native plugins compatible for Editor in 0.58 ms, found 3 plugins.
Preloading 0 native plugins for Editor in 0.00 ms.
Unloading 3049 Unused Serialized files (Serialized files now loaded: 0)
Unloading 22 unused Assets / (56.1 KB). Loaded Objects now: 3525.
Memory consumption went from 119.5 MB to 119.4 MB.
Total: 3.829700 ms (FindLiveObjects: 0.404000 ms CreateObjectMapping: 0.176200 ms MarkObjects: 3.109900 ms  DeleteObjects: 0.136900 ms)

AssetImportParameters requested are different than current active one (requested -> active):
  custom:video-decoder-ogg-theora: a1e56fd34408186e4bbccfd4996cb3dc -> 
  custom:container-muxer-webm: aa71ff27fc2769a1b78a27578f13a17b -> 
  custom:container-demuxer-webm: 4f35f7cbe854078d1ac9338744f61a02 -> 
  custom:video-encoder-webm-vp8: eb34c28f22e8b96e1ab97ce403110664 -> 
  custom:audio-encoder-webm-vorbis: bf7c407c2cedff20999df2af8eb42d56 -> 
  custom:framework-win-MediaFoundation: 216162199b28c13a410421893ffa2e32 -> 
  custom:container-demuxer-ogg: 62fdf1f143b41e24485cea50d1cbac27 -> 
  custom:video-decoder-webm-vp8: 9c59270c3fd7afecdb556c50c9e8de78 -> 
  custom:audio-decoder-ogg-vorbis: bf7c407c2cedff20999df2af8eb42d56 -> 
========================================================================
Received Import Request.
  Time since last request: 2028405.918899 seconds.
  path: Assets/New Terrain.asset
  artifactKey: Guid(ed920c25400abe541a5ecca56da89910) Importer(815301076,1909f56bfc062723c751e8b465ee728b)
Start importing Assets/New Terrain.asset using Guid(ed920c25400abe541a5ecca56da89910) Importer(815301076,1909f56bfc062723c751e8b465ee728b)  -> (artifact id: '659eb1317bd364ca8000174c137cb9e7') in 0.049689 seconds 
========================================================================
Received Import Request.
  Time since last request: 37.828912 seconds.
  path: Packages/com.unity.textmeshpro/Editor Resources/Textures/btn_AlignBaseLine.psd
  artifactKey: Guid(8bc445bb79654bf496c92d0407840a92) Importer(815301076,1909f56bfc062723c751e8b465ee728b)
Start importing Packages/com.unity.textmeshpro/Editor Resources/Textures/btn_AlignBaseLine.psd using Guid(8bc445bb79654bf496c92d0407840a92) Importer(815301076,1909f56bfc062723c751e8b465ee728b)  -> (artifact id: '9ded2a31ebd20ef3b2ea2f579614b108') in 0.143775 seconds 
========================================================================
Received Import Request.
  Time since last request: 0.000042 seconds.
  path: Packages/com.unity.textmeshpro/Editor Resources/Textures/btn_AlignBaseLine_Light.psd
  artifactKey: Guid(18775b51e3bd42299fd30bd036ea982f) Importer(815301076,1909f56bfc062723c751e8b465ee728b)
Start importing Packages/com.unity.textmeshpro/Editor Resources/Textures/btn_AlignBaseLine_Light.psd using Guid(18775b51e3bd42299fd30bd036ea982f) Importer(815301076,1909f56bfc062723c751e8b465ee728b)  -> (artifact id: '8adec73b42a83bc312b199e7eb8a67f5') in 0.068056 seconds 
========================================================================
Received Import Request.
  Time since last request: 0.000040 seconds.
  path: Packages/com.unity.textmeshpro/Editor Resources/Textures/btn_AlignCapLine.psd
  artifactKey: Guid(0d9a36012a224080966c7b55896aa0f9) Importer(815301076,1909f56bfc062723c751e8b465ee728b)
Start importing Packages/com.unity.textmeshpro/Editor Resources/Textures/btn_AlignCapLine.psd using Guid(0d9a36012a224080966c7b55896aa0f9) Importer(815301076,1909f56bfc062723c751e8b465ee728b)  -> (artifact id: 'cc92f8eb4b65ad9d0d0c6ddb164ca819') in 0.026602 seconds 
========================================================================
Received Import Request.
  Time since last request: 0.000148 seconds.
  path: Packages/com.unity.textmeshpro/Editor Resources/Textures/btn_AlignBottom.psd
  artifactKey: Guid(ca51b19024094d1b87f3e07edb0a75fb) Importer(815301076,1909f56bfc062723c751e8b465ee728b)
Start importing Packages/com.unity.textmeshpro/Editor Resources/Textures/btn_AlignBottom.psd using Guid(ca51b19024094d1b87f3e07edb0a75fb) Importer(815301076,1909f56bfc062723c751e8b465ee728b)  -> (artifact id: '7bda1bd4c0665ab2153b896efc6bd852') in 0.133953 seconds 
========================================================================
Received Import Request.
  Time since last request: 0.000039 seconds.
  path: Packages/com.unity.textmeshpro/Editor Resources/Textures/btn_AlignCenter.psd
  artifactKey: Guid(81ed8c76d2bc4a4c95d092c98af4e58f) Importer(815301076,1909f56bfc062723c751e8b465ee728b)
Start importing Packages/com.unity.textmeshpro/Editor Resources/Textures/btn_AlignCenter.psd using Guid(81ed8c76d2bc4a4c95d092c98af4e58f) Importer(815301076,1909f56bfc062723c751e8b465ee728b)  -> (artifact id: '581f2a6065f9cc860054789267eae295') in 0.019844 seconds 
========================================================================
Received Import Request.
  Time since last request: 0.000034 seconds.
  path: Packages/com.unity.textmeshpro/Editor Resources/Textures/btn_AlignCenter_Light.psd
  artifactKey: Guid(6ace62d30f494c948b71d5594afce11d) Importer(815301076,1909f56bfc062723c751e8b465ee728b)
Start importing Packages/com.unity.textmeshpro/Editor Resources/Textures/btn_AlignCenter_Light.psd using Guid(6ace62d30f494c948b71d5594afce11d) Importer(815301076,1909f56bfc062723c751e8b465ee728b)  -> (artifact id: '899843b855b4b04352c674ad3909bd8a') in 0.015195 seconds 
========================================================================
Received Import Request.
  Time since last request: 0.000039 seconds.
  path: Packages/com.unity.textmeshpro/Editor Resources/Textures/btn_AlignBottom_Light.psd
  artifactKey: Guid(585b70cb75dd43efbfead809c30a1731) Importer(815301076,1909f56bfc062723c751e8b465ee728b)
Start importing Packages/com.unity.textmeshpro/Editor Resources/Textures/btn_AlignBottom_Light.psd using Guid(585b70cb75dd43efbfead809c30a1731) Importer(815301076,1909f56bfc062723c751e8b465ee728b)  -> (artifact id: 'a5b896bed7a7e877b9cf5a3f2cfa7dfd') in 0.014870 seconds 
========================================================================
Received Import Request.
  Time since last request: 0.000045 seconds.
  path: Packages/com.unity.textmeshpro/Editor Resources/Textures/btn_AlignCapLine_Light.psd
  artifactKey: Guid(49679f302ac6408697f6b9314a38985c) Importer(815301076,1909f56bfc062723c751e8b465ee728b)
Start importing Packages/com.unity.textmeshpro/Editor Resources/Textures/btn_AlignCapLine_Light.psd using Guid(49679f302ac6408697f6b9314a38985c) Importer(815301076,1909f56bfc062723c751e8b465ee728b)  -> (artifact id: '31933fc135bb4d4a0baf3a3ffde433d9') in 0.018852 seconds 
========================================================================
Received Import Request.
  Time since last request: 0.656912 seconds.
  path: Packages/com.unity.textmeshpro/Editor Resources/Textures/btn_AlignCenterGeo.psd
  artifactKey: Guid(c76700ea0062413d9f69409b4e9e151b) Importer(815301076,1909f56bfc062723c751e8b465ee728b)
Start importing Packages/com.unity.textmeshpro/Editor Resources/Textures/btn_AlignCenterGeo.psd using Guid(c76700ea0062413d9f69409b4e9e151b) Importer(815301076,1909f56bfc062723c751e8b465ee728b)  -> (artifact id: '9999cf0cd4802b21f76313d763efcc08') in 0.020681 seconds 
========================================================================
Received Import Request.
  Time since last request: 0.000036 seconds.
  path: Packages/com.unity.textmeshpro/Editor Resources/Textures/btn_AlignCenterGeo_Light.psd
  artifactKey: Guid(35ff0937876540d3bd4b6a941df62a92) Importer(815301076,1909f56bfc062723c751e8b465ee728b)
Start importing Packages/com.unity.textmeshpro/Editor Resources/Textures/btn_AlignCenterGeo_Light.psd using Guid(35ff0937876540d3bd4b6a941df62a92) Importer(815301076,1909f56bfc062723c751e8b465ee728b)  -> (artifact id: 'e1c06fc9a7bc8ffdb5911308475eaea9') in 0.016495 seconds 
========================================================================
Received Import Request.
  Time since last request: 0.022711 seconds.
  path: Packages/com.unity.textmeshpro/Editor Resources/Textures/btn_AlignFlush.psd
  artifactKey: Guid(691475c57a824010be0c6f474caeb7e1) Importer(815301076,1909f56bfc062723c751e8b465ee728b)
Start importing Packages/com.unity.textmeshpro/Editor Resources/Textures/btn_AlignFlush.psd using Guid(691475c57a824010be0c6f474caeb7e1) Importer(815301076,1909f56bfc062723c751e8b465ee728b)  -> (artifact id: '41108fcf25eb19a457fddd238008b5c2') in 0.008375 seconds 
========================================================================
Received Import Request.
  Time since last request: 0.000023 seconds.
  path: Packages/com.unity.textmeshpro/Editor Resources/Textures/btn_AlignFlush_Light.psd
  artifactKey: Guid(64b9fad609434c489c32b1cdf2004a1c) Importer(815301076,1909f56bfc062723c751e8b465ee728b)
Start importing Packages/com.unity.textmeshpro/Editor Resources/Textures/btn_AlignFlush_Light.psd using Guid(64b9fad609434c489c32b1cdf2004a1c) Importer(815301076,1909f56bfc062723c751e8b465ee728b)  -> (artifact id: '357648ed049330289a25b8766f168ef4') in 0.023353 seconds 
========================================================================
Received Import Request.
  Time since last request: 0.028193 seconds.
  path: Packages/com.unity.textmeshpro/Editor Resources/Textures/btn_AlignJustified.psd
  artifactKey: Guid(92027f7f8cfc4feaa477da0dc38d3d46) Importer(815301076,1909f56bfc062723c751e8b465ee728b)
Start importing Packages/com.unity.textmeshpro/Editor Resources/Textures/btn_AlignJustified.psd using Guid(92027f7f8cfc4feaa477da0dc38d3d46) Importer(815301076,1909f56bfc062723c751e8b465ee728b)  -> (artifact id: '2703422c06863b773a0c3974ce9c97e3') in 0.012946 seconds 
========================================================================
Received Import Request.
  Time since last request: 0.000041 seconds.
  path: Packages/com.unity.textmeshpro/Editor Resources/Textures/btn_AlignJustified_Light.psd
  artifactKey: Guid(fa6bd40a216346b783a4cce741d277a5) Importer(815301076,1909f56bfc062723c751e8b465ee728b)
Start importing Packages/com.unity.textmeshpro/Editor Resources/Textures/btn_AlignJustified_Light.psd using Guid(fa6bd40a216346b783a4cce741d277a5) Importer(815301076,1909f56bfc062723c751e8b465ee728b)  -> (artifact id: '30f14cec9c0ed16ccdd1d67082040be5') in 0.034035 seconds 
========================================================================
Received Import Request.
  Time since last request: 0.632593 seconds.
  path: Packages/com.unity.textmeshpro/Editor Resources/Textures/btn_AlignLeft.psd
  artifactKey: Guid(9288066c33474b94b6ee5465f4df1cc0) Importer(815301076,1909f56bfc062723c751e8b465ee728b)
Start importing Packages/com.unity.textmeshpro/Editor Resources/Textures/btn_AlignLeft.psd using Guid(9288066c33474b94b6ee5465f4df1cc0) Importer(815301076,1909f56bfc062723c751e8b465ee728b)  -> (artifact id: 'c70760fa7f9574ed5899689942947ad4') in 0.016737 seconds 
========================================================================
Received Import Request.
  Time since last request: 0.000051 seconds.
  path: Packages/com.unity.textmeshpro/Editor Resources/Textures/btn_AlignLeft_Light.psd
  artifactKey: Guid(12736c98af174f91827a26b66d2b01b9) Importer(815301076,1909f56bfc062723c751e8b465ee728b)
Start importing Packages/com.unity.textmeshpro/Editor Resources/Textures/btn_AlignLeft_Light.psd using Guid(12736c98af174f91827a26b66d2b01b9) Importer(815301076,1909f56bfc062723c751e8b465ee728b)  -> (artifact id: '0f7f3c9d023f9f27b1513f1c301b0ecb') in 0.014069 seconds 
========================================================================
Received Import Request.
  Time since last request: 0.000075 seconds.
  path: Packages/com.unity.textmeshpro/Editor Resources/Textures/btn_AlignMiddle_Light.psd
  artifactKey: Guid(066619c9c9c84f89acb1b48c11a7efe2) Importer(815301076,1909f56bfc062723c751e8b465ee728b)
Start importing Packages/com.unity.textmeshpro/Editor Resources/Textures/btn_AlignMiddle_Light.psd using Guid(066619c9c9c84f89acb1b48c11a7efe2) Importer(815301076,1909f56bfc062723c751e8b465ee728b)  -> (artifact id: '872840c0d49ebfe85b014e55459f83a3') in 0.010982 seconds 
========================================================================
Received Import Request.
  Time since last request: 0.000031 seconds.
  path: Packages/com.unity.textmeshpro/Editor Resources/Textures/btn_AlignMiddle.psd
  artifactKey: Guid(41b96614b2e6494ba995ddcd252d11ae) Importer(815301076,1909f56bfc062723c751e8b465ee728b)
Start importing Packages/com.unity.textmeshpro/Editor Resources/Textures/btn_AlignMiddle.psd using Guid(41b96614b2e6494ba995ddcd252d11ae) Importer(815301076,1909f56bfc062723c751e8b465ee728b)  -> (artifact id: 'c47ec90cdfa3369855fcdbfc623a0922') in 0.014123 seconds 
========================================================================
Received Import Request.
  Time since last request: 0.000025 seconds.
  path: Packages/com.unity.textmeshpro/Editor Resources/Textures/btn_AlignMidline_Light.psd
  artifactKey: Guid(bb42b2d967d6427983c901a4ffc8ecd9) Importer(815301076,1909f56bfc062723c751e8b465ee728b)
Start importing Packages/com.unity.textmeshpro/Editor Resources/Textures/btn_AlignMidline_Light.psd using Guid(bb42b2d967d6427983c901a4ffc8ecd9) Importer(815301076,1909f56bfc062723c751e8b465ee728b)  -> (artifact id: 'e14aad5120344aeba400e0b6358ffd7f') in 0.016847 seconds 
========================================================================
Received Import Request.
  Time since last request: 0.000044 seconds.
  path: Packages/com.unity.textmeshpro/Editor Resources/Textures/btn_AlignRight_Light.psd
  artifactKey: Guid(e05ace3bd15740cda0bad60d89092a5b) Importer(815301076,1909f56bfc062723c751e8b465ee728b)
Start importing Packages/com.unity.textmeshpro/Editor Resources/Textures/btn_AlignRight_Light.psd using Guid(e05ace3bd15740cda0bad60d89092a5b) Importer(815301076,1909f56bfc062723c751e8b465ee728b)  -> (artifact id: 'be5e714d5a5c5bafbc28c0441e2e9488') in 0.018721 seconds 
========================================================================
Received Import Request.
  Time since last request: 0.000030 seconds.
  path: Packages/com.unity.textmeshpro/Editor Resources/Textures/btn_AlignMidLine.psd
  artifactKey: Guid(c2f7f6a88b4c4f20a53deb72f3d9144c) Importer(815301076,1909f56bfc062723c751e8b465ee728b)
Start importing Packages/com.unity.textmeshpro/Editor Resources/Textures/btn_AlignMidLine.psd using Guid(c2f7f6a88b4c4f20a53deb72f3d9144c) Importer(815301076,1909f56bfc062723c751e8b465ee728b)  -> (artifact id: 'faa7ceb052880a25bcd90a005bdffe8c') in 0.013291 seconds 
========================================================================
Received Import Request.
  Time since last request: 0.000028 seconds.
  path: Packages/com.unity.textmeshpro/Editor Resources/Textures/btn_AlignRight.psd
  artifactKey: Guid(342a0f8aca7f4f0691338912faec0494) Importer(815301076,1909f56bfc062723c751e8b465ee728b)
Start importing Packages/com.unity.textmeshpro/Editor Resources/Textures/btn_AlignRight.psd using Guid(342a0f8aca7f4f0691338912faec0494) Importer(815301076,1909f56bfc062723c751e8b465ee728b)  -> (artifact id: 'b1a82a7997156e660fae143ee1d71766') in 0.011482 seconds 
========================================================================
Received Import Request.
  Time since last request: 1.382636 seconds.
  path: Packages/com.unity.textmeshpro/Editor Resources/Textures/btn_AlignTop.psd
  artifactKey: Guid(48d034c499ee4697af9dd6e327110249) Importer(815301076,1909f56bfc062723c751e8b465ee728b)
Start importing Packages/com.unity.textmeshpro/Editor Resources/Textures/btn_AlignTop.psd using Guid(48d034c499ee4697af9dd6e327110249) Importer(815301076,1909f56bfc062723c751e8b465ee728b)  -> (artifact id: '6ba1048ec5d3dcf9847b6b9b9b3ac008') in 0.033499 seconds 
========================================================================
Received Import Request.
  Time since last request: 0.000040 seconds.
  path: Packages/com.unity.collab-proxy/Editor/PlasticSCM/Assets/Images/d_buttonssosigninemail.png
  artifactKey: Guid(3086d66a563317b40a20a20da2c64ac0) Importer(815301076,1909f56bfc062723c751e8b465ee728b)
Start importing Packages/com.unity.collab-proxy/Editor/PlasticSCM/Assets/Images/d_buttonssosigninemail.png using Guid(3086d66a563317b40a20a20da2c64ac0) Importer(815301076,1909f56bfc062723c751e8b465ee728b)  -> (artifact id: '20ffa355a20560a8e513d3d3695156a4') in 0.135611 seconds 
========================================================================
Received Import Request.
  Time since last request: 0.000128 seconds.
  path: Packages/com.unity.collab-proxy/Editor/PlasticSCM/Assets/Images/d_iconundo.png
  artifactKey: Guid(691dc543ff5b9ca44bf846657ba04161) Importer(815301076,1909f56bfc062723c751e8b465ee728b)
Start importing Packages/com.unity.collab-proxy/Editor/PlasticSCM/Assets/Images/d_iconundo.png using Guid(691dc543ff5b9ca44bf846657ba04161) Importer(815301076,1909f56bfc062723c751e8b465ee728b)  -> (artifact id: '73ee3e1ea33e7f9e17169d3f16d81941') in 0.046478 seconds 
========================================================================
Received Import Request.
  Time since last request: 0.000110 seconds.
  path: Packages/com.unity.collab-proxy/Editor/PlasticSCM/Assets/Images/d_icondeletedremoteoverlay.png
  artifactKey: Guid(3de8a0634e55df8499c88204001cb0dd) Importer(815301076,1909f56bfc062723c751e8b465ee728b)
Start importing Packages/com.unity.collab-proxy/Editor/PlasticSCM/Assets/Images/d_icondeletedremoteoverlay.png using Guid(3de8a0634e55df8499c88204001cb0dd) Importer(815301076,1909f56bfc062723c751e8b465ee728b)  -> (artifact id: 'd00c9463ddcce5a191de6a3fe2b5f19f') in 0.043408 seconds 
========================================================================
Received Import Request.
  Time since last request: 0.000023 seconds.
  path: Packages/com.unity.timeline/Editor/StyleSheets/Images/Icons/d_TimelineHeaderMarkerIcon.png
  artifactKey: Guid(4f8d98ef7dbbe3d469e14c04722cbeed) Importer(815301076,1909f56bfc062723c751e8b465ee728b)
Start importing Packages/com.unity.timeline/Editor/StyleSheets/Images/Icons/d_TimelineHeaderMarkerIcon.png using Guid(4f8d98ef7dbbe3d469e14c04722cbeed) Importer(815301076,1909f56bfc062723c751e8b465ee728b)  -> (artifact id: '6fe344303d298a015b0f46d8648fac38') in 0.032882 seconds 
========================================================================
Received Import Request.
  Time since last request: 0.000027 seconds.
  path: Packages/com.unity.collab-proxy/Editor/PlasticSCM/Assets/Images/iconrepository.png
  artifactKey: Guid(ed64f3a17f2ede646be21ed6edc9161a) Importer(815301076,1909f56bfc062723c751e8b465ee728b)
Start importing Packages/com.unity.collab-proxy/Editor/PlasticSCM/Assets/Images/iconrepository.png using Guid(ed64f3a17f2ede646be21ed6edc9161a) Importer(815301076,1909f56bfc062723c751e8b465ee728b)  -> (artifact id: 'a818e096af17d1b03af6c4ae29b9803f') in 0.030543 seconds 
========================================================================
Received Import Request.
  Time since last request: 0.000084 seconds.
  path: Packages/com.unity.testtools.codecoverage/Editor/Icons/d_CodeCoverage@2x.png
  artifactKey: Guid(8616c9d86a8504a4b8b5c65bb6a5644f) Importer(815301076,1909f56bfc062723c751e8b465ee728b)
Start importing Packages/com.unity.testtools.codecoverage/Editor/Icons/d_CodeCoverage@2x.png using Guid(8616c9d86a8504a4b8b5c65bb6a5644f) Importer(815301076,1909f56bfc062723c751e8b465ee728b)  -> (artifact id: '3d9d2ab8c65677db5f9f60427d193413') in 0.029425 seconds 
========================================================================
Received Import Request.
  Time since last request: 0.000020 seconds.
  path: Packages/com.unity.testtools.codecoverage/Editor/Icons/FolderOpened.png
  artifactKey: Guid(1935829ae7024da448814ef05b31e6c4) Importer(815301076,1909f56bfc062723c751e8b465ee728b)
Start importing Packages/com.unity.testtools.codecoverage/Editor/Icons/FolderOpened.png using Guid(1935829ae7024da448814ef05b31e6c4) Importer(815301076,1909f56bfc062723c751e8b465ee728b)  -> (artifact id: '536ca49fbdff3771a392781e338c15a8') in 0.028953 seconds 
========================================================================
Received Import Request.
  Time since last request: 0.000029 seconds.
  path: Packages/com.unity.collab-proxy/Editor/PlasticSCM/Assets/Images/iconaddedoverlay@2x.png
  artifactKey: Guid(74ef721fef79c44489d4e3edb0ab0c01) Importer(815301076,1909f56bfc062723c751e8b465ee728b)
Start importing Packages/com.unity.collab-proxy/Editor/PlasticSCM/Assets/Images/iconaddedoverlay@2x.png using Guid(74ef721fef79c44489d4e3edb0ab0c01) Importer(815301076,1909f56bfc062723c751e8b465ee728b)  -> (artifact id: '772abcf23001f2d945c09b5152e0fee6') in 0.030020 seconds 
========================================================================
Received Import Request.
  Time since last request: 0.000022 seconds.
  path: Packages/com.unity.collab-proxy/Editor/PlasticSCM/Assets/Images/d_ignoredoverlay@2x.png
  artifactKey: Guid(68fafd0a2acc3774988418f657bf7b68) Importer(815301076,1909f56bfc062723c751e8b465ee728b)
Start importing Packages/com.unity.collab-proxy/Editor/PlasticSCM/Assets/Images/d_ignoredoverlay@2x.png using Guid(68fafd0a2acc3774988418f657bf7b68) Importer(815301076,1909f56bfc062723c751e8b465ee728b)  -> (artifact id: '36ee0b81c5b96f7a13090619e6b3de34') in 0.028052 seconds 
========================================================================
Received Import Request.
  Time since last request: 0.000029 seconds.
  path: Packages/com.unity.collab-proxy/Editor/PlasticSCM/Assets/Images/d_ignoredoverlay.png
  artifactKey: Guid(0f5597de928ba6547895c4cdb9fa4185) Importer(815301076,1909f56bfc062723c751e8b465ee728b)
Start importing Packages/com.unity.collab-proxy/Editor/PlasticSCM/Assets/Images/d_ignoredoverlay.png using Guid(0f5597de928ba6547895c4cdb9fa4185) Importer(815301076,1909f56bfc062723c751e8b465ee728b)  -> (artifact id: '7d5317cf08bcb092f066f248f9f30f69') in 0.034480 seconds 
========================================================================
Received Import Request.
  Time since last request: 0.000039 seconds.
  path: Packages/com.unity.timeline/Editor/StyleSheets/Images/Icons/d_TimelineSignal.png
  artifactKey: Guid(ad2e3e92b00839c4e991ca602ef19822) Importer(815301076,1909f56bfc062723c751e8b465ee728b)
Start importing Packages/com.unity.timeline/Editor/StyleSheets/Images/Icons/d_TimelineSignal.png using Guid(ad2e3e92b00839c4e991ca602ef19822) Importer(815301076,1909f56bfc062723c751e8b465ee728b)  -> (artifact id: '5d20c6d572850c64f7c6f5e616b6528f') in 0.029522 seconds 
========================================================================
Received Import Request.
  Time since last request: 0.000041 seconds.
  path: Packages/com.unity.collab-proxy/Editor/PlasticSCM/Assets/Images/iconoutofsync.png
  artifactKey: Guid(636d03a8834e3ed4cac3a1cb4b82deaf) Importer(815301076,1909f56bfc062723c751e8b465ee728b)
Start importing Packages/com.unity.collab-proxy/Editor/PlasticSCM/Assets/Images/iconoutofsync.png using Guid(636d03a8834e3ed4cac3a1cb4b82deaf) Importer(815301076,1909f56bfc062723c751e8b465ee728b)  -> (artifact id: '6d7da3388ad90ae29e3402a71f9f74c8') in 0.013582 seconds 
========================================================================
Received Import Request.
  Time since last request: 0.000047 seconds.
  path: Packages/com.unity.collab-proxy/Editor/PlasticSCM/Assets/Images/d_iconlockedlocaloverlay@2x.png
  artifactKey: Guid(ae53a7884da90e94eb5dfeab594b746c) Importer(815301076,1909f56bfc062723c751e8b465ee728b)
Start importing Packages/com.unity.collab-proxy/Editor/PlasticSCM/Assets/Images/d_iconlockedlocaloverlay@2x.png using Guid(ae53a7884da90e94eb5dfeab594b746c) Importer(815301076,1909f56bfc062723c751e8b465ee728b)  -> (artifact id: '44c533e74870c0f9e9c4a7ae502cf436') in 0.011483 seconds 
========================================================================
Received Import Request.
  Time since last request: 0.000037 seconds.
  path: Packages/com.unity.collab-proxy/Editor/PlasticSCM/Assets/Images/iconlockedlocaloverlay@2x.png
  artifactKey: Guid(b528c1b33a65cf94ea74f830b54c9acb) Importer(815301076,1909f56bfc062723c751e8b465ee728b)
Start importing Packages/com.unity.collab-proxy/Editor/PlasticSCM/Assets/Images/iconlockedlocaloverlay@2x.png using Guid(b528c1b33a65cf94ea74f830b54c9acb) Importer(815301076,1909f56bfc062723c751e8b465ee728b)  -> (artifact id: 'd6ba54958feb899ab870a0af96ffc37c') in 0.015736 seconds 
========================================================================
Received Import Request.
  Time since last request: 0.000030 seconds.
  path: Packages/com.unity.collab-proxy/Editor/PlasticSCM/Assets/Images/iconplasticnotifyincoming.png
  artifactKey: Guid(1e6c9635b80f973488d8335a081c905f) Importer(815301076,1909f56bfc062723c751e8b465ee728b)
Start importing Packages/com.unity.collab-proxy/Editor/PlasticSCM/Assets/Images/iconplasticnotifyincoming.png using Guid(1e6c9635b80f973488d8335a081c905f) Importer(815301076,1909f56bfc062723c751e8b465ee728b)  -> (artifact id: '4205e37c3d21d0791dcf67f41c854711') in 0.011707 seconds 
========================================================================
Received Import Request.
  Time since last request: 0.000075 seconds.
  path: Packages/com.unity.collab-proxy/Editor/PlasticSCM/Assets/Images/buttonssosigninunity.png
  artifactKey: Guid(f9161c6c9e06dc445ada3ee16d991f90) Importer(815301076,1909f56bfc062723c751e8b465ee728b)
Start importing Packages/com.unity.collab-proxy/Editor/PlasticSCM/Assets/Images/buttonssosigninunity.png using Guid(f9161c6c9e06dc445ada3ee16d991f90) Importer(815301076,1909f56bfc062723c751e8b465ee728b)  -> (artifact id: '0435366bf4412145bce73a748854fe23') in 0.014193 seconds 
========================================================================
Received Import Request.
  Time since last request: 0.000030 seconds.
  path: Packages/com.unity.timeline/Editor/StyleSheets/Images/Icons/d_TrackMuteButtonDisabled.png
  artifactKey: Guid(6ab002208ec290544b44bc263dc58a95) Importer(815301076,1909f56bfc062723c751e8b465ee728b)
Start importing Packages/com.unity.timeline/Editor/StyleSheets/Images/Icons/d_TrackMuteButtonDisabled.png using Guid(6ab002208ec290544b44bc263dc58a95) Importer(815301076,1909f56bfc062723c751e8b465ee728b)  -> (artifact id: '3a7ba25dfd5b6e9c538364503e195a97') in 0.012785 seconds 
========================================================================
Received Import Request.
  Time since last request: 0.000035 seconds.
  path: Packages/com.unity.collab-proxy/Editor/PlasticSCM/Assets/Images/d_iconoutofsyncoverlay@2x.png
  artifactKey: Guid(4d7e6e570e9d65a4c9a994783a0652e2) Importer(815301076,1909f56bfc062723c751e8b465ee728b)
Start importing Packages/com.unity.collab-proxy/Editor/PlasticSCM/Assets/Images/d_iconoutofsyncoverlay@2x.png using Guid(4d7e6e570e9d65a4c9a994783a0652e2) Importer(815301076,1909f56bfc062723c751e8b465ee728b)  -> (artifact id: 'a4ed090e45739dd66d58ef331014b000') in 0.012461 seconds 
========================================================================
Received Import Request.
  Time since last request: 0.000067 seconds.
  path: Packages/com.unity.timeline/Editor/StyleSheets/Images/DarkSkin/TimelineContinue.png
  artifactKey: Guid(f747f9cdf03f2ff418fe728a77e8cbef) Importer(815301076,1909f56bfc062723c751e8b465ee728b)
Start importing Packages/com.unity.timeline/Editor/StyleSheets/Images/DarkSkin/TimelineContinue.png using Guid(f747f9cdf03f2ff418fe728a77e8cbef) Importer(815301076,1909f56bfc062723c751e8b465ee728b)  -> (artifact id: '025a94657f43f3a99643f09a442557fa') in 0.009896 seconds 
========================================================================
Received Import Request.
  Time since last request: 0.000053 seconds.
  path: Packages/com.unity.timeline/Editor/StyleSheets/Images/Icons/d_TrackLockButtonEnabled.png
  artifactKey: Guid(e8aa120f1b4731e43a2dd31eb70bbbe2) Importer(815301076,1909f56bfc062723c751e8b465ee728b)
Start importing Packages/com.unity.timeline/Editor/StyleSheets/Images/Icons/d_TrackLockButtonEnabled.png using Guid(e8aa120f1b4731e43a2dd31eb70bbbe2) Importer(815301076,1909f56bfc062723c751e8b465ee728b)  -> (artifact id: '87d3733186fd89a30b19b4cc600c982a') in 0.012203 seconds 
========================================================================
Received Import Request.
  Time since last request: 0.000030 seconds.
  path: Packages/com.unity.timeline/Editor/StyleSheets/Images/Shared/TimelineConnector.png
  artifactKey: Guid(a04f1625bf500f64e97445265dfbcc93) Importer(815301076,1909f56bfc062723c751e8b465ee728b)
Start importing Packages/com.unity.timeline/Editor/StyleSheets/Images/Shared/TimelineConnector.png using Guid(a04f1625bf500f64e97445265dfbcc93) Importer(815301076,1909f56bfc062723c751e8b465ee728b)  -> (artifact id: '6180818d21aedf901f01d915e2fd16a8') in 0.017280 seconds 
========================================================================
Received Import Request.
  Time since last request: 0.000029 seconds.
  path: Packages/com.unity.timeline/Editor/StyleSheets/Images/DarkSkin/TimelineAutokey_active@2x.png
  artifactKey: Guid(183f7b7549219ab47becb461a16df882) Importer(815301076,1909f56bfc062723c751e8b465ee728b)
Start importing Packages/com.unity.timeline/Editor/StyleSheets/Images/DarkSkin/TimelineAutokey_active@2x.png using Guid(183f7b7549219ab47becb461a16df882) Importer(815301076,1909f56bfc062723c751e8b465ee728b)  -> (artifact id: '822ee5e02b8cc2d827e81a0b1a8ef60b') in 0.018758 seconds 
========================================================================
Received Import Request.
  Time since last request: 0.000058 seconds.
  path: Packages/com.unity.collab-proxy/Editor/PlasticSCM/Assets/Images/iconmergelink.png
  artifactKey: Guid(120bf54dff785a0429b068b814e9c12a) Importer(815301076,1909f56bfc062723c751e8b465ee728b)
Start importing Packages/com.unity.collab-proxy/Editor/PlasticSCM/Assets/Images/iconmergelink.png using Guid(120bf54dff785a0429b068b814e9c12a) Importer(815301076,1909f56bfc062723c751e8b465ee728b)  -> (artifact id: 'a0ef4e23720fc4402e9d5b1059200513') in 0.019406 seconds 
========================================================================
Received Import Request.
  Time since last request: 0.000025 seconds.
  path: Packages/com.unity.timeline/Editor/StyleSheets/Images/Shared/TimelineGroupBackground.png
  artifactKey: Guid(6ca5daa3415451940921fa7e2c3db9e8) Importer(815301076,1909f56bfc062723c751e8b465ee728b)
Start importing Packages/com.unity.timeline/Editor/StyleSheets/Images/Shared/TimelineGroupBackground.png using Guid(6ca5daa3415451940921fa7e2c3db9e8) Importer(815301076,1909f56bfc062723c751e8b465ee728b)  -> (artifact id: '63c3e564cf82c22db86586172fba9281') in 0.017998 seconds 
========================================================================
Received Import Request.
  Time since last request: 0.000028 seconds.
  path: Packages/com.unity.testtools.codecoverage/Editor/Icons/CodeCoverage@2x.png
  artifactKey: Guid(37164f8d49df70f448b593fa86e488f5) Importer(815301076,1909f56bfc062723c751e8b465ee728b)
Start importing Packages/com.unity.testtools.codecoverage/Editor/Icons/CodeCoverage@2x.png using Guid(37164f8d49df70f448b593fa86e488f5) Importer(815301076,1909f56bfc062723c751e8b465ee728b)  -> (artifact id: '4487faecf809a6b958f741a57d529ce7') in 0.018014 seconds 
========================================================================
Received Import Request.
  Time since last request: 0.000093 seconds.
  path: Packages/com.unity.timeline/Editor/StyleSheets/Images/Icons/d_TrackMarkerButtonEnabled.png
  artifactKey: Guid(d18286874382ef042bbbdab5f71329c1) Importer(815301076,1909f56bfc062723c751e8b465ee728b)
Start importing Packages/com.unity.timeline/Editor/StyleSheets/Images/Icons/d_TrackMarkerButtonEnabled.png using Guid(d18286874382ef042bbbdab5f71329c1) Importer(815301076,1909f56bfc062723c751e8b465ee728b)  -> (artifact id: '7305afcf8bfa15969edbd217327948aa') in 0.018843 seconds 
========================================================================
Received Import Request.
  Time since last request: 0.000028 seconds.
  path: Packages/com.unity.textmeshpro/Editor Resources/Textures/btn_AlignTop_Light.psd
  artifactKey: Guid(ed041e68439749a69d0efa0e3d896c2e) Importer(815301076,1909f56bfc062723c751e8b465ee728b)
Start importing Packages/com.unity.textmeshpro/Editor Resources/Textures/btn_AlignTop_Light.psd using Guid(ed041e68439749a69d0efa0e3d896c2e) Importer(815301076,1909f56bfc062723c751e8b465ee728b)  -> (artifact id: 'b35481a1dc10bd3679cb8628faec9660') in 0.011335 seconds 
========================================================================
Received Import Request.
  Time since last request: 0.000029 seconds.
  path: Packages/com.unity.timeline/Editor/StyleSheets/Images/Icons/d_TrackMarkerButtonEnabled@2x.png
  artifactKey: Guid(6192986415256ca47a97a97507406f5e) Importer(815301076,1909f56bfc062723c751e8b465ee728b)
Start importing Packages/com.unity.timeline/Editor/StyleSheets/Images/Icons/d_TrackMarkerButtonEnabled@2x.png using Guid(6192986415256ca47a97a97507406f5e) Importer(815301076,1909f56bfc062723c751e8b465ee728b)  -> (artifact id: '86d2ac39c2f84df222fdf1c39104f9e0') in 0.009817 seconds 
========================================================================
Received Import Request.
  Time since last request: 0.000032 seconds.
  path: Packages/com.unity.timeline/Editor/StyleSheets/Images/Icons/d_TrackRecordButtonEnabled@2x.png
  artifactKey: Guid(0f1c9a12872a30f45bab34f536332bb3) Importer(815301076,1909f56bfc062723c751e8b465ee728b)
Start importing Packages/com.unity.timeline/Editor/StyleSheets/Images/Icons/d_TrackRecordButtonEnabled@2x.png using Guid(0f1c9a12872a30f45bab34f536332bb3) Importer(815301076,1909f56bfc062723c751e8b465ee728b)  -> (artifact id: '63a09e06a367a041614375db795c313b') in 0.010480 seconds 
========================================================================
Received Import Request.
  Time since last request: 0.000092 seconds.
  path: Packages/com.unity.timeline/Editor/StyleSheets/Images/Icons/d_TrackMarkerButtonDisabled.png
  artifactKey: Guid(b3644a971cca0bd4eb357cb9aca4dde1) Importer(815301076,1909f56bfc062723c751e8b465ee728b)
Start importing Packages/com.unity.timeline/Editor/StyleSheets/Images/Icons/d_TrackMarkerButtonDisabled.png using Guid(b3644a971cca0bd4eb357cb9aca4dde1) Importer(815301076,1909f56bfc062723c751e8b465ee728b)  -> (artifact id: 'dfbfa88db4b7b883813be52db7d84325') in 0.015458 seconds 
========================================================================
Received Import Request.
  Time since last request: 0.000037 seconds.
  path: Packages/com.unity.timeline/Editor/StyleSheets/Images/LightSkin/TimelineAutokey_active.png
  artifactKey: Guid(0a5e3e063c4e1ab45999cf6e40c13c07) Importer(815301076,1909f56bfc062723c751e8b465ee728b)
Start importing Packages/com.unity.timeline/Editor/StyleSheets/Images/LightSkin/TimelineAutokey_active.png using Guid(0a5e3e063c4e1ab45999cf6e40c13c07) Importer(815301076,1909f56bfc062723c751e8b465ee728b)  -> (artifact id: 'e542005345859f4c1effa66c4a5234fa') in 0.018718 seconds 
========================================================================
Received Import Request.
  Time since last request: 0.000034 seconds.
  path: Packages/com.unity.collab-proxy/Editor/PlasticSCM/Assets/Images/iconplastic.png
  artifactKey: Guid(3042b019b052942a1baf7aa49d7ca6bb) Importer(815301076,1909f56bfc062723c751e8b465ee728b)
Start importing Packages/com.unity.collab-proxy/Editor/PlasticSCM/Assets/Images/iconplastic.png using Guid(3042b019b052942a1baf7aa49d7ca6bb) Importer(815301076,1909f56bfc062723c751e8b465ee728b)  -> (artifact id: '695e93b1bdabc98df6d0d37dc2336bbf') in 0.018052 seconds 
========================================================================
Received Import Request.
  Time since last request: 0.000026 seconds.
  path: Packages/com.unity.timeline/Editor/StyleSheets/Images/Icons/d_TimelineEditModeMixON.png
  artifactKey: Guid(7c681ffb5a436684fa3e98a9b66775c0) Importer(815301076,1909f56bfc062723c751e8b465ee728b)
Start importing Packages/com.unity.timeline/Editor/StyleSheets/Images/Icons/d_TimelineEditModeMixON.png using Guid(7c681ffb5a436684fa3e98a9b66775c0) Importer(815301076,1909f56bfc062723c751e8b465ee728b)  -> (artifact id: 'd9e11469403602e5b79121ae77aed98c') in 0.016945 seconds 
========================================================================
Received Import Request.
  Time since last request: 0.000029 seconds.
  path: Packages/com.unity.collab-proxy/Editor/PlasticSCM/Assets/Images/iconplasticnotifyconflict@2x.png
  artifactKey: Guid(6e0a54826ffc3ee46b0aa3e1c1575a69) Importer(815301076,1909f56bfc062723c751e8b465ee728b)
Start importing Packages/com.unity.collab-proxy/Editor/PlasticSCM/Assets/Images/iconplasticnotifyconflict@2x.png using Guid(6e0a54826ffc3ee46b0aa3e1c1575a69) Importer(815301076,1909f56bfc062723c751e8b465ee728b)  -> (artifact id: 'ff9f6344df26aeab0ad15d58f3b63bd5') in 0.017054 seconds 
========================================================================
Received Import Request.
  Time since last request: 0.000030 seconds.
  path: Packages/com.unity.timeline/Editor/StyleSheets/Images/Icons/d_TrackLockButtonDisabled.png
  artifactKey: Guid(52ee3ba2abc3da14a95cdf64d32ae0ae) Importer(815301076,1909f56bfc062723c751e8b465ee728b)
Start importing Packages/com.unity.timeline/Editor/StyleSheets/Images/Icons/d_TrackLockButtonDisabled.png using Guid(52ee3ba2abc3da14a95cdf64d32ae0ae) Importer(815301076,1909f56bfc062723c751e8b465ee728b)  -> (artifact id: 'c4e37c2eb49e98f6f1ca2b4735d54333') in 0.020173 seconds 
========================================================================
Received Import Request.
  Time since last request: 0.000342 seconds.
  path: Packages/com.unity.collab-proxy/Editor/PlasticSCM/Assets/Images/d_iconoutofsync.png
  artifactKey: Guid(0e80bd0b4a8196f46acf73711b9505ec) Importer(815301076,1909f56bfc062723c751e8b465ee728b)
Start importing Packages/com.unity.collab-proxy/Editor/PlasticSCM/Assets/Images/d_iconoutofsync.png using Guid(0e80bd0b4a8196f46acf73711b9505ec) Importer(815301076,1909f56bfc062723c751e8b465ee728b)  -> (artifact id: '85e2c721d085ee3af734e6d10004232a') in 0.014916 seconds 
========================================================================
Received Import Request.
  Time since last request: 0.000046 seconds.
  path: Packages/com.unity.timeline/Editor/StyleSheets/Images/Shared/Timeline-Marker-Multi-Overlay.png
  artifactKey: Guid(75f26f1c549568c4e9950a368bd08cb8) Importer(815301076,1909f56bfc062723c751e8b465ee728b)
Start importing Packages/com.unity.timeline/Editor/StyleSheets/Images/Shared/Timeline-Marker-Multi-Overlay.png using Guid(75f26f1c549568c4e9950a368bd08cb8) Importer(815301076,1909f56bfc062723c751e8b465ee728b)  -> (artifact id: 'f53fe7084c5879c8593a7e3367911d13') in 0.018675 seconds 
========================================================================
Received Import Request.
  Time since last request: 0.000049 seconds.
  path: Packages/com.unity.timeline/Editor/StyleSheets/Images/Icons/d_TrackAvatarButtonEnabled@2x.png
  artifactKey: Guid(fd12dbe3b63ae464f824b4a74c0e1766) Importer(815301076,1909f56bfc062723c751e8b465ee728b)
Start importing Packages/com.unity.timeline/Editor/StyleSheets/Images/Icons/d_TrackAvatarButtonEnabled@2x.png using Guid(fd12dbe3b63ae464f824b4a74c0e1766) Importer(815301076,1909f56bfc062723c751e8b465ee728b)  -> (artifact id: '8cc22f6716162458a294ce50e316410b') in 0.018426 seconds 
========================================================================
Received Import Request.
  Time since last request: 0.000025 seconds.
  path: Packages/com.unity.collab-proxy/Editor/PlasticSCM/Assets/Images/d_iconconflicted@2x.png
  artifactKey: Guid(65f0e363b74cf5845ab8c3fbc14f39ac) Importer(815301076,1909f56bfc062723c751e8b465ee728b)
Start importing Packages/com.unity.collab-proxy/Editor/PlasticSCM/Assets/Images/d_iconconflicted@2x.png using Guid(65f0e363b74cf5845ab8c3fbc14f39ac) Importer(815301076,1909f56bfc062723c751e8b465ee728b)  -> (artifact id: '77a4c02c2b290cd4d2523a92b3af6ab0') in 0.018716 seconds 
========================================================================
Received Import Request.
  Time since last request: 0.000082 seconds.
  path: Packages/com.unity.collab-proxy/Editor/PlasticSCM/Assets/Images/d_iconclosebutton.png
  artifactKey: Guid(9cadde7a0d5f9024ab3f2cd5f6a740d6) Importer(815301076,1909f56bfc062723c751e8b465ee728b)
Start importing Packages/com.unity.collab-proxy/Editor/PlasticSCM/Assets/Images/d_iconclosebutton.png using Guid(9cadde7a0d5f9024ab3f2cd5f6a740d6) Importer(815301076,1909f56bfc062723c751e8b465ee728b)  -> (artifact id: 'd3ba23f9ce04ac8f0319505235bb1f45') in 0.017157 seconds 
========================================================================
Received Import Request.
  Time since last request: 0.000049 seconds.
  path: Packages/com.unity.collab-proxy/Editor/PlasticSCM/Assets/Images/d_icondeletedlocaloverlay.png
  artifactKey: Guid(4da274d970a82a943ae3979e7833f3dd) Importer(815301076,1909f56bfc062723c751e8b465ee728b)
Start importing Packages/com.unity.collab-proxy/Editor/PlasticSCM/Assets/Images/d_icondeletedlocaloverlay.png using Guid(4da274d970a82a943ae3979e7833f3dd) Importer(815301076,1909f56bfc062723c751e8b465ee728b)  -> (artifact id: '676605445b79ec9d4a16b1aa1e15bce3') in 0.018580 seconds 
========================================================================
Received Import Request.
  Time since last request: 0.000033 seconds.
  path: Packages/com.unity.timeline/Editor/StyleSheets/Images/Icons/d_TimelineEditModeRippleON.png
  artifactKey: Guid(67a774c4384aa6c488128e2851b18ced) Importer(815301076,1909f56bfc062723c751e8b465ee728b)
Start importing Packages/com.unity.timeline/Editor/StyleSheets/Images/Icons/d_TimelineEditModeRippleON.png using Guid(67a774c4384aa6c488128e2851b18ced) Importer(815301076,1909f56bfc062723c751e8b465ee728b)  -> (artifact id: '4f2ec2d577d2d86dc6a46bb93f2f52a6') in 0.013022 seconds 
========================================================================
Received Import Request.
  Time since last request: 0.000027 seconds.
  path: Packages/com.unity.timeline/Editor/StyleSheets/Images/Icons/d_TrackRecordButtonDisabled@2x.png
  artifactKey: Guid(db15c78579dee4a4db85f392634c8ecc) Importer(815301076,1909f56bfc062723c751e8b465ee728b)
Start importing Packages/com.unity.timeline/Editor/StyleSheets/Images/Icons/d_TrackRecordButtonDisabled@2x.png using Guid(db15c78579dee4a4db85f392634c8ecc) Importer(815301076,1909f56bfc062723c751e8b465ee728b)  -> (artifact id: '38aa1a3de6667d88aab7f974f3a83664') in 0.009756 seconds 
========================================================================
Received Import Request.
  Time since last request: 0.000035 seconds.
  path: Packages/com.unity.timeline/Editor/StyleSheets/Images/LightSkin/TimelineAutokey_active@2x.png
  artifactKey: Guid(f6717d61970edba4686c297677881a77) Importer(815301076,1909f56bfc062723c751e8b465ee728b)
Start importing Packages/com.unity.timeline/Editor/StyleSheets/Images/LightSkin/TimelineAutokey_active@2x.png using Guid(f6717d61970edba4686c297677881a77) Importer(815301076,1909f56bfc062723c751e8b465ee728b)  -> (artifact id: '1caf180e4bf82e7dcf5b6113cfe9c1a4') in 0.010462 seconds 
========================================================================
Received Import Request.
  Time since last request: 0.000075 seconds.
  path: Packages/com.unity.timeline/Editor/StyleSheets/Images/Icons/d_TimelineEditModeReplaceON.png
  artifactKey: Guid(7b4b3cedf598c954cb2f38d6e2e34c0d) Importer(815301076,1909f56bfc062723c751e8b465ee728b)
Start importing Packages/com.unity.timeline/Editor/StyleSheets/Images/Icons/d_TimelineEditModeReplaceON.png using Guid(7b4b3cedf598c954cb2f38d6e2e34c0d) Importer(815301076,1909f56bfc062723c751e8b465ee728b)  -> (artifact id: '78e394f4b17e1d3bbf167b733a994f78') in 0.013269 seconds 
========================================================================
Received Import Request.
  Time since last request: 0.000031 seconds.
  path: Packages/com.unity.timeline/Editor/StyleSheets/Images/Icons/TimelineCollapseMarkerButtonDisabled.png
  artifactKey: Guid(b80d5b6acdfbc114b9efab6295fd96c1) Importer(815301076,1909f56bfc062723c751e8b465ee728b)
Start importing Packages/com.unity.timeline/Editor/StyleSheets/Images/Icons/TimelineCollapseMarkerButtonDisabled.png using Guid(b80d5b6acdfbc114b9efab6295fd96c1) Importer(815301076,1909f56bfc062723c751e8b465ee728b)  -> (artifact id: '4edd37bc63dd0c02a1f0d529e97b8826') in 0.018372 seconds 
========================================================================
Received Import Request.
  Time since last request: 0.000026 seconds.
  path: Packages/com.unity.collab-proxy/Editor/PlasticSCM/Assets/Images/d_secondarytabclosehover@2x.png
  artifactKey: Guid(9aa4348290784b2468144a97eb15d8d7) Importer(815301076,1909f56bfc062723c751e8b465ee728b)
Start importing Packages/com.unity.collab-proxy/Editor/PlasticSCM/Assets/Images/d_secondarytabclosehover@2x.png using Guid(9aa4348290784b2468144a97eb15d8d7) Importer(815301076,1909f56bfc062723c751e8b465ee728b)  -> (artifact id: '5eddfecc4ca24f0a1744b27112b82df1') in 0.012309 seconds 
========================================================================
Received Import Request.
  Time since last request: 0.000024 seconds.
  path: Packages/com.unity.timeline/Editor/StyleSheets/Images/Icons/d_TimelineDigIn.png
  artifactKey: Guid(22c3c381bd3cd4a40a8541103023e1ef) Importer(815301076,1909f56bfc062723c751e8b465ee728b)
Start importing Packages/com.unity.timeline/Editor/StyleSheets/Images/Icons/d_TimelineDigIn.png using Guid(22c3c381bd3cd4a40a8541103023e1ef) Importer(815301076,1909f56bfc062723c751e8b465ee728b)  -> (artifact id: 'ee6ce0b707c0fe207acf6cdb540fd713') in 0.012436 seconds 
========================================================================
Received Import Request.
  Time since last request: 0.000035 seconds.
  path: Packages/com.unity.collab-proxy/Editor/PlasticSCM/Assets/Images/d_icondeletedremoteoverlay@2x.png
  artifactKey: Guid(2cfbf6619eb047545a425e8a31732c83) Importer(815301076,1909f56bfc062723c751e8b465ee728b)
Start importing Packages/com.unity.collab-proxy/Editor/PlasticSCM/Assets/Images/d_icondeletedremoteoverlay@2x.png using Guid(2cfbf6619eb047545a425e8a31732c83) Importer(815301076,1909f56bfc062723c751e8b465ee728b)  -> (artifact id: '003d6b12395ef88bd3c730a100c52129') in 0.012123 seconds 
========================================================================
Received Import Request.
  Time since last request: 0.000024 seconds.
  path: Packages/com.unity.timeline/Editor/StyleSheets/Images/LightSkin/TimelineEndPlayback.png
  artifactKey: Guid(6952cd3b0f88917449a8fa4d19fc5009) Importer(815301076,1909f56bfc062723c751e8b465ee728b)
Start importing Packages/com.unity.timeline/Editor/StyleSheets/Images/LightSkin/TimelineEndPlayback.png using Guid(6952cd3b0f88917449a8fa4d19fc5009) Importer(815301076,1909f56bfc062723c751e8b465ee728b)  -> (artifact id: '19ce13f2267810467622239eae5b6df4') in 0.012266 seconds 
========================================================================
Received Import Request.
  Time since last request: 0.000063 seconds.
  path: Packages/com.unity.timeline/Editor/StyleSheets/Images/LightSkin/TimelineIconClipIn.png
  artifactKey: Guid(4171b549947246b4f9579419d5698a7e) Importer(815301076,1909f56bfc062723c751e8b465ee728b)
Start importing Packages/com.unity.timeline/Editor/StyleSheets/Images/LightSkin/TimelineIconClipIn.png using Guid(4171b549947246b4f9579419d5698a7e) Importer(815301076,1909f56bfc062723c751e8b465ee728b)  -> (artifact id: 'fc0ebfdf590b7e26cfed1023eb080513') in 0.014015 seconds 
========================================================================
Received Import Request.
  Time since last request: 0.000032 seconds.
  path: Packages/com.unity.timeline/Editor/StyleSheets/Images/Icons/d_TimelineEditModeRippleOFF.png
  artifactKey: Guid(411e6f19c19fa0546af83aeb59c2ed4b) Importer(815301076,1909f56bfc062723c751e8b465ee728b)
Start importing Packages/com.unity.timeline/Editor/StyleSheets/Images/Icons/d_TimelineEditModeRippleOFF.png using Guid(411e6f19c19fa0546af83aeb59c2ed4b) Importer(815301076,1909f56bfc062723c751e8b465ee728b)  -> (artifact id: '0b07afabf0b218f48b365dc4e797ddd8') in 0.016766 seconds 
========================================================================
Received Import Request.
  Time since last request: 0.000049 seconds.
  path: Packages/com.unity.collab-proxy/Editor/PlasticSCM/Assets/Images/ignored.png
  artifactKey: Guid(595bc97bc8e1e0b46bd4c2148ba3723a) Importer(815301076,1909f56bfc062723c751e8b465ee728b)
Start importing Packages/com.unity.collab-proxy/Editor/PlasticSCM/Assets/Images/ignored.png using Guid(595bc97bc8e1e0b46bd4c2148ba3723a) Importer(815301076,1909f56bfc062723c751e8b465ee728b)  -> (artifact id: '0a314361d587a7ba2a73e43e88bb97a1') in 0.010882 seconds 
========================================================================
Received Import Request.
  Time since last request: 0.000025 seconds.
  path: Packages/com.unity.timeline/Editor/StyleSheets/Images/Icons/d_TrackCurvesButtonDisabled.png
  artifactKey: Guid(d55a54a15106e3f418a43134888f2211) Importer(815301076,1909f56bfc062723c751e8b465ee728b)
Start importing Packages/com.unity.timeline/Editor/StyleSheets/Images/Icons/d_TrackCurvesButtonDisabled.png using Guid(d55a54a15106e3f418a43134888f2211) Importer(815301076,1909f56bfc062723c751e8b465ee728b)  -> (artifact id: '6e5e6d48f07cabee80e37ca50072fc65') in 0.013169 seconds 
========================================================================
Received Import Request.
  Time since last request: 0.000064 seconds.
  path: Packages/com.unity.timeline/Editor/StyleSheets/Images/Icons/d_TimelineEditModeMixOFF.png
  artifactKey: Guid(39d9575ed0465354cb02b69ea18526de) Importer(815301076,1909f56bfc062723c751e8b465ee728b)
Start importing Packages/com.unity.timeline/Editor/StyleSheets/Images/Icons/d_TimelineEditModeMixOFF.png using Guid(39d9575ed0465354cb02b69ea18526de) Importer(815301076,1909f56bfc062723c751e8b465ee728b)  -> (artifact id: 'f59c55957ef232ba9204e9a5c80ae175') in 0.011784 seconds 
========================================================================
Received Import Request.
  Time since last request: 0.000056 seconds.
  path: Packages/com.unity.collab-proxy/Editor/PlasticSCM/Assets/Images/d_iconconflictresolvedoverlay.png
  artifactKey: Guid(056ee72c467a4e24d87541d42839ca72) Importer(815301076,1909f56bfc062723c751e8b465ee728b)
Start importing Packages/com.unity.collab-proxy/Editor/PlasticSCM/Assets/Images/d_iconconflictresolvedoverlay.png using Guid(056ee72c467a4e24d87541d42839ca72) Importer(815301076,1909f56bfc062723c751e8b465ee728b)  -> (artifact id: '2abad97b4ed86d0dea9300ed276e2ff2') in 0.012491 seconds 
========================================================================
Received Import Request.
  Time since last request: 0.000077 seconds.
  path: Packages/com.unity.collab-proxy/Editor/PlasticSCM/Assets/Images/d_step2.png
  artifactKey: Guid(897c3a3f5c4038345a7143573bbb4a40) Importer(815301076,1909f56bfc062723c751e8b465ee728b)
Start importing Packages/com.unity.collab-proxy/Editor/PlasticSCM/Assets/Images/d_step2.png using Guid(897c3a3f5c4038345a7143573bbb4a40) Importer(815301076,1909f56bfc062723c751e8b465ee728b)  -> (artifact id: '0259a9860d8f12cfecc195a6be15b947') in 0.014248 seconds 
========================================================================
Received Import Request.
  Time since last request: 0.000028 seconds.
  path: Packages/com.unity.collab-proxy/Editor/PlasticSCM/Assets/Images/iconoutofsyncoverlay@2x.png
  artifactKey: Guid(3728580c149181a44b359e89f6edacae) Importer(815301076,1909f56bfc062723c751e8b465ee728b)
Start importing Packages/com.unity.collab-proxy/Editor/PlasticSCM/Assets/Images/iconoutofsyncoverlay@2x.png using Guid(3728580c149181a44b359e89f6edacae) Importer(815301076,1909f56bfc062723c751e8b465ee728b)  -> (artifact id: '43460ace3b5ac63a102ec3060d996edf') in 0.017980 seconds 
========================================================================
Received Import Request.
  Time since last request: 0.000025 seconds.
  path: Packages/com.unity.timeline/Editor/StyleSheets/Images/Icons/d_TrackRecordButtonEnabled.png
  artifactKey: Guid(0e5ba0f04df278944a8f5a62f64f5aa6) Importer(815301076,1909f56bfc062723c751e8b465ee728b)
Start importing Packages/com.unity.timeline/Editor/StyleSheets/Images/Icons/d_TrackRecordButtonEnabled.png using Guid(0e5ba0f04df278944a8f5a62f64f5aa6) Importer(815301076,1909f56bfc062723c751e8b465ee728b)  -> (artifact id: '7e606f68fc99a051736f550aabc37b68') in 0.016964 seconds 
========================================================================
Received Import Request.
  Time since last request: 0.000035 seconds.
  path: Packages/com.unity.timeline/Editor/StyleSheets/Images/LightSkin/TimelineAutokey@2x.png
  artifactKey: Guid(cf3fbf98d5c3f1941bd9c0256918a4c8) Importer(815301076,1909f56bfc062723c751e8b465ee728b)
Start importing Packages/com.unity.timeline/Editor/StyleSheets/Images/LightSkin/TimelineAutokey@2x.png using Guid(cf3fbf98d5c3f1941bd9c0256918a4c8) Importer(815301076,1909f56bfc062723c751e8b465ee728b)  -> (artifact id: 'af0ca5a8759d2fa683a9362189c8080b') in 0.015208 seconds 
========================================================================
Received Import Request.
  Time since last request: 0.000096 seconds.
  path: Packages/com.unity.collab-proxy/Editor/PlasticSCM/Assets/Images/d_step3@2x.png
  artifactKey: Guid(c9ed6d6ea2f9657409bfa068d4846139) Importer(815301076,1909f56bfc062723c751e8b465ee728b)
Start importing Packages/com.unity.collab-proxy/Editor/PlasticSCM/Assets/Images/d_step3@2x.png using Guid(c9ed6d6ea2f9657409bfa068d4846139) Importer(815301076,1909f56bfc062723c751e8b465ee728b)  -> (artifact id: 'dd4507c5744b811efe7262b6c182ca16') in 0.011184 seconds 
========================================================================
Received Import Request.
  Time since last request: 0.000035 seconds.
  path: Packages/com.unity.collab-proxy/Editor/PlasticSCM/Assets/Images/d_iconbranch.png
  artifactKey: Guid(612c5e166a121e3449dad067fbdc37a4) Importer(815301076,1909f56bfc062723c751e8b465ee728b)
Start importing Packages/com.unity.collab-proxy/Editor/PlasticSCM/Assets/Images/d_iconbranch.png using Guid(612c5e166a121e3449dad067fbdc37a4) Importer(815301076,1909f56bfc062723c751e8b465ee728b)  -> (artifact id: 'd6f0d1225a38eec95db58e0803f54e91') in 0.011818 seconds 
========================================================================
Received Import Request.
  Time since last request: 0.000037 seconds.
  path: Packages/com.unity.timeline/Editor/StyleSheets/Images/Icons/d_TimelineSelector.png
  artifactKey: Guid(06bf6150656339941aa98e175a995445) Importer(815301076,1909f56bfc062723c751e8b465ee728b)
Start importing Packages/com.unity.timeline/Editor/StyleSheets/Images/Icons/d_TimelineSelector.png using Guid(06bf6150656339941aa98e175a995445) Importer(815301076,1909f56bfc062723c751e8b465ee728b)  -> (artifact id: 'f801ce9984d8014486d773ff3d14ac68') in 0.015512 seconds 
========================================================================
Received Import Request.
  Time since last request: 0.000031 seconds.
  path: Packages/com.unity.timeline/Editor/StyleSheets/Images/Icons/TimelineClipBG.png
  artifactKey: Guid(d44fc8b11425e0043aa7c20a301ce707) Importer(815301076,1909f56bfc062723c751e8b465ee728b)
Start importing Packages/com.unity.timeline/Editor/StyleSheets/Images/Icons/TimelineClipBG.png using Guid(d44fc8b11425e0043aa7c20a301ce707) Importer(815301076,1909f56bfc062723c751e8b465ee728b)  -> (artifact id: '80f4392dc836b3ec8d87db6bba5148a5') in 0.016408 seconds 
========================================================================
Received Import Request.
  Time since last request: 0.000056 seconds.
  path: Packages/com.unity.timeline/Editor/StyleSheets/Images/Icons/d_TrackCurvesButtonEnabled@2x.png
  artifactKey: Guid(43ed4593c5ddda0439fcc1bdaf8309fe) Importer(815301076,1909f56bfc062723c751e8b465ee728b)
Start importing Packages/com.unity.timeline/Editor/StyleSheets/Images/Icons/d_TrackCurvesButtonEnabled@2x.png using Guid(43ed4593c5ddda0439fcc1bdaf8309fe) Importer(815301076,1909f56bfc062723c751e8b465ee728b)  -> (artifact id: 'a788953de672ef3cc926cd6afa23b78e') in 0.011145 seconds 
========================================================================
Received Import Request.
  Time since last request: 0.000025 seconds.
  path: Packages/com.unity.timeline/Editor/StyleSheets/Images/Icons/TimelineCollapseMarkerButtonEnabled.png
  artifactKey: Guid(0367ce1ebbbb18940b79eed63a0315d5) Importer(815301076,1909f56bfc062723c751e8b465ee728b)
Start importing Packages/com.unity.timeline/Editor/StyleSheets/Images/Icons/TimelineCollapseMarkerButtonEnabled.png using Guid(0367ce1ebbbb18940b79eed63a0315d5) Importer(815301076,1909f56bfc062723c751e8b465ee728b)  -> (artifact id: 'e7a9acda194dbfe35a1a2071c0268bf2') in 0.013451 seconds 
========================================================================
Received Import Request.
  Time since last request: 0.000062 seconds.
  path: Packages/com.unity.collab-proxy/Editor/PlasticSCM/Assets/Images/d_iconcheckedoutlocaloverlay@2x.png
  artifactKey: Guid(8d98ab6168c3e91439339f1908b8fe97) Importer(815301076,1909f56bfc062723c751e8b465ee728b)
Start importing Packages/com.unity.collab-proxy/Editor/PlasticSCM/Assets/Images/d_iconcheckedoutlocaloverlay@2x.png using Guid(8d98ab6168c3e91439339f1908b8fe97) Importer(815301076,1909f56bfc062723c751e8b465ee728b)  -> (artifact id: '9d59fcf15c1df1692c89372b74b6f4b0') in 0.009629 seconds 
========================================================================
Received Import Request.
  Time since last request: 0.000034 seconds.
  path: Packages/com.unity.collab-proxy/Editor/PlasticSCM/Assets/Images/buttonssosigninemail.png
  artifactKey: Guid(d24e7e0b75e1a244bb9687d6fd4315ef) Importer(815301076,1909f56bfc062723c751e8b465ee728b)
Start importing Packages/com.unity.collab-proxy/Editor/PlasticSCM/Assets/Images/buttonssosigninemail.png using Guid(d24e7e0b75e1a244bb9687d6fd4315ef) Importer(815301076,1909f56bfc062723c751e8b465ee728b)  -> (artifact id: '3f35b62fdefe96b2fa06754d385942c8') in 0.012503 seconds 
========================================================================
Received Import Request.
  Time since last request: 0.000072 seconds.
  path: Packages/com.unity.collab-proxy/Editor/PlasticSCM/Assets/Images/iconundo.png
  artifactKey: Guid(98773313eabe35543bfdbf542ccea271) Importer(815301076,1909f56bfc062723c751e8b465ee728b)
Start importing Packages/com.unity.collab-proxy/Editor/PlasticSCM/Assets/Images/iconundo.png using Guid(98773313eabe35543bfdbf542ccea271) Importer(815301076,1909f56bfc062723c751e8b465ee728b)  -> (artifact id: 'a9dba3be0aaa5534fc67b5001d9bd41c') in 0.016566 seconds 
========================================================================
Received Import Request.
  Time since last request: 0.000025 seconds.
  path: Packages/com.unity.collab-proxy/Editor/PlasticSCM/Assets/Images/d_secondarytabclose.png
  artifactKey: Guid(6975ee4c1f40caf4da8dd733ee2cfeaf) Importer(815301076,1909f56bfc062723c751e8b465ee728b)
Start importing Packages/com.unity.collab-proxy/Editor/PlasticSCM/Assets/Images/d_secondarytabclose.png using Guid(6975ee4c1f40caf4da8dd733ee2cfeaf) Importer(815301076,1909f56bfc062723c751e8b465ee728b)  -> (artifact id: '51793d1d9c2c86d92cbf7862b956d484') in 0.014948 seconds 
========================================================================
Received Import Request.
  Time since last request: 0.000028 seconds.
  path: Packages/com.unity.timeline/Editor/StyleSheets/Images/Icons/d_TrackAvatarButtonDisabled@2x.png
  artifactKey: Guid(fd194f75fe3d7ca4488fa775ae832fd8) Importer(815301076,1909f56bfc062723c751e8b465ee728b)
Start importing Packages/com.unity.timeline/Editor/StyleSheets/Images/Icons/d_TrackAvatarButtonDisabled@2x.png using Guid(fd194f75fe3d7ca4488fa775ae832fd8) Importer(815301076,1909f56bfc062723c751e8b465ee728b)  -> (artifact id: '9578d5289c9d61c5291f475591cb81f5') in 0.019163 seconds 
========================================================================
Received Import Request.
  Time since last request: 0.000037 seconds.
  path: Packages/com.unity.collab-proxy/Editor/PlasticSCM/Assets/Images/d_refresh.png
  artifactKey: Guid(92b8c447daf4d4b41a0ec148d1091261) Importer(815301076,1909f56bfc062723c751e8b465ee728b)
Start importing Packages/com.unity.collab-proxy/Editor/PlasticSCM/Assets/Images/d_refresh.png using Guid(92b8c447daf4d4b41a0ec148d1091261) Importer(815301076,1909f56bfc062723c751e8b465ee728b)  -> (artifact id: '98ec2871761dfabdccdfa3ffb39f6505') in 0.018336 seconds 
========================================================================
Received Import Request.
  Time since last request: 0.000032 seconds.
  path: Packages/com.unity.collab-proxy/Editor/PlasticSCM/Assets/Images/d_loading.png
  artifactKey: Guid(d58e94bfb1bac774dbb8ca9c2597ef2e) Importer(815301076,1909f56bfc062723c751e8b465ee728b)
Start importing Packages/com.unity.collab-proxy/Editor/PlasticSCM/Assets/Images/d_loading.png using Guid(d58e94bfb1bac774dbb8ca9c2597ef2e) Importer(815301076,1909f56bfc062723c751e8b465ee728b)  -> (artifact id: '9452985eb015dea0d47aedf62e13774a') in 0.018624 seconds 
========================================================================
Received Import Request.
  Time since last request: 0.000030 seconds.
  path: Packages/com.unity.testtools.codecoverage/Editor/Icons/CodeCoverage.png
  artifactKey: Guid(5e4d1277a09266944b3431a0a44d0862) Importer(815301076,1909f56bfc062723c751e8b465ee728b)
Start importing Packages/com.unity.testtools.codecoverage/Editor/Icons/CodeCoverage.png using Guid(5e4d1277a09266944b3431a0a44d0862) Importer(815301076,1909f56bfc062723c751e8b465ee728b)  -> (artifact id: 'd127b16208d3e4920fcfdb40cf01d904') in 0.011674 seconds 
========================================================================
Received Import Request.
  Time since last request: 0.000038 seconds.
  path: Packages/com.unity.collab-proxy/Editor/PlasticSCM/Assets/Images/ignoredoverlay@2x.png
  artifactKey: Guid(999d04c0ea94ccc41b3d80788160695b) Importer(815301076,1909f56bfc062723c751e8b465ee728b)
Start importing Packages/com.unity.collab-proxy/Editor/PlasticSCM/Assets/Images/ignoredoverlay@2x.png using Guid(999d04c0ea94ccc41b3d80788160695b) Importer(815301076,1909f56bfc062723c751e8b465ee728b)  -> (artifact id: 'b57dbb1e9966bf66fe084fe5edef7318') in 0.011710 seconds 
========================================================================
Received Import Request.
  Time since last request: 0.000104 seconds.
  path: Packages/com.unity.collab-proxy/Editor/PlasticSCM/Assets/Images/iconprivateoverlay@2x.png
  artifactKey: Guid(40685941c1361aa4a957b61174bce3f6) Importer(815301076,1909f56bfc062723c751e8b465ee728b)
Start importing Packages/com.unity.collab-proxy/Editor/PlasticSCM/Assets/Images/iconprivateoverlay@2x.png using Guid(40685941c1361aa4a957b61174bce3f6) Importer(815301076,1909f56bfc062723c751e8b465ee728b)  -> (artifact id: '692869c8073163b0232d4849df2148d5') in 0.012202 seconds 
========================================================================
Received Import Request.
  Time since last request: 0.000029 seconds.
  path: Packages/com.unity.collab-proxy/Editor/PlasticSCM/Assets/Images/d_iconprivateoverlay@2x.png
  artifactKey: Guid(7f854f490da24e54f9e8383e446b5d81) Importer(815301076,1909f56bfc062723c751e8b465ee728b)
Start importing Packages/com.unity.collab-proxy/Editor/PlasticSCM/Assets/Images/d_iconprivateoverlay@2x.png using Guid(7f854f490da24e54f9e8383e446b5d81) Importer(815301076,1909f56bfc062723c751e8b465ee728b)  -> (artifact id: '09cecc8cdfb79986472b93eb6faf2fb7') in 0.015620 seconds 
========================================================================
Received Import Request.
  Time since last request: 0.000064 seconds.
  path: Packages/com.unity.collab-proxy/Editor/PlasticSCM/Assets/Images/d_icondeletedremote.png
  artifactKey: Guid(23e66f7264c74424889342127f229577) Importer(815301076,1909f56bfc062723c751e8b465ee728b)
Start importing Packages/com.unity.collab-proxy/Editor/PlasticSCM/Assets/Images/d_icondeletedremote.png using Guid(23e66f7264c74424889342127f229577) Importer(815301076,1909f56bfc062723c751e8b465ee728b)  -> (artifact id: '06bf5e3a31534e4d4f54911db29812a1') in 0.012236 seconds 
========================================================================
Received Import Request.
  Time since last request: 0.000086 seconds.
  path: Packages/com.unity.collab-proxy/Editor/PlasticSCM/Assets/Images/d_step1@2x.png
  artifactKey: Guid(c8a69ecdf54ac8e4b873466605de27ff) Importer(815301076,1909f56bfc062723c751e8b465ee728b)
Start importing Packages/com.unity.collab-proxy/Editor/PlasticSCM/Assets/Images/d_step1@2x.png using Guid(c8a69ecdf54ac8e4b873466605de27ff) Importer(815301076,1909f56bfc062723c751e8b465ee728b)  -> (artifact id: 'd27fb1818d74c617dacd6a893ad5d933') in 0.013689 seconds 
========================================================================
Received Import Request.
  Time since last request: 0.000027 seconds.
  path: Packages/com.unity.timeline/Editor/StyleSheets/Images/Icons/d_TimelineEditModeReplaceOFF.png
  artifactKey: Guid(912fd71cbf4cbe140b4f240bedbc1f3e) Importer(815301076,1909f56bfc062723c751e8b465ee728b)
Start importing Packages/com.unity.timeline/Editor/StyleSheets/Images/Icons/d_TimelineEditModeReplaceOFF.png using Guid(912fd71cbf4cbe140b4f240bedbc1f3e) Importer(815301076,1909f56bfc062723c751e8b465ee728b)  -> (artifact id: 'c3b00863381c545becef105136c6d084') in 0.018787 seconds 
========================================================================
Received Import Request.
  Time since last request: 0.000028 seconds.
  path: Packages/com.unity.timeline/Editor/StyleSheets/Images/Icons/TimelineClipFG.png
  artifactKey: Guid(33b1871a2d09cfa459a93f4e8feb5c41) Importer(815301076,1909f56bfc062723c751e8b465ee728b)
Start importing Packages/com.unity.timeline/Editor/StyleSheets/Images/Icons/TimelineClipFG.png using Guid(33b1871a2d09cfa459a93f4e8feb5c41) Importer(815301076,1909f56bfc062723c751e8b465ee728b)  -> (artifact id: '924266d9d144e1e0e627714eca209a89') in 0.016753 seconds 
========================================================================
Received Import Request.
  Time since last request: 0.000035 seconds.
  path: Packages/com.unity.timeline/Editor/StyleSheets/Images/DarkSkin/TimelineEndPlayback.png
  artifactKey: Guid(c285802d9d414814fad592b90b223f15) Importer(815301076,1909f56bfc062723c751e8b465ee728b)
Start importing Packages/com.unity.timeline/Editor/StyleSheets/Images/DarkSkin/TimelineEndPlayback.png using Guid(c285802d9d414814fad592b90b223f15) Importer(815301076,1909f56bfc062723c751e8b465ee728b)  -> (artifact id: 'b2f2f22a21f5c3b66385cbf9f1cd5306') in 0.011672 seconds 
========================================================================
Received Import Request.
  Time since last request: 0.000023 seconds.
  path: Packages/com.unity.timeline/Editor/StyleSheets/Images/LightSkin/TimelineHold.png
  artifactKey: Guid(a09fd8b5d9396c24a96a6de50cddc3b9) Importer(815301076,1909f56bfc062723c751e8b465ee728b)
Start importing Packages/com.unity.timeline/Editor/StyleSheets/Images/LightSkin/TimelineHold.png using Guid(a09fd8b5d9396c24a96a6de50cddc3b9) Importer(815301076,1909f56bfc062723c751e8b465ee728b)  -> (artifact id: '6cf98585cbe8f7f1b8d6bc23b5c50868') in 0.011851 seconds 
========================================================================
Received Import Request.
  Time since last request: 0.000109 seconds.
  path: Packages/com.unity.collab-proxy/Editor/PlasticSCM/Assets/Images/iconmoved.png
  artifactKey: Guid(8a6cca56e2b63344eb4769cd92d93ffb) Importer(815301076,1909f56bfc062723c751e8b465ee728b)
Start importing Packages/com.unity.collab-proxy/Editor/PlasticSCM/Assets/Images/iconmoved.png using Guid(8a6cca56e2b63344eb4769cd92d93ffb) Importer(815301076,1909f56bfc062723c751e8b465ee728b)  -> (artifact id: '0bf8f9e7c668844ec0baaaf1cc3e3b79') in 0.012227 seconds 
========================================================================
Received Import Request.
  Time since last request: 0.000080 seconds.
  path: Packages/com.unity.collab-proxy/Editor/PlasticSCM/Assets/Images/d_iconaddedoverlay@2x.png
  artifactKey: Guid(a6fbd5a181bc51e42a61a73fe8d727c8) Importer(815301076,1909f56bfc062723c751e8b465ee728b)
Start importing Packages/com.unity.collab-proxy/Editor/PlasticSCM/Assets/Images/d_iconaddedoverlay@2x.png using Guid(a6fbd5a181bc51e42a61a73fe8d727c8) Importer(815301076,1909f56bfc062723c751e8b465ee728b)  -> (artifact id: 'e872bc10cc41ba53d6b103b62bc1a379') in 0.013114 seconds 
========================================================================
Received Import Request.
  Time since last request: 0.000027 seconds.
  path: Packages/com.unity.timeline/Editor/StyleSheets/Images/LightSkin/TimelineContinue.png
  artifactKey: Guid(61c21f74972ba8246b3ea400a9231841) Importer(815301076,1909f56bfc062723c751e8b465ee728b)
Start importing Packages/com.unity.timeline/Editor/StyleSheets/Images/LightSkin/TimelineContinue.png using Guid(61c21f74972ba8246b3ea400a9231841) Importer(815301076,1909f56bfc062723c751e8b465ee728b)  -> (artifact id: '0560c5f7969e736e70a152717dc812f8') in 0.017474 seconds 
========================================================================
Received Import Request.
  Time since last request: 0.000032 seconds.
  path: Packages/com.unity.collab-proxy/Editor/PlasticSCM/Assets/Images/d_iconemptygravatar@2x.png
  artifactKey: Guid(0ac55f9f886d827408c102bdf33c5ff7) Importer(815301076,1909f56bfc062723c751e8b465ee728b)
Start importing Packages/com.unity.collab-proxy/Editor/PlasticSCM/Assets/Images/d_iconemptygravatar@2x.png using Guid(0ac55f9f886d827408c102bdf33c5ff7) Importer(815301076,1909f56bfc062723c751e8b465ee728b)  -> (artifact id: '4be51f032cd29bc8dba72ffabc88e432') in 0.019084 seconds 
========================================================================
Received Import Request.
  Time since last request: 0.000044 seconds.
  path: Packages/com.unity.collab-proxy/Editor/PlasticSCM/Assets/Images/d_iconplasticnotifyconflict.png
  artifactKey: Guid(51582ae5ea51fa14996791a550f89473) Importer(815301076,1909f56bfc062723c751e8b465ee728b)
Start importing Packages/com.unity.collab-proxy/Editor/PlasticSCM/Assets/Images/d_iconplasticnotifyconflict.png using Guid(51582ae5ea51fa14996791a550f89473) Importer(815301076,1909f56bfc062723c751e8b465ee728b)  -> (artifact id: '6cd8d32831fce80a24c33c1849b54557') in 0.012471 seconds 
========================================================================
Received Import Request.
  Time since last request: 0.000033 seconds.
  path: Packages/com.unity.timeline/Editor/StyleSheets/Images/Shared/TimelineBottomShadow.png
  artifactKey: Guid(db66ea47c76423f4a881937d34495801) Importer(815301076,1909f56bfc062723c751e8b465ee728b)
Start importing Packages/com.unity.timeline/Editor/StyleSheets/Images/Shared/TimelineBottomShadow.png using Guid(db66ea47c76423f4a881937d34495801) Importer(815301076,1909f56bfc062723c751e8b465ee728b)  -> (artifact id: '89284e150037b090fa4eb83eb4272c38') in 0.012764 seconds 
========================================================================
Received Import Request.
  Time since last request: 0.000113 seconds.
  path: Packages/com.unity.timeline/Editor/StyleSheets/Images/Icons/d_TrackAvatarButtonDisabled.png
  artifactKey: Guid(91746a504b59769439bb2749c314d231) Importer(815301076,1909f56bfc062723c751e8b465ee728b)
Start importing Packages/com.unity.timeline/Editor/StyleSheets/Images/Icons/d_TrackAvatarButtonDisabled.png using Guid(91746a504b59769439bb2749c314d231) Importer(815301076,1909f56bfc062723c751e8b465ee728b)  -> (artifact id: 'b9d779d449efd7b782b23a6c013f1e3b') in 0.011700 seconds 
========================================================================
Received Import Request.
  Time since last request: 0.000044 seconds.
  path: Packages/com.unity.testtools.codecoverage/Editor/Icons/FolderOpened@2x.png
  artifactKey: Guid(dd4bd79e2c603964e8cbf04d0851a210) Importer(815301076,1909f56bfc062723c751e8b465ee728b)
Start importing Packages/com.unity.testtools.codecoverage/Editor/Icons/FolderOpened@2x.png using Guid(dd4bd79e2c603964e8cbf04d0851a210) Importer(815301076,1909f56bfc062723c751e8b465ee728b)  -> (artifact id: 'f14de2f22f3b9bbe76c2bcbe9a3133c4') in 0.012239 seconds 
========================================================================
Received Import Request.
  Time since last request: 0.000031 seconds.
  path: Packages/com.unity.timeline/Editor/StyleSheets/Images/Icons/d_TrackLockButtonEnabled@2x.png
  artifactKey: Guid(2c85066ea99cfbe4f90294bf295ce543) Importer(815301076,1909f56bfc062723c751e8b465ee728b)
Start importing Packages/com.unity.timeline/Editor/StyleSheets/Images/Icons/d_TrackLockButtonEnabled@2x.png using Guid(2c85066ea99cfbe4f90294bf295ce543) Importer(815301076,1909f56bfc062723c751e8b465ee728b)  -> (artifact id: '02fb00441c8490f648d8385d2dc2dbc6') in 0.015119 seconds 
========================================================================
Received Import Request.
  Time since last request: 0.000028 seconds.
  path: Packages/com.unity.timeline/Editor/StyleSheets/Images/Icons/d_TrackMuteButtonEnabled.png
  artifactKey: Guid(ac5017dfbeee42347b3b45ecc572674e) Importer(815301076,1909f56bfc062723c751e8b465ee728b)
Start importing Packages/com.unity.timeline/Editor/StyleSheets/Images/Icons/d_TrackMuteButtonEnabled.png using Guid(ac5017dfbeee42347b3b45ecc572674e) Importer(815301076,1909f56bfc062723c751e8b465ee728b)  -> (artifact id: 'e6a052509f086701c20d0dca54ece599') in 0.016695 seconds 
========================================================================
Received Import Request.
  Time since last request: 0.000040 seconds.
  path: Packages/com.unity.collab-proxy/Editor/PlasticSCM/Assets/Images/step3@2x.png
  artifactKey: Guid(36e6970b84831434a9eac79abd03700b) Importer(815301076,1909f56bfc062723c751e8b465ee728b)
Start importing Packages/com.unity.collab-proxy/Editor/PlasticSCM/Assets/Images/step3@2x.png using Guid(36e6970b84831434a9eac79abd03700b) Importer(815301076,1909f56bfc062723c751e8b465ee728b)  -> (artifact id: '4e8ce60523464b7da6a5b0982f54764c') in 0.011761 seconds 
========================================================================
Received Import Request.
  Time since last request: 0.000033 seconds.
  path: Packages/com.unity.timeline/Editor/StyleSheets/Images/Shared/TimelineDisplay.png
  artifactKey: Guid(03ae22b9de3989144a9bebf8972b4fad) Importer(815301076,1909f56bfc062723c751e8b465ee728b)
Start importing Packages/com.unity.timeline/Editor/StyleSheets/Images/Shared/TimelineDisplay.png using Guid(03ae22b9de3989144a9bebf8972b4fad) Importer(815301076,1909f56bfc062723c751e8b465ee728b)  -> (artifact id: 'd5844e68df877affa15a41c538742454') in 0.016028 seconds 
========================================================================
Received Import Request.
  Time since last request: 0.000031 seconds.
  path: Packages/com.unity.timeline/Editor/StyleSheets/Images/DarkSkin/TimelineIconClipIn.png
  artifactKey: Guid(ab1e2f0dfb0df5e40bb95359b3d8ed3a) Importer(815301076,1909f56bfc062723c751e8b465ee728b)
Start importing Packages/com.unity.timeline/Editor/StyleSheets/Images/DarkSkin/TimelineIconClipIn.png using Guid(ab1e2f0dfb0df5e40bb95359b3d8ed3a) Importer(815301076,1909f56bfc062723c751e8b465ee728b)  -> (artifact id: '1df22a73eb9cebe98cd959853cb649c7') in 0.012156 seconds 
========================================================================
Received Import Request.
  Time since last request: 0.000072 seconds.
  path: Packages/com.unity.collab-proxy/Editor/PlasticSCM/Assets/Images/iconundo@2x.png
  artifactKey: Guid(0dfbb2b6ddcdd254da80e3418498b3a6) Importer(815301076,1909f56bfc062723c751e8b465ee728b)
Start importing Packages/com.unity.collab-proxy/Editor/PlasticSCM/Assets/Images/iconundo@2x.png using Guid(0dfbb2b6ddcdd254da80e3418498b3a6) Importer(815301076,1909f56bfc062723c751e8b465ee728b)  -> (artifact id: '1a60faf5dee6046ac70a6427247fb5a8') in 0.009918 seconds 
========================================================================
Received Import Request.
  Time since last request: 0.000034 seconds.
  path: Packages/com.unity.collab-proxy/Editor/PlasticSCM/Assets/Images/d_refresh@2x.png
  artifactKey: Guid(602b72d4617c3694aa94419fc1b68e04) Importer(815301076,1909f56bfc062723c751e8b465ee728b)
Start importing Packages/com.unity.collab-proxy/Editor/PlasticSCM/Assets/Images/d_refresh@2x.png using Guid(602b72d4617c3694aa94419fc1b68e04) Importer(815301076,1909f56bfc062723c751e8b465ee728b)  -> (artifact id: 'fe9f62e55775e71d3a317174ca0b0298') in 0.013467 seconds 
========================================================================
Received Import Request.
  Time since last request: 0.000087 seconds.
  path: Packages/com.unity.timeline/Editor/StyleSheets/Images/Icons/d_TrackRecordButtonDisabled.png
  artifactKey: Guid(9c6daec86666cbb4b9e558b839a103db) Importer(815301076,1909f56bfc062723c751e8b465ee728b)
Start importing Packages/com.unity.timeline/Editor/StyleSheets/Images/Icons/d_TrackRecordButtonDisabled.png using Guid(9c6daec86666cbb4b9e558b839a103db) Importer(815301076,1909f56bfc062723c751e8b465ee728b)  -> (artifact id: '4550a54034cfa4953da943783f5bea00') in 0.034650 seconds 
========================================================================
Received Import Request.
  Time since last request: 0.000054 seconds.
  path: Packages/com.unity.collab-proxy/Editor/PlasticSCM/Assets/Images/iconlockedremoteoverlay@2x.png
  artifactKey: Guid(f73a7d8758d7be04588b15637d94b5a8) Importer(815301076,1909f56bfc062723c751e8b465ee728b)
Start importing Packages/com.unity.collab-proxy/Editor/PlasticSCM/Assets/Images/iconlockedremoteoverlay@2x.png using Guid(f73a7d8758d7be04588b15637d94b5a8) Importer(815301076,1909f56bfc062723c751e8b465ee728b)  -> (artifact id: '18f41dc1a55e1ad51af7912a819e8175') in 0.012715 seconds 
========================================================================
Received Import Request.
  Time since last request: 0.000050 seconds.
  path: Packages/com.unity.timeline/Editor/StyleSheets/Images/Icons/d_TrackCurvesButtonDisabled@2x.png
  artifactKey: Guid(1f3ea4caa6e0ec74388e4d7d16690e68) Importer(815301076,1909f56bfc062723c751e8b465ee728b)
Start importing Packages/com.unity.timeline/Editor/StyleSheets/Images/Icons/d_TrackCurvesButtonDisabled@2x.png using Guid(1f3ea4caa6e0ec74388e4d7d16690e68) Importer(815301076,1909f56bfc062723c751e8b465ee728b)  -> (artifact id: 'cb5b33dd2b4c013c3dabcabe6bfe2262') in 0.011085 seconds 
========================================================================
Received Import Request.
  Time since last request: 0.000035 seconds.
  path: Packages/com.unity.collab-proxy/Editor/PlasticSCM/Assets/Images/step2@2x.png
  artifactKey: Guid(0029170d14ce6c04c9f45c22cdae5559) Importer(815301076,1909f56bfc062723c751e8b465ee728b)
Start importing Packages/com.unity.collab-proxy/Editor/PlasticSCM/Assets/Images/step2@2x.png using Guid(0029170d14ce6c04c9f45c22cdae5559) Importer(815301076,1909f56bfc062723c751e8b465ee728b)  -> (artifact id: 'f1d342e8106a802d0542d548278f4f1d') in 0.012920 seconds 
========================================================================
Received Import Request.
  Time since last request: 0.000029 seconds.
  path: Packages/com.unity.timeline/Editor/StyleSheets/Images/Icons/TimelineHeaderMarkerIcon.png
  artifactKey: Guid(bf1debab21103154b99778ba6e074175) Importer(815301076,1909f56bfc062723c751e8b465ee728b)
Start importing Packages/com.unity.timeline/Editor/StyleSheets/Images/Icons/TimelineHeaderMarkerIcon.png using Guid(bf1debab21103154b99778ba6e074175) Importer(815301076,1909f56bfc062723c751e8b465ee728b)  -> (artifact id: '2abdac2363150bef07fefc2410709ef3') in 0.014108 seconds 
========================================================================
Received Import Request.
  Time since last request: 0.000045 seconds.
  path: Packages/com.unity.timeline/Editor/StyleSheets/Images/LightSkin/TimelineDisabledBackground.png
  artifactKey: Guid(0304baf8d224f3e47b22d872c8dcd412) Importer(815301076,1909f56bfc062723c751e8b465ee728b)
Start importing Packages/com.unity.timeline/Editor/StyleSheets/Images/LightSkin/TimelineDisabledBackground.png using Guid(0304baf8d224f3e47b22d872c8dcd412) Importer(815301076,1909f56bfc062723c751e8b465ee728b)  -> (artifact id: 'f9731456a8f8964253cd67116b41945b') in 0.012215 seconds 
========================================================================
Received Import Request.
  Time since last request: 0.000064 seconds.
  path: Packages/com.unity.collab-proxy/Editor/PlasticSCM/Assets/Images/d_iconconflictresolvedoverlay@2x.png
  artifactKey: Guid(4a231ba0e81e63849a8f985c228e8acd) Importer(815301076,1909f56bfc062723c751e8b465ee728b)
Start importing Packages/com.unity.collab-proxy/Editor/PlasticSCM/Assets/Images/d_iconconflictresolvedoverlay@2x.png using Guid(4a231ba0e81e63849a8f985c228e8acd) Importer(815301076,1909f56bfc062723c751e8b465ee728b)  -> (artifact id: '9c2b1b1451cccff56e4b7d8bb2fbbf99') in 0.010339 seconds 
========================================================================
Received Import Request.
  Time since last request: 0.000089 seconds.
  path: Packages/com.unity.collab-proxy/Editor/PlasticSCM/Assets/Images/d_stepok@2x.png
  artifactKey: Guid(3494dc956dfd7174abc07060940a2848) Importer(815301076,1909f56bfc062723c751e8b465ee728b)
Start importing Packages/com.unity.collab-proxy/Editor/PlasticSCM/Assets/Images/d_stepok@2x.png using Guid(3494dc956dfd7174abc07060940a2848) Importer(815301076,1909f56bfc062723c751e8b465ee728b)  -> (artifact id: '4a23f61577ed713058f81af6bcad2432') in 0.013874 seconds 
========================================================================
Received Import Request.
  Time since last request: 0.000030 seconds.
  path: Packages/com.unity.testtools.codecoverage/Editor/Icons/d_FolderOpened.png
  artifactKey: Guid(663a080499383ea4e9297061febf5ef7) Importer(815301076,1909f56bfc062723c751e8b465ee728b)
Start importing Packages/com.unity.testtools.codecoverage/Editor/Icons/d_FolderOpened.png using Guid(663a080499383ea4e9297061febf5ef7) Importer(815301076,1909f56bfc062723c751e8b465ee728b)  -> (artifact id: 'e28e71446d0e636bccf0454320b73509') in 0.018628 seconds 
========================================================================
Received Import Request.
  Time since last request: 0.000033 seconds.
  path: Packages/com.unity.collab-proxy/Editor/PlasticSCM/Assets/Images/d_iconundo@2x.png
  artifactKey: Guid(6d6088174bb906b49ad8428526ee337b) Importer(815301076,1909f56bfc062723c751e8b465ee728b)
Start importing Packages/com.unity.collab-proxy/Editor/PlasticSCM/Assets/Images/d_iconundo@2x.png using Guid(6d6088174bb906b49ad8428526ee337b) Importer(815301076,1909f56bfc062723c751e8b465ee728b)  -> (artifact id: '5690b18278dfe6bd6a70c310d0f255c4') in 0.014305 seconds 
========================================================================
Received Import Request.
  Time since last request: 0.000028 seconds.
  path: Packages/com.unity.collab-proxy/Editor/PlasticSCM/Assets/Images/d_step3.png
  artifactKey: Guid(46930b20180b59e46b73494adf53abbb) Importer(815301076,1909f56bfc062723c751e8b465ee728b)
Start importing Packages/com.unity.collab-proxy/Editor/PlasticSCM/Assets/Images/d_step3.png using Guid(46930b20180b59e46b73494adf53abbb) Importer(815301076,1909f56bfc062723c751e8b465ee728b)  -> (artifact id: '1eff77bd0233ce1739decc6324ad2308') in 0.012704 seconds 
========================================================================
Received Import Request.
  Time since last request: 0.000106 seconds.
  path: Packages/com.unity.collab-proxy/Editor/PlasticSCM/Assets/Images/iconaddedlocal.png
  artifactKey: Guid(9a1ab8af8c446204e989a90f18305caf) Importer(815301076,1909f56bfc062723c751e8b465ee728b)
Start importing Packages/com.unity.collab-proxy/Editor/PlasticSCM/Assets/Images/iconaddedlocal.png using Guid(9a1ab8af8c446204e989a90f18305caf) Importer(815301076,1909f56bfc062723c751e8b465ee728b)  -> (artifact id: '3e7bcbdeed2ea01e76ef66eb493b56c4') in 0.010356 seconds 
========================================================================
Received Import Request.
  Time since last request: 0.000066 seconds.
  path: Packages/com.unity.collab-proxy/Editor/PlasticSCM/Assets/Images/iconplasticnotifyincoming@2x.png
  artifactKey: Guid(ae869fe6797f4454cbbf417d87ff637c) Importer(815301076,1909f56bfc062723c751e8b465ee728b)
Start importing Packages/com.unity.collab-proxy/Editor/PlasticSCM/Assets/Images/iconplasticnotifyincoming@2x.png using Guid(ae869fe6797f4454cbbf417d87ff637c) Importer(815301076,1909f56bfc062723c751e8b465ee728b)  -> (artifact id: 'abf07ab1911863de9cca4c16165ea0ea') in 0.010686 seconds 
========================================================================
Received Import Request.
  Time since last request: 0.000043 seconds.
  path: Packages/com.unity.collab-proxy/Editor/PlasticSCM/Assets/Images/d_iconcheckedoutlocaloverlay.png
  artifactKey: Guid(bb1928aff4fd4cf44af1f629dc14ef9b) Importer(815301076,1909f56bfc062723c751e8b465ee728b)
Start importing Packages/com.unity.collab-proxy/Editor/PlasticSCM/Assets/Images/d_iconcheckedoutlocaloverlay.png using Guid(bb1928aff4fd4cf44af1f629dc14ef9b) Importer(815301076,1909f56bfc062723c751e8b465ee728b)  -> (artifact id: '2e5c3344fc9e526b4b37db55a2c8fad1') in 0.016577 seconds 
========================================================================
Received Import Request.
  Time since last request: 0.000031 seconds.
  path: Packages/com.unity.collab-proxy/Editor/PlasticSCM/Assets/Images/d_iconclosebutton@2x.png
  artifactKey: Guid(0525793900d728a42936791a8a6de63b) Importer(815301076,1909f56bfc062723c751e8b465ee728b)
Start importing Packages/com.unity.collab-proxy/Editor/PlasticSCM/Assets/Images/d_iconclosebutton@2x.png using Guid(0525793900d728a42936791a8a6de63b) Importer(815301076,1909f56bfc062723c751e8b465ee728b)  -> (artifact id: '582a511b90f8e06ef0377c6063311950') in 0.016649 seconds 
========================================================================
Received Import Request.
  Time since last request: 0.000049 seconds.
  path: Packages/com.unity.collab-proxy/Editor/PlasticSCM/Assets/Images/d_iconconflictedoverlay.png
  artifactKey: Guid(a892bcc7ae1871447926b3c44d158763) Importer(815301076,1909f56bfc062723c751e8b465ee728b)
Start importing Packages/com.unity.collab-proxy/Editor/PlasticSCM/Assets/Images/d_iconconflictedoverlay.png using Guid(a892bcc7ae1871447926b3c44d158763) Importer(815301076,1909f56bfc062723c751e8b465ee728b)  -> (artifact id: '0ec470da5622ae5ff6b05ee0634accdd') in 0.016823 seconds 
========================================================================
Received Import Request.
  Time since last request: 0.000049 seconds.
  path: Packages/com.unity.collab-proxy/Editor/PlasticSCM/Assets/Images/d_step1.png
  artifactKey: Guid(38236a82ff44aaa4b972248479d5f970) Importer(815301076,1909f56bfc062723c751e8b465ee728b)
Start importing Packages/com.unity.collab-proxy/Editor/PlasticSCM/Assets/Images/d_step1.png using Guid(38236a82ff44aaa4b972248479d5f970) Importer(815301076,1909f56bfc062723c751e8b465ee728b)  -> (artifact id: '3db28f64fe2b6034b79e0be6c364971f') in 0.018537 seconds 
========================================================================
Received Import Request.
  Time since last request: 0.000033 seconds.
  path: Packages/com.unity.collab-proxy/Editor/PlasticSCM/Assets/Images/buttonssosigninemail@2x.png
  artifactKey: Guid(ddf2e76e8a1f88f46ae1e42277850b48) Importer(815301076,1909f56bfc062723c751e8b465ee728b)
Start importing Packages/com.unity.collab-proxy/Editor/PlasticSCM/Assets/Images/buttonssosigninemail@2x.png using Guid(ddf2e76e8a1f88f46ae1e42277850b48) Importer(815301076,1909f56bfc062723c751e8b465ee728b)  -> (artifact id: '7d2d402d75aee5e2235f3d5cca7852db') in 0.017147 seconds 
========================================================================
Received Import Request.
  Time since last request: 0.000029 seconds.
  path: Packages/com.unity.collab-proxy/Editor/PlasticSCM/Assets/Images/d_iconbranch@2x.png
  artifactKey: Guid(874d8401331ede14087e8d8d486ddda6) Importer(815301076,1909f56bfc062723c751e8b465ee728b)
Start importing Packages/com.unity.collab-proxy/Editor/PlasticSCM/Assets/Images/d_iconbranch@2x.png using Guid(874d8401331ede14087e8d8d486ddda6) Importer(815301076,1909f56bfc062723c751e8b465ee728b)  -> (artifact id: 'b30403bf992914722bd862cbf91db187') in 0.018301 seconds 
========================================================================
Received Import Request.
  Time since last request: 0.000034 seconds.
  path: Packages/com.unity.collab-proxy/Editor/PlasticSCM/Assets/Images/iconemptygravatar.png
  artifactKey: Guid(91976e8b9ce0f0341838727acd55621c) Importer(815301076,1909f56bfc062723c751e8b465ee728b)
Start importing Packages/com.unity.collab-proxy/Editor/PlasticSCM/Assets/Images/iconemptygravatar.png using Guid(91976e8b9ce0f0341838727acd55621c) Importer(815301076,1909f56bfc062723c751e8b465ee728b)  -> (artifact id: '4034413cc8a238199a3d3e4ec52ef304') in 0.020091 seconds 
========================================================================
Received Import Request.
  Time since last request: 0.000033 seconds.
  path: Packages/com.unity.collab-proxy/Editor/PlasticSCM/Assets/Images/d_icondeletedremote@2x.png
  artifactKey: Guid(626b9cddb29049e4cac50cd87b419945) Importer(815301076,1909f56bfc062723c751e8b465ee728b)
Start importing Packages/com.unity.collab-proxy/Editor/PlasticSCM/Assets/Images/d_icondeletedremote@2x.png using Guid(626b9cddb29049e4cac50cd87b419945) Importer(815301076,1909f56bfc062723c751e8b465ee728b)  -> (artifact id: '537215396cb96684792a945be14e2b3f') in 0.016324 seconds 
========================================================================
Received Import Request.
  Time since last request: 0.000026 seconds.
  path: Packages/com.unity.collab-proxy/Editor/PlasticSCM/Assets/Images/iconplasticview@2x.png
  artifactKey: Guid(97a4e2b6ae08b1140a5ba9e22953e029) Importer(815301076,1909f56bfc062723c751e8b465ee728b)
Start importing Packages/com.unity.collab-proxy/Editor/PlasticSCM/Assets/Images/iconplasticview@2x.png using Guid(97a4e2b6ae08b1140a5ba9e22953e029) Importer(815301076,1909f56bfc062723c751e8b465ee728b)  -> (artifact id: '93e1b87e0d6d5f36badd7ec4f56d6049') in 0.016124 seconds 
========================================================================
Received Import Request.
  Time since last request: 0.000034 seconds.
  path: Packages/com.unity.timeline/Editor/StyleSheets/Images/LightSkin/TimelineAutokey.png
  artifactKey: Guid(af3aec622aef40c45813b39e405966a3) Importer(815301076,1909f56bfc062723c751e8b465ee728b)
Start importing Packages/com.unity.timeline/Editor/StyleSheets/Images/LightSkin/TimelineAutokey.png using Guid(af3aec622aef40c45813b39e405966a3) Importer(815301076,1909f56bfc062723c751e8b465ee728b)  -> (artifact id: '24d5c252bd0dd6bc8ad33d47f0c38873') in 0.017782 seconds 
========================================================================
Received Import Request.
  Time since last request: 0.000626 seconds.
  path: Packages/com.unity.timeline/Editor/StyleSheets/Images/Icons/d_TrackMuteButtonDisabled@2x.png
  artifactKey: Guid(9c706019afb28944eb19b500ea0da38c) Importer(815301076,1909f56bfc062723c751e8b465ee728b)
Start importing Packages/com.unity.timeline/Editor/StyleSheets/Images/Icons/d_TrackMuteButtonDisabled@2x.png using Guid(9c706019afb28944eb19b500ea0da38c) Importer(815301076,1909f56bfc062723c751e8b465ee728b)  -> (artifact id: '2eba11738dc7fe5854459bbce26b27a0') in 0.018948 seconds 
========================================================================
Received Import Request.
  Time since last request: 0.000042 seconds.
  path: Packages/com.unity.timeline/Editor/StyleSheets/Images/Icons/d_TrackCurvesButtonEnabled.png
  artifactKey: Guid(fbcdeb07ee516a64daa01ce462874280) Importer(815301076,1909f56bfc062723c751e8b465ee728b)
Start importing Packages/com.unity.timeline/Editor/StyleSheets/Images/Icons/d_TrackCurvesButtonEnabled.png using Guid(fbcdeb07ee516a64daa01ce462874280) Importer(815301076,1909f56bfc062723c751e8b465ee728b)  -> (artifact id: 'bc4a396cb17c09f42b1d331f56202b26') in 0.019109 seconds 
========================================================================
Received Import Request.
  Time since last request: 0.000029 seconds.
  path: Packages/com.unity.collab-proxy/Editor/PlasticSCM/Assets/Images/d_loading@2x.png
  artifactKey: Guid(7ee48c5fba4919649a8a6094cbead669) Importer(815301076,1909f56bfc062723c751e8b465ee728b)
Start importing Packages/com.unity.collab-proxy/Editor/PlasticSCM/Assets/Images/d_loading@2x.png using Guid(7ee48c5fba4919649a8a6094cbead669) Importer(815301076,1909f56bfc062723c751e8b465ee728b)  -> (artifact id: '0d10d95ff5e0322a8930a9ed4f44f2f7') in 0.018051 seconds 
========================================================================
Received Import Request.
  Time since last request: 0.000035 seconds.
  path: Packages/com.unity.collab-proxy/Editor/PlasticSCM/Assets/Images/d_iconoutofsyncoverlay.png
  artifactKey: Guid(dc633de6e6e7415448c7568418239a9d) Importer(815301076,1909f56bfc062723c751e8b465ee728b)
Start importing Packages/com.unity.collab-proxy/Editor/PlasticSCM/Assets/Images/d_iconoutofsyncoverlay.png using Guid(dc633de6e6e7415448c7568418239a9d) Importer(815301076,1909f56bfc062723c751e8b465ee728b)  -> (artifact id: 'bb4ba22b6dc9f4bda3727ac8af06fe9f') in 0.017463 seconds 
========================================================================
Received Import Request.
  Time since last request: 0.000203 seconds.
  path: Packages/com.unity.timeline/Editor/StyleSheets/Images/Icons/TimelineEditModeRippleON.png
  artifactKey: Guid(c5c1f094d9a9b3f4c9cc6c3a87af871c) Importer(815301076,1909f56bfc062723c751e8b465ee728b)
Start importing Packages/com.unity.timeline/Editor/StyleSheets/Images/Icons/TimelineEditModeRippleON.png using Guid(c5c1f094d9a9b3f4c9cc6c3a87af871c) Importer(815301076,1909f56bfc062723c751e8b465ee728b)  -> (artifact id: 'c16fbddd1cf1d661496a58be3a978970') in 0.022181 seconds 
========================================================================
Received Import Request.
  Time since last request: 0.000034 seconds.
  path: Packages/com.unity.timeline/Editor/StyleSheets/Images/DarkSkin/TimelineAutokey@2x.png
  artifactKey: Guid(af24c542434a025448222d576f61a956) Importer(815301076,1909f56bfc062723c751e8b465ee728b)
Start importing Packages/com.unity.timeline/Editor/StyleSheets/Images/DarkSkin/TimelineAutokey@2x.png using Guid(af24c542434a025448222d576f61a956) Importer(815301076,1909f56bfc062723c751e8b465ee728b)  -> (artifact id: '15a813cc21106f82a016ffb225dba4ef') in 0.015511 seconds 
========================================================================
Received Import Request.
  Time since last request: 0.000028 seconds.
  path: Packages/com.unity.collab-proxy/Editor/PlasticSCM/Assets/Images/iconemptygravatar@2x.png
  artifactKey: Guid(da545229eea36164d8b8cba2f75a1143) Importer(815301076,1909f56bfc062723c751e8b465ee728b)
Start importing Packages/com.unity.collab-proxy/Editor/PlasticSCM/Assets/Images/iconemptygravatar@2x.png using Guid(da545229eea36164d8b8cba2f75a1143) Importer(815301076,1909f56bfc062723c751e8b465ee728b)  -> (artifact id: 'c5bfdd4e44639214477f69da9f46d945') in 0.017046 seconds 
========================================================================
Received Import Request.
  Time since last request: 0.000027 seconds.
  path: Packages/com.unity.collab-proxy/Editor/PlasticSCM/Assets/Images/d_secondarytabclosehover.png
  artifactKey: Guid(6a9d211bea1bc4a429d86cbb2d0b0a3e) Importer(815301076,1909f56bfc062723c751e8b465ee728b)
Start importing Packages/com.unity.collab-proxy/Editor/PlasticSCM/Assets/Images/d_secondarytabclosehover.png using Guid(6a9d211bea1bc4a429d86cbb2d0b0a3e) Importer(815301076,1909f56bfc062723c751e8b465ee728b)  -> (artifact id: '5489ed68a6b72a36b3f4d83f00be0d81') in 0.015041 seconds 
========================================================================
Received Import Request.
  Time since last request: 0.000032 seconds.
  path: Packages/com.unity.collab-proxy/Editor/PlasticSCM/Assets/Images/iconplasticview.png
  artifactKey: Guid(dcb2ee37925b97e438ae244996d81a55) Importer(815301076,1909f56bfc062723c751e8b465ee728b)
Start importing Packages/com.unity.collab-proxy/Editor/PlasticSCM/Assets/Images/iconplasticview.png using Guid(dcb2ee37925b97e438ae244996d81a55) Importer(815301076,1909f56bfc062723c751e8b465ee728b)  -> (artifact id: '099bc8d729628440b6053cfcc8301761') in 0.016393 seconds 
========================================================================
Received Import Request.
  Time since last request: 0.000046 seconds.
  path: Packages/com.unity.timeline/Editor/StyleSheets/Images/Icons/TimelineEditModeReplaceOFF.png
  artifactKey: Guid(09ae14686a02d484ab41e76fd1efba14) Importer(815301076,1909f56bfc062723c751e8b465ee728b)
Start importing Packages/com.unity.timeline/Editor/StyleSheets/Images/Icons/TimelineEditModeReplaceOFF.png using Guid(09ae14686a02d484ab41e76fd1efba14) Importer(815301076,1909f56bfc062723c751e8b465ee728b)  -> (artifact id: '416fd3608e3d3c52e8c092b4808e56c9') in 0.019138 seconds 
========================================================================
Received Import Request.
  Time since last request: 0.000043 seconds.
  path: Packages/com.unity.timeline/Editor/StyleSheets/Images/Icons/Timeline-Marker-Warning-Overlay.png
  artifactKey: Guid(945f4ecec6df62244b9ebcc363833642) Importer(815301076,1909f56bfc062723c751e8b465ee728b)
Start importing Packages/com.unity.timeline/Editor/StyleSheets/Images/Icons/Timeline-Marker-Warning-Overlay.png using Guid(945f4ecec6df62244b9ebcc363833642) Importer(815301076,1909f56bfc062723c751e8b465ee728b)  -> (artifact id: '0ca22423dbe64943ef7774e1fb059aaa') in 0.017861 seconds 
========================================================================
Received Import Request.
  Time since last request: 0.000028 seconds.
  path: Packages/com.unity.collab-proxy/Editor/PlasticSCM/Assets/Images/d_iconlockedlocaloverlay.png
  artifactKey: Guid(71c45f80bffdb9145ad2c456254c862e) Importer(815301076,1909f56bfc062723c751e8b465ee728b)
Start importing Packages/com.unity.collab-proxy/Editor/PlasticSCM/Assets/Images/d_iconlockedlocaloverlay.png using Guid(71c45f80bffdb9145ad2c456254c862e) Importer(815301076,1909f56bfc062723c751e8b465ee728b)  -> (artifact id: '180e63b0aa513f70b52bb3d640604b14') in 0.017719 seconds 
========================================================================
Received Import Request.
  Time since last request: 0.000029 seconds.
  path: Packages/com.unity.collab-proxy/Editor/PlasticSCM/Assets/Images/iconaddedlocal@2x.png
  artifactKey: Guid(a67b58d6cddcd4345b1e001340de5a76) Importer(815301076,1909f56bfc062723c751e8b465ee728b)
Start importing Packages/com.unity.collab-proxy/Editor/PlasticSCM/Assets/Images/iconaddedlocal@2x.png using Guid(a67b58d6cddcd4345b1e001340de5a76) Importer(815301076,1909f56bfc062723c751e8b465ee728b)  -> (artifact id: 'b043d38ae115f1c82e24d41049003cfe') in 0.013435 seconds 
========================================================================
Received Import Request.
  Time since last request: 0.000042 seconds.
  path: Packages/com.unity.testtools.codecoverage/Editor/Icons/d_FolderOpened@2x.png
  artifactKey: Guid(327ac160fa4588b4ab06124fe53fdbd1) Importer(815301076,1909f56bfc062723c751e8b465ee728b)
Start importing Packages/com.unity.testtools.codecoverage/Editor/Icons/d_FolderOpened@2x.png using Guid(327ac160fa4588b4ab06124fe53fdbd1) Importer(815301076,1909f56bfc062723c751e8b465ee728b)  -> (artifact id: '6bfb28093da9e34fa6f93631729f828d') in 0.010581 seconds 
========================================================================
Received Import Request.
  Time since last request: 0.000026 seconds.
  path: Packages/com.unity.collab-proxy/Editor/PlasticSCM/Assets/Images/d_buttonssosigninemail@2x.png
  artifactKey: Guid(144aa74618b85974a9a50f612c2fa8fd) Importer(815301076,1909f56bfc062723c751e8b465ee728b)
Start importing Packages/com.unity.collab-proxy/Editor/PlasticSCM/Assets/Images/d_buttonssosigninemail@2x.png using Guid(144aa74618b85974a9a50f612c2fa8fd) Importer(815301076,1909f56bfc062723c751e8b465ee728b)  -> (artifact id: '44784e776070be87834447ba230c57a7') in 0.010823 seconds 
========================================================================
Received Import Request.
  Time since last request: 0.000034 seconds.
  path: Packages/com.unity.timeline/Editor/StyleSheets/Images/Icons/TimelineEditModeReplaceON.png
  artifactKey: Guid(6d41c3e8796a4fd4e80840354039e4ac) Importer(815301076,1909f56bfc062723c751e8b465ee728b)
Start importing Packages/com.unity.timeline/Editor/StyleSheets/Images/Icons/TimelineEditModeReplaceON.png using Guid(6d41c3e8796a4fd4e80840354039e4ac) Importer(815301076,1909f56bfc062723c751e8b465ee728b)  -> (artifact id: '41ea990000e91f394cfd550257cc2c86') in 0.011477 seconds 
========================================================================
Received Import Request.
  Time since last request: 0.000034 seconds.
  path: Packages/com.unity.timeline/Editor/StyleSheets/Images/Icons/TimelineEditModeRippleOFF.png
  artifactKey: Guid(bd7b7cac6eb0c3f469781d9a729a1c94) Importer(815301076,1909f56bfc062723c751e8b465ee728b)
Start importing Packages/com.unity.timeline/Editor/StyleSheets/Images/Icons/TimelineEditModeRippleOFF.png using Guid(bd7b7cac6eb0c3f469781d9a729a1c94) Importer(815301076,1909f56bfc062723c751e8b465ee728b)  -> (artifact id: 'd1e3999697c2788bc416b60c2bc5f89f') in 0.017270 seconds 
========================================================================
Received Import Request.
  Time since last request: 0.000032 seconds.
  path: Packages/com.unity.collab-proxy/Editor/PlasticSCM/Assets/Images/iconpressedclosebutton.png
  artifactKey: Guid(94fe868620119564f9474f40cd6145aa) Importer(815301076,1909f56bfc062723c751e8b465ee728b)
Start importing Packages/com.unity.collab-proxy/Editor/PlasticSCM/Assets/Images/iconpressedclosebutton.png using Guid(94fe868620119564f9474f40cd6145aa) Importer(815301076,1909f56bfc062723c751e8b465ee728b)  -> (artifact id: 'e031b7d0d9054ba0a8b9f941c92192ec') in 0.019471 seconds 
========================================================================
Received Import Request.
  Time since last request: 0.000070 seconds.
  path: Packages/com.unity.collab-proxy/Editor/PlasticSCM/Assets/Images/d_icondeletedlocaloverlay@2x.png
  artifactKey: Guid(92b204cca46037444ab18ba6701f86f7) Importer(815301076,1909f56bfc062723c751e8b465ee728b)
Start importing Packages/com.unity.collab-proxy/Editor/PlasticSCM/Assets/Images/d_icondeletedlocaloverlay@2x.png using Guid(92b204cca46037444ab18ba6701f86f7) Importer(815301076,1909f56bfc062723c751e8b465ee728b)  -> (artifact id: 'd2cf37926f447b49ecb63c64889cc887') in 0.014430 seconds 
========================================================================
Received Import Request.
  Time since last request: 0.000029 seconds.
  path: Packages/com.unity.collab-proxy/Editor/PlasticSCM/Assets/Images/d_stepok.png
  artifactKey: Guid(be423a54b981d38428de82ad12534629) Importer(815301076,1909f56bfc062723c751e8b465ee728b)
Start importing Packages/com.unity.collab-proxy/Editor/PlasticSCM/Assets/Images/d_stepok.png using Guid(be423a54b981d38428de82ad12534629) Importer(815301076,1909f56bfc062723c751e8b465ee728b)  -> (artifact id: '897686a056d8d47e976c33ac98a0eda7') in 0.018164 seconds 
========================================================================
Received Import Request.
  Time since last request: 0.000031 seconds.
  path: Packages/com.unity.collab-proxy/Editor/PlasticSCM/Assets/Images/iconplasticnotifyconflict.png
  artifactKey: Guid(a916ed6819efd014588f58e3cfc48196) Importer(815301076,1909f56bfc062723c751e8b465ee728b)
Start importing Packages/com.unity.collab-proxy/Editor/PlasticSCM/Assets/Images/iconplasticnotifyconflict.png using Guid(a916ed6819efd014588f58e3cfc48196) Importer(815301076,1909f56bfc062723c751e8b465ee728b)  -> (artifact id: '6ee43e95049421c8e5da51f96907aee9') in 0.017667 seconds 
========================================================================
Received Import Request.
  Time since last request: 0.000045 seconds.
  path: Packages/com.unity.timeline/Editor/StyleSheets/Images/Icons/d_TrackMarkerButtonDisabled@2x.png
  artifactKey: Guid(77d926c9a4ddcc940b8c000b45cbfb35) Importer(815301076,1909f56bfc062723c751e8b465ee728b)
Start importing Packages/com.unity.timeline/Editor/StyleSheets/Images/Icons/d_TrackMarkerButtonDisabled@2x.png using Guid(77d926c9a4ddcc940b8c000b45cbfb35) Importer(815301076,1909f56bfc062723c751e8b465ee728b)  -> (artifact id: '4848ba27d74a2db92865fb019a488ea2') in 0.017582 seconds 
========================================================================
Received Import Request.
  Time since last request: 0.000030 seconds.
  path: Packages/com.unity.collab-proxy/Editor/PlasticSCM/Assets/Images/step3.png
  artifactKey: Guid(69899ed144c8eea4baea48b858b37746) Importer(815301076,1909f56bfc062723c751e8b465ee728b)
Start importing Packages/com.unity.collab-proxy/Editor/PlasticSCM/Assets/Images/step3.png using Guid(69899ed144c8eea4baea48b858b37746) Importer(815301076,1909f56bfc062723c751e8b465ee728b)  -> (artifact id: 'a121d3593f1740e9019a6fddef711e01') in 0.017642 seconds 
========================================================================
Received Import Request.
  Time since last request: 0.000033 seconds.
  path: Packages/com.unity.collab-proxy/Editor/PlasticSCM/Assets/Images/d_iconconflicted.png
  artifactKey: Guid(881798b77426a8f47b533dcc4767e9e5) Importer(815301076,1909f56bfc062723c751e8b465ee728b)
Start importing Packages/com.unity.collab-proxy/Editor/PlasticSCM/Assets/Images/d_iconconflicted.png using Guid(881798b77426a8f47b533dcc4767e9e5) Importer(815301076,1909f56bfc062723c751e8b465ee728b)  -> (artifact id: '34332832f3147070054f3a9f066ca78b') in 0.020493 seconds 
========================================================================
Received Import Request.
  Time since last request: 0.000083 seconds.
  path: Packages/com.unity.collab-proxy/Editor/PlasticSCM/Assets/Images/step2.png
  artifactKey: Guid(cd0b17b71a5c498428ee91dee8a78a88) Importer(815301076,1909f56bfc062723c751e8b465ee728b)
Start importing Packages/com.unity.collab-proxy/Editor/PlasticSCM/Assets/Images/step2.png using Guid(cd0b17b71a5c498428ee91dee8a78a88) Importer(815301076,1909f56bfc062723c751e8b465ee728b)  -> (artifact id: 'f6208459c65518633b2d9df4128efc0f') in 0.014131 seconds 
========================================================================
Received Import Request.
  Time since last request: 0.000041 seconds.
  path: Packages/com.unity.timeline/Editor/StyleSheets/Images/Icons/d_TrackAvatarButtonEnabled.png
  artifactKey: Guid(c207dcd389fb689489f5266468cd4609) Importer(815301076,1909f56bfc062723c751e8b465ee728b)
Start importing Packages/com.unity.timeline/Editor/StyleSheets/Images/Icons/d_TrackAvatarButtonEnabled.png using Guid(c207dcd389fb689489f5266468cd4609) Importer(815301076,1909f56bfc062723c751e8b465ee728b)  -> (artifact id: '676777760235c158ebb4c5cf3e89fbf7') in 0.021002 seconds 
========================================================================
Received Import Request.
  Time since last request: 0.000036 seconds.
  path: Packages/com.unity.timeline/Editor/StyleSheets/Images/Icons/TimelineEditModeMixOFF.png
  artifactKey: Guid(8fca5ed160cdc5440a4c7561db4082b2) Importer(815301076,1909f56bfc062723c751e8b465ee728b)
Start importing Packages/com.unity.timeline/Editor/StyleSheets/Images/Icons/TimelineEditModeMixOFF.png using Guid(8fca5ed160cdc5440a4c7561db4082b2) Importer(815301076,1909f56bfc062723c751e8b465ee728b)  -> (artifact id: '1e870691b17ce56a5912c594cc8ff67b') in 0.016828 seconds 
========================================================================
Received Import Request.
  Time since last request: 0.000060 seconds.
  path: Packages/com.unity.timeline/Editor/StyleSheets/Images/LightSkin/TimelineActivation.png
  artifactKey: Guid(2887294cc7f1fe840bff6e349409648d) Importer(815301076,1909f56bfc062723c751e8b465ee728b)
Start importing Packages/com.unity.timeline/Editor/StyleSheets/Images/LightSkin/TimelineActivation.png using Guid(2887294cc7f1fe840bff6e349409648d) Importer(815301076,1909f56bfc062723c751e8b465ee728b)  -> (artifact id: '95c76c9ba919ba2d506754f8b1ac0fcc') in 0.016463 seconds 
========================================================================
Received Import Request.
  Time since last request: 0.000029 seconds.
  path: Packages/com.unity.timeline/Editor/StyleSheets/Images/DarkSkin/TimelineActivation.png
  artifactKey: Guid(359cf58d5969d1a4aad29b095c7fc338) Importer(815301076,1909f56bfc062723c751e8b465ee728b)
Start importing Packages/com.unity.timeline/Editor/StyleSheets/Images/DarkSkin/TimelineActivation.png using Guid(359cf58d5969d1a4aad29b095c7fc338) Importer(815301076,1909f56bfc062723c751e8b465ee728b)  -> (artifact id: '35651247f24e0acd8d647614b2ea662b') in 0.020850 seconds 
========================================================================
Received Import Request.
  Time since last request: 0.000035 seconds.
  path: Packages/com.unity.collab-proxy/Editor/PlasticSCM/Assets/Images/stepok.png
  artifactKey: Guid(d4780dc1205c7c7478c970d8c61d24e8) Importer(815301076,1909f56bfc062723c751e8b465ee728b)
Start importing Packages/com.unity.collab-proxy/Editor/PlasticSCM/Assets/Images/stepok.png using Guid(d4780dc1205c7c7478c970d8c61d24e8) Importer(815301076,1909f56bfc062723c751e8b465ee728b)  -> (artifact id: 'd96d6c1db14aed69079b30e27e138414') in 0.017790 seconds 
========================================================================
Received Import Request.
  Time since last request: 0.000034 seconds.
  path: Packages/com.unity.testtools.codecoverage/Editor/Icons/d_CodeCoverage.png
  artifactKey: Guid(48e45b7f100ee4b48a02e05135e6cece) Importer(815301076,1909f56bfc062723c751e8b465ee728b)
Start importing Packages/com.unity.testtools.codecoverage/Editor/Icons/d_CodeCoverage.png using Guid(48e45b7f100ee4b48a02e05135e6cece) Importer(815301076,1909f56bfc062723c751e8b465ee728b)  -> (artifact id: '0e3a77ba8649e2cf10d2dc3d04cf53c3') in 0.018564 seconds 
========================================================================
Received Import Request.
  Time since last request: 0.000042 seconds.
  path: Packages/com.unity.collab-proxy/Editor/PlasticSCM/Assets/Images/d_iconlockedremoteoverlay.png
  artifactKey: Guid(1046ed65e6aaffb4391378f6d08d6c14) Importer(815301076,1909f56bfc062723c751e8b465ee728b)
Start importing Packages/com.unity.collab-proxy/Editor/PlasticSCM/Assets/Images/d_iconlockedremoteoverlay.png using Guid(1046ed65e6aaffb4391378f6d08d6c14) Importer(815301076,1909f56bfc062723c751e8b465ee728b)  -> (artifact id: '84d5d4105e0e75bccfb8d9ba3502a614') in 0.011166 seconds 
========================================================================
Received Import Request.
  Time since last request: 0.000028 seconds.
  path: Packages/com.unity.collab-proxy/Editor/PlasticSCM/Assets/Images/d_iconplasticnotifyconflict@2x.png
  artifactKey: Guid(23743f0c0ed1e6546808a5d645c2a6a5) Importer(815301076,1909f56bfc062723c751e8b465ee728b)
Start importing Packages/com.unity.collab-proxy/Editor/PlasticSCM/Assets/Images/d_iconplasticnotifyconflict@2x.png using Guid(23743f0c0ed1e6546808a5d645c2a6a5) Importer(815301076,1909f56bfc062723c751e8b465ee728b)  -> (artifact id: '6b4836914b0656e686b752351cd6ebc9') in 0.012891 seconds 
========================================================================
Received Import Request.
  Time since last request: 0.000041 seconds.
  path: Packages/com.unity.timeline/Editor/StyleSheets/Images/Icons/d_TimelineCollapseMarkerButtonDisabled.png
  artifactKey: Guid(40947ddc2dd4f0d499a92d0f3675c4e8) Importer(815301076,1909f56bfc062723c751e8b465ee728b)
Start importing Packages/com.unity.timeline/Editor/StyleSheets/Images/Icons/d_TimelineCollapseMarkerButtonDisabled.png using Guid(40947ddc2dd4f0d499a92d0f3675c4e8) Importer(815301076,1909f56bfc062723c751e8b465ee728b)  -> (artifact id: '31b886ee2cb209d8cbf2e4623c6e7033') in 0.011460 seconds 
========================================================================
Received Import Request.
  Time since last request: 0.000063 seconds.
  path: Packages/com.unity.timeline/Editor/StyleSheets/Images/DarkSkin/TimelineHold.png
  artifactKey: Guid(ddbd45249a133a846b2f20e39b537565) Importer(815301076,1909f56bfc062723c751e8b465ee728b)
Start importing Packages/com.unity.timeline/Editor/StyleSheets/Images/DarkSkin/TimelineHold.png using Guid(ddbd45249a133a846b2f20e39b537565) Importer(815301076,1909f56bfc062723c751e8b465ee728b)  -> (artifact id: '96142368648bad7c5e8f43ae30fa30ae') in 0.011656 seconds 
========================================================================
Received Import Request.
  Time since last request: 0.000082 seconds.
  path: Packages/com.unity.timeline/Editor/StyleSheets/Images/Icons/d_TimelineCollapseMarkerButtonEnabled.png
  artifactKey: Guid(2446ee609b613cd4e9142ccc55cb7c43) Importer(815301076,1909f56bfc062723c751e8b465ee728b)
Start importing Packages/com.unity.timeline/Editor/StyleSheets/Images/Icons/d_TimelineCollapseMarkerButtonEnabled.png using Guid(2446ee609b613cd4e9142ccc55cb7c43) Importer(815301076,1909f56bfc062723c751e8b465ee728b)  -> (artifact id: '5dc19e3b3ffff54bee9214fdeea3ccf0') in 0.014606 seconds 
========================================================================
Received Import Request.
  Time since last request: 0.000067 seconds.
  path: Packages/com.unity.collab-proxy/Editor/PlasticSCM/Assets/Images/d_iconoutofsync@2x.png
  artifactKey: Guid(f82dfc5fc3c5a8f4080a3550427019c8) Importer(815301076,1909f56bfc062723c751e8b465ee728b)
Start importing Packages/com.unity.collab-proxy/Editor/PlasticSCM/Assets/Images/d_iconoutofsync@2x.png using Guid(f82dfc5fc3c5a8f4080a3550427019c8) Importer(815301076,1909f56bfc062723c751e8b465ee728b)  -> (artifact id: '6cfd8a7461834e482c9cfbb1f6d41978') in 0.022619 seconds 
========================================================================
Received Import Request.
  Time since last request: 0.000054 seconds.
  path: Packages/com.unity.timeline/Editor/StyleSheets/Images/DarkSkin/TimelineAutokey.png
  artifactKey: Guid(92b5e4310629b264dad0fb2cc196d818) Importer(815301076,1909f56bfc062723c751e8b465ee728b)
Start importing Packages/com.unity.timeline/Editor/StyleSheets/Images/DarkSkin/TimelineAutokey.png using Guid(92b5e4310629b264dad0fb2cc196d818) Importer(815301076,1909f56bfc062723c751e8b465ee728b)  -> (artifact id: 'd85c686483b928e3bfc8d4bc28280c22') in 0.012846 seconds 
========================================================================
Received Import Request.
  Time since last request: 0.000044 seconds.
  path: Packages/com.unity.collab-proxy/Editor/PlasticSCM/Assets/Images/step1@2x.png
  artifactKey: Guid(affeade9874cf2347abb155e8d0db4d8) Importer(815301076,1909f56bfc062723c751e8b465ee728b)
Start importing Packages/com.unity.collab-proxy/Editor/PlasticSCM/Assets/Images/step1@2x.png using Guid(affeade9874cf2347abb155e8d0db4d8) Importer(815301076,1909f56bfc062723c751e8b465ee728b)  -> (artifact id: 'b7e178630f60c1ff691caaed10babf1d') in 0.013116 seconds 
========================================================================
Received Import Request.
  Time since last request: 0.000029 seconds.
  path: Packages/com.unity.collab-proxy/Editor/PlasticSCM/Assets/Images/d_iconlockedremoteoverlay@2x.png
  artifactKey: Guid(2bb4e96f5d0b02c468932d665a015c54) Importer(815301076,1909f56bfc062723c751e8b465ee728b)
Start importing Packages/com.unity.collab-proxy/Editor/PlasticSCM/Assets/Images/d_iconlockedremoteoverlay@2x.png using Guid(2bb4e96f5d0b02c468932d665a015c54) Importer(815301076,1909f56bfc062723c751e8b465ee728b)  -> (artifact id: '729ca72630c28c6cf579962a2443ef7e') in 0.011961 seconds 
========================================================================
Received Import Request.
  Time since last request: 0.000073 seconds.
  path: Packages/com.unity.collab-proxy/Editor/PlasticSCM/Assets/Images/d_iconemptygravatar.png
  artifactKey: Guid(9aebd705574f9e642aef1e5f59b3e4d8) Importer(815301076,1909f56bfc062723c751e8b465ee728b)
Start importing Packages/com.unity.collab-proxy/Editor/PlasticSCM/Assets/Images/d_iconemptygravatar.png using Guid(9aebd705574f9e642aef1e5f59b3e4d8) Importer(815301076,1909f56bfc062723c751e8b465ee728b)  -> (artifact id: '44e4baacd1dc2df17373783811bf0bd3') in 0.011941 seconds 
========================================================================
Received Import Request.
  Time since last request: 0.000097 seconds.
  path: Packages/com.unity.timeline/Editor/StyleSheets/Images/DarkSkin/TimelineAutokey_active.png
  artifactKey: Guid(e17ee60887efdd04389991a15ee0c578) Importer(815301076,1909f56bfc062723c751e8b465ee728b)
Start importing Packages/com.unity.timeline/Editor/StyleSheets/Images/DarkSkin/TimelineAutokey_active.png using Guid(e17ee60887efdd04389991a15ee0c578) Importer(815301076,1909f56bfc062723c751e8b465ee728b)  -> (artifact id: '64450d31a763a653effe1f2052b54a15') in 0.014549 seconds 
========================================================================
Received Import Request.
  Time since last request: 0.000072 seconds.
  path: Packages/com.unity.timeline/Editor/StyleSheets/Images/LightSkin/TimelineInfiniteTrackNoShadow.png
  artifactKey: Guid(69ff79f863a32ad44a9497d4896d9d1c) Importer(815301076,1909f56bfc062723c751e8b465ee728b)
Start importing Packages/com.unity.timeline/Editor/StyleSheets/Images/LightSkin/TimelineInfiniteTrackNoShadow.png using Guid(69ff79f863a32ad44a9497d4896d9d1c) Importer(815301076,1909f56bfc062723c751e8b465ee728b)  -> (artifact id: '9f4ebae4d4921ce4affd3f85d7ae0c42') in 0.016956 seconds 
========================================================================
Received Import Request.
  Time since last request: 0.000029 seconds.
  path: Packages/com.unity.timeline/Editor/StyleSheets/Images/DarkSkin/TimelineInfiniteTrackNoShadow.png
  artifactKey: Guid(eae63adb172f1164db61a7f4bdfc3637) Importer(815301076,1909f56bfc062723c751e8b465ee728b)
Start importing Packages/com.unity.timeline/Editor/StyleSheets/Images/DarkSkin/TimelineInfiniteTrackNoShadow.png using Guid(eae63adb172f1164db61a7f4bdfc3637) Importer(815301076,1909f56bfc062723c751e8b465ee728b)  -> (artifact id: '55f8a438ecfe7dc19b3e38e9dd356c49') in 0.011813 seconds 
========================================================================
Received Import Request.
  Time since last request: 0.000030 seconds.
  path: Packages/com.unity.timeline/Editor/StyleSheets/Images/LightSkin/TimelineIconClipOut.png
  artifactKey: Guid(a7a968b204ed77c4ba90be3ef3ee8551) Importer(815301076,1909f56bfc062723c751e8b465ee728b)
Start importing Packages/com.unity.timeline/Editor/StyleSheets/Images/LightSkin/TimelineIconClipOut.png using Guid(a7a968b204ed77c4ba90be3ef3ee8551) Importer(815301076,1909f56bfc062723c751e8b465ee728b)  -> (artifact id: 'e4e03d481b6b65021389f4f9dbba52c2') in 0.013105 seconds 
========================================================================
Received Import Request.
  Time since last request: 0.000059 seconds.
  path: Packages/com.unity.timeline/Editor/StyleSheets/Images/DarkSkin/TimelineKeyframe.png
  artifactKey: Guid(8eba099eb091faf419fecdcd5cdabfd7) Importer(815301076,1909f56bfc062723c751e8b465ee728b)
Start importing Packages/com.unity.timeline/Editor/StyleSheets/Images/DarkSkin/TimelineKeyframe.png using Guid(8eba099eb091faf419fecdcd5cdabfd7) Importer(815301076,1909f56bfc062723c751e8b465ee728b)  -> (artifact id: '392805541d11a51d14e70e70b169a948') in 0.010957 seconds 
========================================================================
Received Import Request.
  Time since last request: 0.000033 seconds.
  path: Packages/com.unity.timeline/Editor/StyleSheets/Images/DarkSkin/TimelineIconClipOut.png
  artifactKey: Guid(32f7e3598d6414c489127629e29af3f6) Importer(815301076,1909f56bfc062723c751e8b465ee728b)
Start importing Packages/com.unity.timeline/Editor/StyleSheets/Images/DarkSkin/TimelineIconClipOut.png using Guid(32f7e3598d6414c489127629e29af3f6) Importer(815301076,1909f56bfc062723c751e8b465ee728b)  -> (artifact id: '2c2776ac10f798ee9c34b36916e221df') in 0.012848 seconds 
========================================================================
Received Import Request.
  Time since last request: 0.000042 seconds.
  path: Packages/com.unity.timeline/Editor/StyleSheets/Images/LightSkin/TimelineKeyframe.png
  artifactKey: Guid(f9fd2f335364cda41937eab39bf20049) Importer(815301076,1909f56bfc062723c751e8b465ee728b)
Start importing Packages/com.unity.timeline/Editor/StyleSheets/Images/LightSkin/TimelineKeyframe.png using Guid(f9fd2f335364cda41937eab39bf20049) Importer(815301076,1909f56bfc062723c751e8b465ee728b)  -> (artifact id: '770773981963b3521f3cd0be327c04c4') in 0.016845 seconds 
========================================================================
Received Import Request.
  Time since last request: 0.000036 seconds.
  path: Packages/com.unity.timeline/Editor/StyleSheets/Images/DarkSkin/TimelineDisabledBackground.png
  artifactKey: Guid(412f73153f3a3c549b67b2a847741145) Importer(815301076,1909f56bfc062723c751e8b465ee728b)
Start importing Packages/com.unity.timeline/Editor/StyleSheets/Images/DarkSkin/TimelineDisabledBackground.png using Guid(412f73153f3a3c549b67b2a847741145) Importer(815301076,1909f56bfc062723c751e8b465ee728b)  -> (artifact id: 'd1be5b026463ed0e74a4080fe20ad367') in 0.020292 seconds 
========================================================================
Received Import Request.
  Time since last request: 0.000268 seconds.
  path: Packages/com.unity.timeline/Editor/StyleSheets/Images/Icons/TimelineDigIn.png
  artifactKey: Guid(b1d064d6d80829f4eb370f679384ea1f) Importer(815301076,1909f56bfc062723c751e8b465ee728b)
Start importing Packages/com.unity.timeline/Editor/StyleSheets/Images/Icons/TimelineDigIn.png using Guid(b1d064d6d80829f4eb370f679384ea1f) Importer(815301076,1909f56bfc062723c751e8b465ee728b)  -> (artifact id: 'b25cd2ea83067cbc7a90b0ab391e05e6') in 0.017275 seconds 
========================================================================
Received Import Request.
  Time since last request: 0.000034 seconds.
  path: Packages/com.unity.collab-proxy/Editor/PlasticSCM/Assets/Images/d_iconconflictedoverlay@2x.png
  artifactKey: Guid(a3ced8f7044b9de4787602a9e9b20ea7) Importer(815301076,1909f56bfc062723c751e8b465ee728b)
Start importing Packages/com.unity.collab-proxy/Editor/PlasticSCM/Assets/Images/d_iconconflictedoverlay@2x.png using Guid(a3ced8f7044b9de4787602a9e9b20ea7) Importer(815301076,1909f56bfc062723c751e8b465ee728b)  -> (artifact id: '03acf0fb7e54ded0b16fb127e2869661') in 0.013154 seconds 
========================================================================
Received Import Request.
  Time since last request: 0.000054 seconds.
  path: Packages/com.unity.collab-proxy/Editor/PlasticSCM/Assets/Images/buttonssosigningoogle.png
  artifactKey: Guid(f09eae8c0ea04254b90c5386a034a225) Importer(815301076,1909f56bfc062723c751e8b465ee728b)
Start importing Packages/com.unity.collab-proxy/Editor/PlasticSCM/Assets/Images/buttonssosigningoogle.png using Guid(f09eae8c0ea04254b90c5386a034a225) Importer(815301076,1909f56bfc062723c751e8b465ee728b)  -> (artifact id: '6732bb5130229f595c47c0ebcf5e0c97') in 0.016168 seconds 
========================================================================
Received Import Request.
  Time since last request: 0.000045 seconds.
  path: Packages/com.unity.timeline/Editor/StyleSheets/Images/DarkSkin/TimelineMarkerItem.png
  artifactKey: Guid(c133595e3c100774496e03e66fa69259) Importer(815301076,1909f56bfc062723c751e8b465ee728b)
Start importing Packages/com.unity.timeline/Editor/StyleSheets/Images/DarkSkin/TimelineMarkerItem.png using Guid(c133595e3c100774496e03e66fa69259) Importer(815301076,1909f56bfc062723c751e8b465ee728b)  -> (artifact id: 'cb1a3c7cd0aa0abc957b78cd9438f9e9') in 0.015823 seconds 
========================================================================
Received Import Request.
  Time since last request: 0.000081 seconds.
  path: Packages/com.unity.timeline/Editor/StyleSheets/Images/LightSkin/TimelineMarkerItemSelected.png
  artifactKey: Guid(b6e9dc9aad5843748a0124b8925c3743) Importer(815301076,1909f56bfc062723c751e8b465ee728b)
Start importing Packages/com.unity.timeline/Editor/StyleSheets/Images/LightSkin/TimelineMarkerItemSelected.png using Guid(b6e9dc9aad5843748a0124b8925c3743) Importer(815301076,1909f56bfc062723c751e8b465ee728b)  -> (artifact id: 'd72284eeec5a43429b4f2b8903ad5c92') in 0.011773 seconds 
========================================================================
Received Import Request.
  Time since last request: 0.000050 seconds.
  path: Packages/com.unity.timeline/Editor/StyleSheets/Images/LightSkin/TimelineMarkerItem.png
  artifactKey: Guid(24b97c67b63a23b48bea4036d28a5818) Importer(815301076,1909f56bfc062723c751e8b465ee728b)
Start importing Packages/com.unity.timeline/Editor/StyleSheets/Images/LightSkin/TimelineMarkerItem.png using Guid(24b97c67b63a23b48bea4036d28a5818) Importer(815301076,1909f56bfc062723c751e8b465ee728b)  -> (artifact id: '144b21b88b7d21d6f37665c0a3038863') in 0.010278 seconds 
========================================================================
Received Import Request.
  Time since last request: 0.000065 seconds.
  path: Packages/com.unity.timeline/Editor/StyleSheets/Images/Icons/TimelineSelector.png
  artifactKey: Guid(73f5ebb64da7b2a40ab6bffac80f1a61) Importer(815301076,1909f56bfc062723c751e8b465ee728b)
Start importing Packages/com.unity.timeline/Editor/StyleSheets/Images/Icons/TimelineSelector.png using Guid(73f5ebb64da7b2a40ab6bffac80f1a61) Importer(815301076,1909f56bfc062723c751e8b465ee728b)  -> (artifact id: 'efd6e24844e6e074660fe70a4356ff0c') in 0.012137 seconds 
========================================================================
Received Import Request.
  Time since last request: 0.000033 seconds.
  path: Packages/com.unity.timeline/Editor/StyleSheets/Images/LightSkin/TimelinePingPong.png
  artifactKey: Guid(88d697f38121de443ba144702e5122d9) Importer(815301076,1909f56bfc062723c751e8b465ee728b)
Start importing Packages/com.unity.timeline/Editor/StyleSheets/Images/LightSkin/TimelinePingPong.png using Guid(88d697f38121de443ba144702e5122d9) Importer(815301076,1909f56bfc062723c751e8b465ee728b)  -> (artifact id: '1a53ecf7e32989ebd9638c95139d4f54') in 0.012208 seconds 
========================================================================
Received Import Request.
  Time since last request: 0.000039 seconds.
  path: Packages/com.unity.timeline/Editor/StyleSheets/Images/LightSkin/TimelineMarkerItemCollapsed.png
  artifactKey: Guid(7d4691eba7565c34ab785c00fbc27ff8) Importer(815301076,1909f56bfc062723c751e8b465ee728b)
Start importing Packages/com.unity.timeline/Editor/StyleSheets/Images/LightSkin/TimelineMarkerItemCollapsed.png using Guid(7d4691eba7565c34ab785c00fbc27ff8) Importer(815301076,1909f56bfc062723c751e8b465ee728b)  -> (artifact id: '25cfd7e82c661a1b5d1ab5b6dc1e8112') in 0.015363 seconds 
========================================================================
Received Import Request.
  Time since last request: 0.000036 seconds.
  path: Packages/com.unity.timeline/Editor/StyleSheets/Images/DarkSkin/TimelineSignalCollapsed.png
  artifactKey: Guid(d91793cd853a258448e4d5545bb38e45) Importer(815301076,1909f56bfc062723c751e8b465ee728b)
Start importing Packages/com.unity.timeline/Editor/StyleSheets/Images/DarkSkin/TimelineSignalCollapsed.png using Guid(d91793cd853a258448e4d5545bb38e45) Importer(815301076,1909f56bfc062723c751e8b465ee728b)  -> (artifact id: 'b3a7568a0b89fa0a87e539a45ff6fe8e') in 0.021085 seconds 
========================================================================
Received Import Request.
  Time since last request: 0.000030 seconds.
  path: Packages/com.unity.timeline/Editor/StyleSheets/Images/DarkSkin/TimelineLoop.png
  artifactKey: Guid(360dded8761e81d4d98c10f469d55492) Importer(815301076,1909f56bfc062723c751e8b465ee728b)
Start importing Packages/com.unity.timeline/Editor/StyleSheets/Images/DarkSkin/TimelineLoop.png using Guid(360dded8761e81d4d98c10f469d55492) Importer(815301076,1909f56bfc062723c751e8b465ee728b)  -> (artifact id: '526b278d79acca67f5fe60b92b31f0e2') in 0.023377 seconds 
========================================================================
Received Import Request.
  Time since last request: 0.000039 seconds.
  path: Packages/com.unity.timeline/Editor/StyleSheets/Images/LightSkin/TimelineTimeCursor.png
  artifactKey: Guid(ed665472b4fee2043a5c1cc802beaa8e) Importer(815301076,1909f56bfc062723c751e8b465ee728b)
Start importing Packages/com.unity.timeline/Editor/StyleSheets/Images/LightSkin/TimelineTimeCursor.png using Guid(ed665472b4fee2043a5c1cc802beaa8e) Importer(815301076,1909f56bfc062723c751e8b465ee728b)  -> (artifact id: 'b1cbf2511b3fddca9690e0e6f1433a8d') in 0.020829 seconds 
========================================================================
Received Import Request.
  Time since last request: 0.000031 seconds.
  path: Packages/com.unity.timeline/Editor/StyleSheets/Images/DarkSkin/TimelineTimeCursor.png
  artifactKey: Guid(3b9e9b3d9ade166499e7a17109ca73bf) Importer(815301076,1909f56bfc062723c751e8b465ee728b)
Start importing Packages/com.unity.timeline/Editor/StyleSheets/Images/DarkSkin/TimelineTimeCursor.png using Guid(3b9e9b3d9ade166499e7a17109ca73bf) Importer(815301076,1909f56bfc062723c751e8b465ee728b)  -> (artifact id: '5c31dcefc070ffdc4426e9e014ee00a2') in 0.020254 seconds 
========================================================================
Received Import Request.
  Time since last request: 0.000035 seconds.
  path: Packages/com.unity.timeline/Editor/StyleSheets/Images/Shared/TimelineSwatch.png
  artifactKey: Guid(e50018fd67fc156459e4014bdad3f5f6) Importer(815301076,1909f56bfc062723c751e8b465ee728b)
Start importing Packages/com.unity.timeline/Editor/StyleSheets/Images/Shared/TimelineSwatch.png using Guid(e50018fd67fc156459e4014bdad3f5f6) Importer(815301076,1909f56bfc062723c751e8b465ee728b)  -> (artifact id: 'f596296d85be6901f62d83f8d3038400') in 0.016312 seconds 
========================================================================
Received Import Request.
  Time since last request: 0.000053 seconds.
  path: Packages/com.unity.timeline/Editor/StyleSheets/Images/Shared/TimelineSeqEnd.png
  artifactKey: Guid(5dfe66e61e0d270468ae75349ff3a3eb) Importer(815301076,1909f56bfc062723c751e8b465ee728b)
Start importing Packages/com.unity.timeline/Editor/StyleSheets/Images/Shared/TimelineSeqEnd.png using Guid(5dfe66e61e0d270468ae75349ff3a3eb) Importer(815301076,1909f56bfc062723c751e8b465ee728b)  -> (artifact id: '5a61a7c365f7121d1181273080ee5034') in 0.019490 seconds 
========================================================================
Received Import Request.
  Time since last request: 0.000029 seconds.
  path: Packages/com.unity.timeline/Editor/StyleSheets/Images/DarkSkin/TimelinePingPong.png
  artifactKey: Guid(d3b5c4f7d6b94f64085b3713bffa680e) Importer(815301076,1909f56bfc062723c751e8b465ee728b)
Start importing Packages/com.unity.timeline/Editor/StyleSheets/Images/DarkSkin/TimelinePingPong.png using Guid(d3b5c4f7d6b94f64085b3713bffa680e) Importer(815301076,1909f56bfc062723c751e8b465ee728b)  -> (artifact id: 'faa79c41d878b585f59503af9545c78f') in 0.018663 seconds 
========================================================================
Received Import Request.
  Time since last request: 0.000036 seconds.
  path: Packages/com.unity.timeline/Editor/StyleSheets/Images/LightSkin/TimelinePlayRange.png
  artifactKey: Guid(70e3f118652b9094885689730ad3a47b) Importer(815301076,1909f56bfc062723c751e8b465ee728b)
Start importing Packages/com.unity.timeline/Editor/StyleSheets/Images/LightSkin/TimelinePlayRange.png using Guid(70e3f118652b9094885689730ad3a47b) Importer(815301076,1909f56bfc062723c751e8b465ee728b)  -> (artifact id: '3eed29032cde5f56a0b6014431f82b5b') in 0.018667 seconds 
========================================================================
Received Import Request.
  Time since last request: 0.000029 seconds.
  path: Packages/com.unity.timeline/Editor/StyleSheets/Images/DarkSkin/TimelineSignalSelected.png
  artifactKey: Guid(a5e21f4e466690645980dd0cf0b664bc) Importer(815301076,1909f56bfc062723c751e8b465ee728b)
Start importing Packages/com.unity.timeline/Editor/StyleSheets/Images/DarkSkin/TimelineSignalSelected.png using Guid(a5e21f4e466690645980dd0cf0b664bc) Importer(815301076,1909f56bfc062723c751e8b465ee728b)  -> (artifact id: '23bc53657af6632cdc00583d29cf9331') in 0.018308 seconds 
========================================================================
Received Import Request.
  Time since last request: 0.000033 seconds.
  path: Packages/com.unity.timeline/Editor/StyleSheets/Images/Shared/TimelineOutline.png
  artifactKey: Guid(829511f8e35bf3a40be037a1050f801c) Importer(815301076,1909f56bfc062723c751e8b465ee728b)
Start importing Packages/com.unity.timeline/Editor/StyleSheets/Images/Shared/TimelineOutline.png using Guid(829511f8e35bf3a40be037a1050f801c) Importer(815301076,1909f56bfc062723c751e8b465ee728b)  -> (artifact id: '9a888c85bdd449d0ec5b9636cf8c0e6d') in 0.014951 seconds 
========================================================================
Received Import Request.
  Time since last request: 0.000032 seconds.
  path: Packages/com.unity.timeline/Editor/StyleSheets/Images/LightSkin/TimelineSignalCollapsed.png
  artifactKey: Guid(a88fa20ed164bbe4da6bf533f94a3113) Importer(815301076,1909f56bfc062723c751e8b465ee728b)
Start importing Packages/com.unity.timeline/Editor/StyleSheets/Images/LightSkin/TimelineSignalCollapsed.png using Guid(a88fa20ed164bbe4da6bf533f94a3113) Importer(815301076,1909f56bfc062723c751e8b465ee728b)  -> (artifact id: 'dec296bb016f3ecb53d4e98ce1bd8801') in 0.011678 seconds 
========================================================================
Received Import Request.
  Time since last request: 0.000118 seconds.
  path: Packages/com.unity.textmeshpro/Editor Resources/Gizmos/TMP - Sprite Asset Icon.psd
  artifactKey: Guid(ec7c645d93308c04d8840982af12101e) Importer(815301076,1909f56bfc062723c751e8b465ee728b)
Start importing Packages/com.unity.textmeshpro/Editor Resources/Gizmos/TMP - Sprite Asset Icon.psd using Guid(ec7c645d93308c04d8840982af12101e) Importer(815301076,1909f56bfc062723c751e8b465ee728b)  -> (artifact id: 'c1a07174f2c13a9f9b88abf2882fee06') in 0.012764 seconds 
========================================================================
Received Import Request.
  Time since last request: 0.000077 seconds.
  path: Packages/com.unity.timeline/Editor/StyleSheets/Images/Icons/TrackAvatarButtonDisabled.png
  artifactKey: Guid(54623075676bd504d93243fb18745161) Importer(815301076,1909f56bfc062723c751e8b465ee728b)
Start importing Packages/com.unity.timeline/Editor/StyleSheets/Images/Icons/TrackAvatarButtonDisabled.png using Guid(54623075676bd504d93243fb18745161) Importer(815301076,1909f56bfc062723c751e8b465ee728b)  -> (artifact id: 'a0d81f1450d5b74e73e6bb132dd9583d') in 0.014349 seconds 
========================================================================
Received Import Request.
  Time since last request: 0.000034 seconds.
  path: Packages/com.unity.textmeshpro/Editor Resources/Gizmos/TMP - Font Asset Icon.psd
  artifactKey: Guid(ee148e281f3c41c5b4ff5f8a5afe5a6c) Importer(815301076,1909f56bfc062723c751e8b465ee728b)
Start importing Packages/com.unity.textmeshpro/Editor Resources/Gizmos/TMP - Font Asset Icon.psd using Guid(ee148e281f3c41c5b4ff5f8a5afe5a6c) Importer(815301076,1909f56bfc062723c751e8b465ee728b)  -> (artifact id: 'bcd05fa1417364cb27dc2ecd99028ad5') in 0.014312 seconds 
========================================================================
Received Import Request.
  Time since last request: 0.000069 seconds.
  path: Packages/com.unity.textmeshpro/Editor Resources/Gizmos/TMP - Text Component Icon.psd
  artifactKey: Guid(2fd6421f253b4ef1a19526541f9ffc0c) Importer(815301076,1909f56bfc062723c751e8b465ee728b)
Start importing Packages/com.unity.textmeshpro/Editor Resources/Gizmos/TMP - Text Component Icon.psd using Guid(2fd6421f253b4ef1a19526541f9ffc0c) Importer(815301076,1909f56bfc062723c751e8b465ee728b)  -> (artifact id: '7488e40b01bf50723aa5fb210ff302a0') in 0.013649 seconds 
========================================================================
Received Import Request.
  Time since last request: 0.000069 seconds.
  path: Packages/com.unity.textmeshpro/Editor Resources/Gizmos/TMP - Dropdown Icon.psd
  artifactKey: Guid(a7ec9e7ad8b847b7ae4510af83c5d868) Importer(815301076,1909f56bfc062723c751e8b465ee728b)
Start importing Packages/com.unity.textmeshpro/Editor Resources/Gizmos/TMP - Dropdown Icon.psd using Guid(a7ec9e7ad8b847b7ae4510af83c5d868) Importer(815301076,1909f56bfc062723c751e8b465ee728b)  -> (artifact id: '2a0e3c973a0a0615a98d842b6bd65f0c') in 0.018724 seconds 
========================================================================
Received Import Request.
  Time since last request: 0.000030 seconds.
  path: Packages/com.unity.timeline/Editor/StyleSheets/Images/DarkSkin/TimelineStartPlayback.png
  artifactKey: Guid(5060c9f9eb2f7ee4695b638a21d8fe01) Importer(815301076,1909f56bfc062723c751e8b465ee728b)
Start importing Packages/com.unity.timeline/Editor/StyleSheets/Images/DarkSkin/TimelineStartPlayback.png using Guid(5060c9f9eb2f7ee4695b638a21d8fe01) Importer(815301076,1909f56bfc062723c751e8b465ee728b)  -> (artifact id: 'b45317f5acbfbce8113d845e427cd86d') in 0.018749 seconds 
========================================================================
Received Import Request.
  Time since last request: 0.000036 seconds.
  path: Packages/com.unity.timeline/Editor/StyleSheets/Images/Icons/TrackAvatarButtonEnabled.png
  artifactKey: Guid(4bf6507f1346b2746a35384f6a5fd5f9) Importer(815301076,1909f56bfc062723c751e8b465ee728b)
Start importing Packages/com.unity.timeline/Editor/StyleSheets/Images/Icons/TrackAvatarButtonEnabled.png using Guid(4bf6507f1346b2746a35384f6a5fd5f9) Importer(815301076,1909f56bfc062723c751e8b465ee728b)  -> (artifact id: '3f1400104d3d3bc6f92aa0739b1f7ba1') in 0.011652 seconds 
========================================================================
Received Import Request.
  Time since last request: 0.000031 seconds.
  path: Packages/com.unity.timeline/Editor/StyleSheets/Images/Icons/TrackCurvesButtonDisabled.png
  artifactKey: Guid(f0f8ff8921b22a74a8c79d955ace248d) Importer(815301076,1909f56bfc062723c751e8b465ee728b)
Start importing Packages/com.unity.timeline/Editor/StyleSheets/Images/Icons/TrackCurvesButtonDisabled.png using Guid(f0f8ff8921b22a74a8c79d955ace248d) Importer(815301076,1909f56bfc062723c751e8b465ee728b)  -> (artifact id: '3a96f99d00d81ccd7f4dc87ddf1acc77') in 0.016306 seconds 
========================================================================
Received Import Request.
  Time since last request: 0.000036 seconds.
  path: Packages/com.unity.timeline/Editor/StyleSheets/Images/Icons/TrackAvatarButtonEnabled@2x.png
  artifactKey: Guid(51bf5f55a8a01e546bf6092b54fdae20) Importer(815301076,1909f56bfc062723c751e8b465ee728b)
Start importing Packages/com.unity.timeline/Editor/StyleSheets/Images/Icons/TrackAvatarButtonEnabled@2x.png using Guid(51bf5f55a8a01e546bf6092b54fdae20) Importer(815301076,1909f56bfc062723c751e8b465ee728b)  -> (artifact id: 'c39f94500436ca6a9d811a60427c53ce') in 0.022702 seconds 
========================================================================
Received Import Request.
  Time since last request: 0.000038 seconds.
  path: Packages/com.unity.timeline/Editor/StyleSheets/Images/Icons/TrackAvatarButtonDisabled@2x.png
  artifactKey: Guid(7c05578092876a0458b8b480269aef86) Importer(815301076,1909f56bfc062723c751e8b465ee728b)
Start importing Packages/com.unity.timeline/Editor/StyleSheets/Images/Icons/TrackAvatarButtonDisabled@2x.png using Guid(7c05578092876a0458b8b480269aef86) Importer(815301076,1909f56bfc062723c751e8b465ee728b)  -> (artifact id: 'd9bc5667f1b25bc6f0a5ee4e126aa1a4') in 0.022358 seconds 
========================================================================
Received Import Request.
  Time since last request: 0.000066 seconds.
  path: Packages/com.unity.timeline/Editor/StyleSheets/Images/Icons/TrackCurvesButtonDisabled@2x.png
  artifactKey: Guid(a383d8b1327c9254896ad76d6efaf357) Importer(815301076,1909f56bfc062723c751e8b465ee728b)
Start importing Packages/com.unity.timeline/Editor/StyleSheets/Images/Icons/TrackCurvesButtonDisabled@2x.png using Guid(a383d8b1327c9254896ad76d6efaf357) Importer(815301076,1909f56bfc062723c751e8b465ee728b)  -> (artifact id: '7201b89cdc6c2b89acd53db9e7e04ca3') in 0.025787 seconds 
========================================================================
Received Import Request.
  Time since last request: 0.000069 seconds.
  path: Packages/com.unity.timeline/Editor/StyleSheets/Images/Icons/TrackCurvesButtonEnabled.png
  artifactKey: Guid(9589d5d9eb09dec43b2ad51af4e78b1e) Importer(815301076,1909f56bfc062723c751e8b465ee728b)
Start importing Packages/com.unity.timeline/Editor/StyleSheets/Images/Icons/TrackCurvesButtonEnabled.png using Guid(9589d5d9eb09dec43b2ad51af4e78b1e) Importer(815301076,1909f56bfc062723c751e8b465ee728b)  -> (artifact id: '7fe7aef6a77123de41b076ef5cbda3fb') in 0.019150 seconds 
========================================================================
Received Import Request.
  Time since last request: 0.000072 seconds.
  path: Packages/com.unity.timeline/Editor/StyleSheets/Images/Icons/TrackLockButtonDisabled.png
  artifactKey: Guid(fef7487d8b06bba408f70354e2463ce4) Importer(815301076,1909f56bfc062723c751e8b465ee728b)
Start importing Packages/com.unity.timeline/Editor/StyleSheets/Images/Icons/TrackLockButtonDisabled.png using Guid(fef7487d8b06bba408f70354e2463ce4) Importer(815301076,1909f56bfc062723c751e8b465ee728b)  -> (artifact id: 'db8f0e01bbbb1bffc3dd675eed53e3ce') in 0.015669 seconds 
========================================================================
Received Import Request.
  Time since last request: 0.000071 seconds.
  path: Packages/com.unity.timeline/Editor/StyleSheets/Images/Icons/TrackLockButtonDisabled@2x.png
  artifactKey: Guid(6fb5cabb85ba3794682b16eba19440cb) Importer(815301076,1909f56bfc062723c751e8b465ee728b)
Start importing Packages/com.unity.timeline/Editor/StyleSheets/Images/Icons/TrackLockButtonDisabled@2x.png using Guid(6fb5cabb85ba3794682b16eba19440cb) Importer(815301076,1909f56bfc062723c751e8b465ee728b)  -> (artifact id: 'a8b7987e97c6e844d1394069a223156b') in 0.013532 seconds 
========================================================================
Received Import Request.
  Time since last request: 0.000076 seconds.
  path: Packages/com.unity.timeline/Editor/StyleSheets/Images/Icons/TrackMarkerButtonDisabled.png
  artifactKey: Guid(33a52b41b4de5874ca7da1da32067e39) Importer(815301076,1909f56bfc062723c751e8b465ee728b)
Start importing Packages/com.unity.timeline/Editor/StyleSheets/Images/Icons/TrackMarkerButtonDisabled.png using Guid(33a52b41b4de5874ca7da1da32067e39) Importer(815301076,1909f56bfc062723c751e8b465ee728b)  -> (artifact id: '9a90e5d943cc37816555976619851e1c') in 0.013647 seconds 
========================================================================
Received Import Request.
  Time since last request: 0.000061 seconds.
  path: Packages/com.unity.timeline/Editor/StyleSheets/Images/Icons/TrackLockButtonEnabled@2x.png
  artifactKey: Guid(b8c531b4e51e4994a81837c4e9b0d649) Importer(815301076,1909f56bfc062723c751e8b465ee728b)
Start importing Packages/com.unity.timeline/Editor/StyleSheets/Images/Icons/TrackLockButtonEnabled@2x.png using Guid(b8c531b4e51e4994a81837c4e9b0d649) Importer(815301076,1909f56bfc062723c751e8b465ee728b)  -> (artifact id: '7d4df682f4905bf57f8451e062314c13') in 0.021977 seconds 
========================================================================
Received Import Request.
  Time since last request: 0.000050 seconds.
  path: Packages/com.unity.timeline/Editor/StyleSheets/Images/Icons/TrackMarkerButtonEnabled.png
  artifactKey: Guid(d1eccbb425fdacc4ba53ce4223f4ea30) Importer(815301076,1909f56bfc062723c751e8b465ee728b)
Start importing Packages/com.unity.timeline/Editor/StyleSheets/Images/Icons/TrackMarkerButtonEnabled.png using Guid(d1eccbb425fdacc4ba53ce4223f4ea30) Importer(815301076,1909f56bfc062723c751e8b465ee728b)  -> (artifact id: '930eda9be368a40e1e9ac912103fd3df') in 0.038537 seconds 
========================================================================
Received Import Request.
  Time since last request: 0.000046 seconds.
  path: Packages/com.unity.timeline/Editor/StyleSheets/Images/Icons/TrackMarkerButtonDisabled@2x.png
  artifactKey: Guid(193dae938a3136440b693b45a2494737) Importer(815301076,1909f56bfc062723c751e8b465ee728b)
Start importing Packages/com.unity.timeline/Editor/StyleSheets/Images/Icons/TrackMarkerButtonDisabled@2x.png using Guid(193dae938a3136440b693b45a2494737) Importer(815301076,1909f56bfc062723c751e8b465ee728b)  -> (artifact id: 'cfcb4304240f27959b644641159b484a') in 0.017628 seconds 
========================================================================
Received Import Request.
  Time since last request: 0.000039 seconds.
  path: Packages/com.unity.timeline/Editor/StyleSheets/Images/LightSkin/TimelineLoop.png
  artifactKey: Guid(c7df1e797b21c774f9b859d17f674737) Importer(815301076,1909f56bfc062723c751e8b465ee728b)
Start importing Packages/com.unity.timeline/Editor/StyleSheets/Images/LightSkin/TimelineLoop.png using Guid(c7df1e797b21c774f9b859d17f674737) Importer(815301076,1909f56bfc062723c751e8b465ee728b)  -> (artifact id: 'a3e04d0c5a2c241461b30349e4d3f710') in 0.016830 seconds 
========================================================================
Received Import Request.
  Time since last request: 0.000035 seconds.
  path: Packages/com.unity.timeline/Editor/StyleSheets/Images/Shared/TimelineWarning.png
  artifactKey: Guid(1732e542f535d374bbfa7565fc78414e) Importer(815301076,1909f56bfc062723c751e8b465ee728b)
Start importing Packages/com.unity.timeline/Editor/StyleSheets/Images/Shared/TimelineWarning.png using Guid(1732e542f535d374bbfa7565fc78414e) Importer(815301076,1909f56bfc062723c751e8b465ee728b)  -> (artifact id: 'ce056d14d8b874faa9c15ca374e853b8') in 0.017918 seconds 
========================================================================
Received Import Request.
  Time since last request: 0.000036 seconds.
  path: Packages/com.unity.timeline/Editor/StyleSheets/Images/Icons/TrackLockButtonEnabled.png
  artifactKey: Guid(cf575301f1e76c4478de0e77db15eba0) Importer(815301076,1909f56bfc062723c751e8b465ee728b)
Start importing Packages/com.unity.timeline/Editor/StyleSheets/Images/Icons/TrackLockButtonEnabled.png using Guid(cf575301f1e76c4478de0e77db15eba0) Importer(815301076,1909f56bfc062723c751e8b465ee728b)  -> (artifact id: 'bc2a7bec890e3070f551e51f33bdb442') in 0.019170 seconds 
========================================================================
Received Import Request.
  Time since last request: 0.000040 seconds.
  path: Packages/com.unity.timeline/Editor/StyleSheets/Images/DarkSkin/TimelineMarkerItemCollapsed.png
  artifactKey: Guid(f179d9a3cccffb04ba2e27f681e9b147) Importer(815301076,1909f56bfc062723c751e8b465ee728b)
Start importing Packages/com.unity.timeline/Editor/StyleSheets/Images/DarkSkin/TimelineMarkerItemCollapsed.png using Guid(f179d9a3cccffb04ba2e27f681e9b147) Importer(815301076,1909f56bfc062723c751e8b465ee728b)  -> (artifact id: '5fe7be1ba5f359d39901c3101b405d07') in 0.014165 seconds 
========================================================================
Received Import Request.
  Time since last request: 0.000051 seconds.
  path: Packages/com.unity.textmeshpro/Editor Resources/Gizmos/TMP - Input Field Icon.psd
  artifactKey: Guid(3ee40aa79cd242a5b53b0b0ca4f13f0f) Importer(815301076,1909f56bfc062723c751e8b465ee728b)
Start importing Packages/com.unity.textmeshpro/Editor Resources/Gizmos/TMP - Input Field Icon.psd using Guid(3ee40aa79cd242a5b53b0b0ca4f13f0f) Importer(815301076,1909f56bfc062723c751e8b465ee728b)  -> (artifact id: 'c7db65db8b2c41621a8f1f04259e0605') in 0.023731 seconds 
========================================================================
Received Import Request.
  Time since last request: 0.000046 seconds.
  path: Packages/com.unity.timeline/Editor/StyleSheets/Images/DarkSkin/TimelinePlayRange.png
  artifactKey: Guid(43eeff8a446b32242a4fb1a5c1bd7b8e) Importer(815301076,1909f56bfc062723c751e8b465ee728b)
Start importing Packages/com.unity.timeline/Editor/StyleSheets/Images/DarkSkin/TimelinePlayRange.png using Guid(43eeff8a446b32242a4fb1a5c1bd7b8e) Importer(815301076,1909f56bfc062723c751e8b465ee728b)  -> (artifact id: '5dddd23cc57f7af9d52c2e80eb618f0a') in 0.015983 seconds 
========================================================================
Received Import Request.
  Time since last request: 0.000038 seconds.
  path: Packages/com.unity.timeline/Editor/StyleSheets/Images/LightSkin/TimelineSignalSelected.png
  artifactKey: Guid(1a7852b1b33b816498b6af1e739f5995) Importer(815301076,1909f56bfc062723c751e8b465ee728b)
Start importing Packages/com.unity.timeline/Editor/StyleSheets/Images/LightSkin/TimelineSignalSelected.png using Guid(1a7852b1b33b816498b6af1e739f5995) Importer(815301076,1909f56bfc062723c751e8b465ee728b)  -> (artifact id: '14101b2bb5fa5c9e24596903543bc3ae') in 0.016111 seconds 
========================================================================
Received Import Request.
  Time since last request: 0.000034 seconds.
  path: Packages/com.unity.timeline/Editor/StyleSheets/Images/Icons/TrackCurvesButtonEnabled@2x.png
  artifactKey: Guid(9e541b6dcfb77d34481f69b3d62d0343) Importer(815301076,1909f56bfc062723c751e8b465ee728b)
Start importing Packages/com.unity.timeline/Editor/StyleSheets/Images/Icons/TrackCurvesButtonEnabled@2x.png using Guid(9e541b6dcfb77d34481f69b3d62d0343) Importer(815301076,1909f56bfc062723c751e8b465ee728b)  -> (artifact id: '5e22302d0f60050b3cad8c58d84ffae4') in 0.016026 seconds 
========================================================================
Received Import Request.
  Time since last request: 0.000032 seconds.
  path: Packages/com.unity.timeline/Editor/StyleSheets/Images/LightSkin/TimelineStartPlayback.png
  artifactKey: Guid(824c4beb0ca6c934bbc7a26919302236) Importer(815301076,1909f56bfc062723c751e8b465ee728b)
Start importing Packages/com.unity.timeline/Editor/StyleSheets/Images/LightSkin/TimelineStartPlayback.png using Guid(824c4beb0ca6c934bbc7a26919302236) Importer(815301076,1909f56bfc062723c751e8b465ee728b)  -> (artifact id: '9795c274b19303eb3b397ca9434e36c6') in 0.014450 seconds 
========================================================================
Received Import Request.
  Time since last request: 0.000035 seconds.
  path: Packages/com.unity.timeline/Editor/StyleSheets/Images/Icons/TimelineSignal.png
  artifactKey: Guid(15845fb26c2846947b4dedb9fb348cc1) Importer(815301076,1909f56bfc062723c751e8b465ee728b)
Start importing Packages/com.unity.timeline/Editor/StyleSheets/Images/Icons/TimelineSignal.png using Guid(15845fb26c2846947b4dedb9fb348cc1) Importer(815301076,1909f56bfc062723c751e8b465ee728b)  -> (artifact id: '26af08420143b452a7a10b88a8d31e13') in 0.011912 seconds 
========================================================================
Received Import Request.
  Time since last request: 0.000034 seconds.
  path: Packages/com.unity.collab-proxy/Editor/PlasticSCM/Assets/Images/stepok@2x.png
  artifactKey: Guid(be340a165cb9c8d4cb50f1deeb51d4ea) Importer(815301076,1909f56bfc062723c751e8b465ee728b)
Start importing Packages/com.unity.collab-proxy/Editor/PlasticSCM/Assets/Images/stepok@2x.png using Guid(be340a165cb9c8d4cb50f1deeb51d4ea) Importer(815301076,1909f56bfc062723c751e8b465ee728b)  -> (artifact id: '9bcaf51e6fa6b2c28645b89114c02f5a') in 0.015511 seconds 
========================================================================
Received Import Request.
  Time since last request: 0.000035 seconds.
  path: Packages/com.unity.collab-proxy/Editor/PlasticSCM/Assets/Images/iconoutofsync@2x.png
  artifactKey: Guid(d7094718bdac022428dd29244922d06b) Importer(815301076,1909f56bfc062723c751e8b465ee728b)
Start importing Packages/com.unity.collab-proxy/Editor/PlasticSCM/Assets/Images/iconoutofsync@2x.png using Guid(d7094718bdac022428dd29244922d06b) Importer(815301076,1909f56bfc062723c751e8b465ee728b)  -> (artifact id: '3524e9fe32e1a11ae1eb085fb5b78427') in 0.015543 seconds 
========================================================================
Received Import Request.
  Time since last request: 0.000029 seconds.
  path: Packages/com.unity.timeline/Editor/StyleSheets/Images/Icons/TimelineEditModeMixON.png
  artifactKey: Guid(a82846d41464fcf4b962ebdc815963f5) Importer(815301076,1909f56bfc062723c751e8b465ee728b)
Start importing Packages/com.unity.timeline/Editor/StyleSheets/Images/Icons/TimelineEditModeMixON.png using Guid(a82846d41464fcf4b962ebdc815963f5) Importer(815301076,1909f56bfc062723c751e8b465ee728b)  -> (artifact id: '95978920d6f7a6346b6eff0c413fa1a9') in 0.017456 seconds 
========================================================================
Received Import Request.
  Time since last request: 0.000040 seconds.
  path: Packages/com.unity.timeline/Editor/StyleSheets/Images/DarkSkin/TimelineMarkerItemSelected.png
  artifactKey: Guid(3dd65256ca8837544b3e738c0d3ee0e2) Importer(815301076,1909f56bfc062723c751e8b465ee728b)
Start importing Packages/com.unity.timeline/Editor/StyleSheets/Images/DarkSkin/TimelineMarkerItemSelected.png using Guid(3dd65256ca8837544b3e738c0d3ee0e2) Importer(815301076,1909f56bfc062723c751e8b465ee728b)  -> (artifact id: '59845bc16ed6ab09d35f3c4d78549e89') in 0.018499 seconds 
========================================================================
Received Import Request.
  Time since last request: 0.279311 seconds.
  path: Packages/com.unity.timeline/Editor/StyleSheets/Images/Icons/TrackMarkerButtonEnabled@2x.png
  artifactKey: Guid(c35a22ede3f5feb488bf69587ddc36ed) Importer(815301076,1909f56bfc062723c751e8b465ee728b)
Start importing Packages/com.unity.timeline/Editor/StyleSheets/Images/Icons/TrackMarkerButtonEnabled@2x.png using Guid(c35a22ede3f5feb488bf69587ddc36ed) Importer(815301076,1909f56bfc062723c751e8b465ee728b)  -> (artifact id: '4723287861c53c0872455fa87e7653d9') in 0.017682 seconds 
========================================================================
Received Import Request.
  Time since last request: 0.000083 seconds.
  path: Packages/com.unity.timeline/Editor/StyleSheets/Images/Icons/TrackMuteButtonDisabled@2x.png
  artifactKey: Guid(db31466324572e740a431e4e0e03a016) Importer(815301076,1909f56bfc062723c751e8b465ee728b)
Start importing Packages/com.unity.timeline/Editor/StyleSheets/Images/Icons/TrackMuteButtonDisabled@2x.png using Guid(db31466324572e740a431e4e0e03a016) Importer(815301076,1909f56bfc062723c751e8b465ee728b)  -> (artifact id: '5e102e749b6a47c9217a79c81fb0fb38') in 0.012535 seconds 
========================================================================
Received Import Request.
  Time since last request: 0.000032 seconds.
  path: Packages/com.unity.timeline/Editor/StyleSheets/Images/Icons/TrackRecordButtonDisabled@2x.png
  artifactKey: Guid(6091f9516d23100479c03bca26138bc8) Importer(815301076,1909f56bfc062723c751e8b465ee728b)
Start importing Packages/com.unity.timeline/Editor/StyleSheets/Images/Icons/TrackRecordButtonDisabled@2x.png using Guid(6091f9516d23100479c03bca26138bc8) Importer(815301076,1909f56bfc062723c751e8b465ee728b)  -> (artifact id: 'e9c0941e7670821e332b4ed2668bac7a') in 0.013466 seconds 
========================================================================
Received Import Request.
  Time since last request: 0.000027 seconds.
  path: Packages/com.unity.timeline/Editor/StyleSheets/Images/Icons/TrackMuteButtonEnabled.png
  artifactKey: Guid(81e8b4a4bcbf7a14898e2658fd827642) Importer(815301076,1909f56bfc062723c751e8b465ee728b)
Start importing Packages/com.unity.timeline/Editor/StyleSheets/Images/Icons/TrackMuteButtonEnabled.png using Guid(81e8b4a4bcbf7a14898e2658fd827642) Importer(815301076,1909f56bfc062723c751e8b465ee728b)  -> (artifact id: '52c6e48e1758a7a9072f933caf956c11') in 0.015872 seconds 
========================================================================
Received Import Request.
  Time since last request: 0.000027 seconds.
  path: Packages/com.unity.collab-proxy/Editor/PlasticSCM/Assets/Images/xlink.png
  artifactKey: Guid(556a2f3b046024d4c9621c1b4be5f0c1) Importer(815301076,1909f56bfc062723c751e8b465ee728b)
Start importing Packages/com.unity.collab-proxy/Editor/PlasticSCM/Assets/Images/xlink.png using Guid(556a2f3b046024d4c9621c1b4be5f0c1) Importer(815301076,1909f56bfc062723c751e8b465ee728b)  -> (artifact id: '0edb884599d0bf0e90e48ad602c19d01') in 0.010736 seconds 
========================================================================
Received Import Request.
  Time since last request: 0.000068 seconds.
  path: Packages/com.unity.timeline/Editor/StyleSheets/Images/Icons/TrackMuteButtonEnabled@2x.png
  artifactKey: Guid(512aaee9b220348408a2e518f98d6e14) Importer(815301076,1909f56bfc062723c751e8b465ee728b)
Start importing Packages/com.unity.timeline/Editor/StyleSheets/Images/Icons/TrackMuteButtonEnabled@2x.png using Guid(512aaee9b220348408a2e518f98d6e14) Importer(815301076,1909f56bfc062723c751e8b465ee728b)  -> (artifact id: 'b9d3b7ca58c95a9869397fe210f90e7d') in 0.011218 seconds 
========================================================================
Received Import Request.
  Time since last request: 0.000088 seconds.
  path: Packages/com.unity.timeline/Editor/StyleSheets/Images/Icons/TrackRecordButtonEnabled.png
  artifactKey: Guid(c6a0c6226c05f954fa6cd03aebb4d255) Importer(815301076,1909f56bfc062723c751e8b465ee728b)
Start importing Packages/com.unity.timeline/Editor/StyleSheets/Images/Icons/TrackRecordButtonEnabled.png using Guid(c6a0c6226c05f954fa6cd03aebb4d255) Importer(815301076,1909f56bfc062723c751e8b465ee728b)  -> (artifact id: 'fb4616b1591fe229a63bd60adbcce0d4') in 0.015187 seconds 
========================================================================
Received Import Request.
  Time since last request: 0.000037 seconds.
  path: Packages/com.unity.timeline/Editor/StyleSheets/Images/Icons/TrackMuteButtonDisabled.png
  artifactKey: Guid(5216b1b48296ef345ad2d2ec43105bf0) Importer(815301076,1909f56bfc062723c751e8b465ee728b)
Start importing Packages/com.unity.timeline/Editor/StyleSheets/Images/Icons/TrackMuteButtonDisabled.png using Guid(5216b1b48296ef345ad2d2ec43105bf0) Importer(815301076,1909f56bfc062723c751e8b465ee728b)  -> (artifact id: '2fe91eb42f3313017a4c56c13e6ed92e') in 0.017178 seconds 
========================================================================
Received Import Request.
  Time since last request: 0.000198 seconds.
  path: Packages/com.unity.timeline/Editor/StyleSheets/Images/Icons/TrackRecordButtonDisabled.png
  artifactKey: Guid(495998c718a094540bbe57ae5ab07647) Importer(815301076,1909f56bfc062723c751e8b465ee728b)
Start importing Packages/com.unity.timeline/Editor/StyleSheets/Images/Icons/TrackRecordButtonDisabled.png using Guid(495998c718a094540bbe57ae5ab07647) Importer(815301076,1909f56bfc062723c751e8b465ee728b)  -> (artifact id: 'b7da60800398044c95f8cfec08491b6b') in 0.011067 seconds 
========================================================================
Received Import Request.
  Time since last request: 0.000051 seconds.
  path: Packages/com.unity.timeline/Editor/StyleSheets/Images/Icons/TrackRecordButtonEnabled@2x.png
  artifactKey: Guid(8fdae4ac756ed6047b01021ff0cc3ebb) Importer(815301076,1909f56bfc062723c751e8b465ee728b)
Start importing Packages/com.unity.timeline/Editor/StyleSheets/Images/Icons/TrackRecordButtonEnabled@2x.png using Guid(8fdae4ac756ed6047b01021ff0cc3ebb) Importer(815301076,1909f56bfc062723c751e8b465ee728b)  -> (artifact id: 'c79fc2a9060c7c34ebbd8684f32bf02a') in 0.009509 seconds 
========================================================================
Received Import Request.
  Time since last request: 14.402109 seconds.
  path: Assets/Scenes
  artifactKey: Guid(6ea315d0fd7389c41b19996891e99ae3) Importer(815301076,1909f56bfc062723c751e8b465ee728b)
Start importing Assets/Scenes using Guid(6ea315d0fd7389c41b19996891e99ae3) Importer(815301076,1909f56bfc062723c751e8b465ee728b)  -> (artifact id: 'b8193726cff86800c54781cdc6d54904') in 0.002927 seconds 
========================================================================
Received Import Request.
  Time since last request: 1.201213 seconds.
  path: Assets/Scenes/SampleScene.unity
  artifactKey: Guid(9fc0d4010bbf28b4594072e72b8655ab) Importer(815301076,1909f56bfc062723c751e8b465ee728b)
Start importing Assets/Scenes/SampleScene.unity using Guid(9fc0d4010bbf28b4594072e72b8655ab) Importer(815301076,1909f56bfc062723c751e8b465ee728b)  -> (artifact id: 'e55ccaa32d8e5c1de03c07a5412c8c3c') in 0.003843 seconds 
========================================================================
Received Import Request.
  Time since last request: 174.970357 seconds.
  path: Assets
  artifactKey: Guid(00000000000000001000000000000000) Importer(815301076,1909f56bfc062723c751e8b465ee728b)
Start importing Assets using Guid(00000000000000001000000000000000) Importer(815301076,1909f56bfc062723c751e8b465ee728b)  -> (artifact id: '79842766b460edbeab6a34051e857a80') in 0.002641 seconds 
========================================================================
Received Import Request.
  Time since last request: 11.380553 seconds.
  path: Assets/Scripts
  artifactKey: Guid(6e42bd88ebae76f4dbd417c7d57e1fd0) Importer(815301076,1909f56bfc062723c751e8b465ee728b)
Start importing Assets/Scripts using Guid(6e42bd88ebae76f4dbd417c7d57e1fd0) Importer(815301076,1909f56bfc062723c751e8b465ee728b)  -> (artifact id: 'e658f8576c2a9fcf6326c9f6805d4c2d') in 0.004176 seconds 
========================================================================
Received Import Request.
  Time since last request: 155.474965 seconds.
  path: Assets/Scripts/PlayerRespawn.cs
  artifactKey: Guid(526c6fcf01ce3904ba412add7d363a1c) Importer(815301076,1909f56bfc062723c751e8b465ee728b)
Start importing Assets/Scripts/PlayerRespawn.cs using Guid(526c6fcf01ce3904ba412add7d363a1c) Importer(815301076,1909f56bfc062723c751e8b465ee728b)  -> (artifact id: 'fead48de9a5ad0923dbdf5374cf468f5') in 0.012814 seconds 
========================================================================
Received Import Request.
  Time since last request: 166.281460 seconds.
  path: Assets/New Terrain 1.asset
  artifactKey: Guid(16a08cc7cc694644e9f5b6753a1060a8) Importer(815301076,1909f56bfc062723c751e8b465ee728b)
Start importing Assets/New Terrain 1.asset using Guid(16a08cc7cc694644e9f5b6753a1060a8) Importer(815301076,1909f56bfc062723c751e8b465ee728b)  -> (artifact id: 'f847fb9e20680ed6dc666abbe50ed4a8') in 0.017399 seconds 
========================================================================
Received Import Request.
  Time since last request: 18.483926 seconds.
  path: Assets/New Terrain 1.asset
  artifactKey: Guid(16a08cc7cc694644e9f5b6753a1060a8) Importer(815301076,1909f56bfc062723c751e8b465ee728b)
Start importing Assets/New Terrain 1.asset using Guid(16a08cc7cc694644e9f5b6753a1060a8) Importer(815301076,1909f56bfc062723c751e8b465ee728b)  -> (artifact id: '0c241b528a28f108820e6849f5b9afd0') in 0.009627 seconds 
========================================================================
Received Prepare
Registering precompiled user dll's ...
Registered in 0.006425 seconds.
Begin MonoManager ReloadAssembly
Symbol file LoadedFromMemory doesn't match image C:\Users\pfran\Documents\GitHub\MULT-150\pfrancia_hour6\Library\PackageCache\com.unity.visualscripting@1.8.0\Editor\VisualScripting.Core\Dependencies\YamlDotNet\Unity.VisualScripting.YamlDotNet.dll
Symbol file LoadedFromMemory doesn't match image C:\Users\pfran\Documents\GitHub\MULT-150\pfrancia_hour6\Library\PackageCache\com.unity.visualscripting@1.8.0\Editor\VisualScripting.Core\Dependencies\DotNetZip\Unity.VisualScripting.IonicZip.dll
Native extension for WindowsStandalone target not found
Refreshing native plugins compatible for Editor in 0.92 ms, found 3 plugins.
Preloading 0 native plugins for Editor in 0.00 ms.
Mono: successfully reloaded assembly
- Completed reload, in  1.413 seconds
Domain Reload Profiling:
	ReloadAssembly (1415ms)
		BeginReloadAssembly (381ms)
			ExecutionOrderSort (0ms)
			DisableScriptedObjects (12ms)
			BackupInstance (0ms)
			ReleaseScriptingObjects (0ms)
			CreateAndSetChildDomain (157ms)
		EndReloadAssembly (912ms)
			LoadAssemblies (166ms)
			RebuildTransferFunctionScriptingTraits (1ms)
			SetupTypeCache (328ms)
			ReleaseScriptCaches (1ms)
			RebuildScriptCaches (51ms)
			SetupLoadedEditorAssemblies (348ms)
				LogAssemblyErrors (0ms)
				InitializePlatformSupportModulesInManaged (8ms)
				SetLoadedEditorAssemblies (2ms)
				RefreshPlugins (1ms)
				BeforeProcessingInitializeOnLoad (86ms)
				ProcessInitializeOnLoadAttributes (216ms)
				ProcessInitializeOnLoadMethodAttributes (23ms)
				AfterProcessingInitializeOnLoad (12ms)
				EditorAssembliesLoaded (0ms)
			ExecutionOrderSort2 (0ms)
			AwakeInstancesAfterBackupRestoration (7ms)
Platform modules already initialized, skipping
Refreshing native plugins compatible for Editor in 2.45 ms, found 3 plugins.
Preloading 0 native plugins for Editor in 0.00 ms.
Unloading 3047 Unused Serialized files (Serialized files now loaded: 0)
Unloading 15 unused Assets / (24.7 KB). Loaded Objects now: 3571.
Memory consumption went from 119.8 MB to 119.7 MB.
Total: 4.439100 ms (FindLiveObjects: 0.373900 ms CreateObjectMapping: 0.152600 ms MarkObjects: 3.836700 ms  DeleteObjects: 0.074100 ms)

AssetImportParameters requested are different than current active one (requested -> active):
  custom:video-decoder-ogg-theora: a1e56fd34408186e4bbccfd4996cb3dc -> 
  custom:container-muxer-webm: aa71ff27fc2769a1b78a27578f13a17b -> 
  custom:container-demuxer-webm: 4f35f7cbe854078d1ac9338744f61a02 -> 
  custom:video-encoder-webm-vp8: eb34c28f22e8b96e1ab97ce403110664 -> 
  custom:audio-encoder-webm-vorbis: bf7c407c2cedff20999df2af8eb42d56 -> 
  custom:framework-win-MediaFoundation: 216162199b28c13a410421893ffa2e32 -> 
  custom:container-demuxer-ogg: 62fdf1f143b41e24485cea50d1cbac27 -> 
  custom:video-decoder-webm-vp8: 9c59270c3fd7afecdb556c50c9e8de78 -> 
  custom:audio-decoder-ogg-vorbis: bf7c407c2cedff20999df2af8eb42d56 -> 
========================================================================
Received Import Request.
  Time since last request: 21.599524 seconds.
  path: Assets/FirstPersonCharacter/FPSController.prefab
  artifactKey: Guid(5e9e851c0e142814dac026a256ba2ac0) Importer(815301076,1909f56bfc062723c751e8b465ee728b)
Start importing Assets/FirstPersonCharacter/FPSController.prefab using Guid(5e9e851c0e142814dac026a256ba2ac0) Importer(815301076,1909f56bfc062723c751e8b465ee728b)  -> (artifact id: 'ec757aeb6780a43c3dd655997f04fbc4') in 0.010585 seconds 
========================================================================
Received Import Request.
  Time since last request: 0.000063 seconds.
  path: Assets/FirstPersonCharacter
  artifactKey: Guid(5691572179f73994eb5f18ed2b1d957e) Importer(815301076,1909f56bfc062723c751e8b465ee728b)
Start importing Assets/FirstPersonCharacter using Guid(5691572179f73994eb5f18ed2b1d957e) Importer(815301076,1909f56bfc062723c751e8b465ee728b)  -> (artifact id: 'ee65d378d64e83f9fd90f2fea9be2e76') in 0.003173 seconds 
========================================================================
Received Prepare
Registering precompiled user dll's ...
Registered in 0.010599 seconds.
Begin MonoManager ReloadAssembly
Symbol file LoadedFromMemory doesn't match image C:\Users\pfran\Documents\GitHub\MULT-150\pfrancia_hour6\Library\PackageCache\com.unity.visualscripting@1.8.0\Editor\VisualScripting.Core\Dependencies\YamlDotNet\Unity.VisualScripting.YamlDotNet.dll
Symbol file LoadedFromMemory doesn't match image C:\Users\pfran\Documents\GitHub\MULT-150\pfrancia_hour6\Library\PackageCache\com.unity.visualscripting@1.8.0\Editor\VisualScripting.Core\Dependencies\DotNetZip\Unity.VisualScripting.IonicZip.dll
Native extension for WindowsStandalone target not found
Refreshing native plugins compatible for Editor in 1.21 ms, found 3 plugins.
Preloading 0 native plugins for Editor in 0.00 ms.
Mono: successfully reloaded assembly
- Completed reload, in  3.963 seconds
Domain Reload Profiling:
	ReloadAssembly (3964ms)
		BeginReloadAssembly (801ms)
			ExecutionOrderSort (0ms)
			DisableScriptedObjects (18ms)
			BackupInstance (0ms)
			ReleaseScriptingObjects (2ms)
			CreateAndSetChildDomain (167ms)
		EndReloadAssembly (2735ms)
			LoadAssemblies (632ms)
			RebuildTransferFunctionScriptingTraits (0ms)
			SetupTypeCache (1242ms)
			ReleaseScriptCaches (9ms)
			RebuildScriptCaches (176ms)
			SetupLoadedEditorAssemblies (835ms)
				LogAssemblyErrors (0ms)
				InitializePlatformSupportModulesInManaged (13ms)
				SetLoadedEditorAssemblies (1ms)
				RefreshPlugins (1ms)
				BeforeProcessingInitializeOnLoad (95ms)
				ProcessInitializeOnLoadAttributes (677ms)
				ProcessInitializeOnLoadMethodAttributes (31ms)
				AfterProcessingInitializeOnLoad (17ms)
				EditorAssembliesLoaded (0ms)
			ExecutionOrderSort2 (0ms)
			AwakeInstancesAfterBackupRestoration (12ms)
Platform modules already initialized, skipping
Refreshing native plugins compatible for Editor in 2.13 ms, found 3 plugins.
Preloading 0 native plugins for Editor in 0.00 ms.
Unloading 3047 Unused Serialized files (Serialized files now loaded: 0)
Unloading 15 unused Assets / (24.7 KB). Loaded Objects now: 3574.
Memory consumption went from 119.8 MB to 119.7 MB.
Total: 3.206800 ms (FindLiveObjects: 0.376800 ms CreateObjectMapping: 0.107300 ms MarkObjects: 2.689200 ms  DeleteObjects: 0.032200 ms)

AssetImportParameters requested are different than current active one (requested -> active):
  custom:video-decoder-ogg-theora: a1e56fd34408186e4bbccfd4996cb3dc -> 
  custom:container-muxer-webm: aa71ff27fc2769a1b78a27578f13a17b -> 
  custom:container-demuxer-webm: 4f35f7cbe854078d1ac9338744f61a02 -> 
  custom:video-encoder-webm-vp8: eb34c28f22e8b96e1ab97ce403110664 -> 
  custom:audio-encoder-webm-vorbis: bf7c407c2cedff20999df2af8eb42d56 -> 
  custom:framework-win-MediaFoundation: 216162199b28c13a410421893ffa2e32 -> 
  custom:container-demuxer-ogg: 62fdf1f143b41e24485cea50d1cbac27 -> 
  custom:video-decoder-webm-vp8: 9c59270c3fd7afecdb556c50c9e8de78 -> 
  custom:audio-decoder-ogg-vorbis: bf7c407c2cedff20999df2af8eb42d56 -> 
========================================================================
Received Import Request.
  Time since last request: 101.553161 seconds.
  path: Assets/FirstPersonCharacter/FPSController.prefab
  artifactKey: Guid(5e9e851c0e142814dac026a256ba2ac0) Importer(815301076,1909f56bfc062723c751e8b465ee728b)
Start importing Assets/FirstPersonCharacter/FPSController.prefab using Guid(5e9e851c0e142814dac026a256ba2ac0) Importer(815301076,1909f56bfc062723c751e8b465ee728b)  -> (artifact id: '629624f06e06cc19ebbdb11a4655f1a7') in 0.051646 seconds 
========================================================================
Received Import Request.
  Time since last request: 115.103943 seconds.
  path: Assets/FirstPersonCharacter/Scripts
  artifactKey: Guid(96d8368b3f5614243bdeacfae89736bb) Importer(815301076,1909f56bfc062723c751e8b465ee728b)
Start importing Assets/FirstPersonCharacter/Scripts using Guid(96d8368b3f5614243bdeacfae89736bb) Importer(815301076,1909f56bfc062723c751e8b465ee728b)  -> (artifact id: '2e3df37fdb60e98ac6d938004488593b') in 0.003325 seconds 
========================================================================
Received Import Request.
  Time since last request: 2.598583 seconds.
  path: Assets/FirstPersonCharacter/Audio
  artifactKey: Guid(61c5ec709844e38489ca1594e2c05ecf) Importer(815301076,1909f56bfc062723c751e8b465ee728b)
Start importing Assets/FirstPersonCharacter/Audio using Guid(61c5ec709844e38489ca1594e2c05ecf) Importer(815301076,1909f56bfc062723c751e8b465ee728b)  -> (artifact id: 'c2a3e7c7946f8d846bfcc99044182d9e') in 0.011940 seconds 
========================================================================
Received Import Request.
  Time since last request: 0.064827 seconds.
  path: Assets/FirstPersonCharacter/Audio/Footstep01.wav
  artifactKey: Guid(42e65e088b3f4374e851b8dbd38f3df9) Importer(815301076,1909f56bfc062723c751e8b465ee728b)
Start importing Assets/FirstPersonCharacter/Audio/Footstep01.wav using Guid(42e65e088b3f4374e851b8dbd38f3df9) Importer(815301076,1909f56bfc062723c751e8b465ee728b)  -> (artifact id: '7254baacff8bc8268c6af5f9e3ef8261') in 0.130993 seconds 
========================================================================
Received Import Request.
  Time since last request: 0.000035 seconds.
  path: Assets/FirstPersonCharacter/Audio/Footstep02.wav
  artifactKey: Guid(8bc94ec6ed537e743b481638bdcd503d) Importer(815301076,1909f56bfc062723c751e8b465ee728b)
Start importing Assets/FirstPersonCharacter/Audio/Footstep02.wav using Guid(8bc94ec6ed537e743b481638bdcd503d) Importer(815301076,1909f56bfc062723c751e8b465ee728b)  -> (artifact id: '4393b0f570d68bb5e9d0e70545a0d9de') in 0.017850 seconds 
========================================================================
Received Import Request.
  Time since last request: 0.000059 seconds.
  path: Assets/FirstPersonCharacter/Audio/Land.wav
  artifactKey: Guid(3b09d59f4499d45428baa7a21e954296) Importer(815301076,1909f56bfc062723c751e8b465ee728b)
Start importing Assets/FirstPersonCharacter/Audio/Land.wav using Guid(3b09d59f4499d45428baa7a21e954296) Importer(815301076,1909f56bfc062723c751e8b465ee728b)  -> (artifact id: 'f1bfdd177e2395bc455889a07e5515b5') in 0.021534 seconds 
========================================================================
Received Import Request.
  Time since last request: 0.000046 seconds.
  path: Assets/FirstPersonCharacter/Audio/Jump.wav
  artifactKey: Guid(5897aeed9b676024fbb8c694b421a861) Importer(815301076,1909f56bfc062723c751e8b465ee728b)
Start importing Assets/FirstPersonCharacter/Audio/Jump.wav using Guid(5897aeed9b676024fbb8c694b421a861) Importer(815301076,1909f56bfc062723c751e8b465ee728b)  -> (artifact id: 'bbb71fb358429c47e754bdc4a224181c') in 0.027485 seconds 
========================================================================
Received Import Request.
  Time since last request: 149.269249 seconds.
  path: Assets/Shaders/TerrainTex(Delete)
  artifactKey: Guid(689c64507506ccf4ab815769874d9f66) Importer(815301076,1909f56bfc062723c751e8b465ee728b)
Start importing Assets/Shaders/TerrainTex(Delete) using Guid(689c64507506ccf4ab815769874d9f66) Importer(815301076,1909f56bfc062723c751e8b465ee728b)  -> (artifact id: 'e691e806b84947c5cfe4052bd6ff0312') in 0.004666 seconds 
========================================================================
Received Import Request.
  Time since last request: 0.081312 seconds.
  path: Assets/Shaders/TerrainTex(Delete)/LavaRiver.fbx
  artifactKey: Guid(5c93d6c98d522f14c9f6da627b9ed297) Importer(815301076,1909f56bfc062723c751e8b465ee728b)
Start importing Assets/Shaders/TerrainTex(Delete)/LavaRiver.fbx using Guid(5c93d6c98d522f14c9f6da627b9ed297) Importer(815301076,1909f56bfc062723c751e8b465ee728b)  -> (artifact id: 'c50e3ac3494a192a696d0109eab48b2b') in 0.407896 seconds 
========================================================================
Received Import Request.
  Time since last request: 0.000070 seconds.
  path: Assets/Shaders/TerrainTex(Delete)/RockN.png
  artifactKey: Guid(38ee83bd4c63daf46973a1273f2843aa) Importer(815301076,1909f56bfc062723c751e8b465ee728b)
Start importing Assets/Shaders/TerrainTex(Delete)/RockN.png using Guid(38ee83bd4c63daf46973a1273f2843aa) Importer(815301076,1909f56bfc062723c751e8b465ee728b)  -> (artifact id: '0747cc50813a6e9b4aeffc5f337632de') in 0.035633 seconds 
========================================================================
Received Import Request.
  Time since last request: 0.000061 seconds.
  path: Assets/Shaders/TerrainTex(Delete)/Rock.png
  artifactKey: Guid(4977331c6e6ab9044881ce90e2ed1208) Importer(815301076,1909f56bfc062723c751e8b465ee728b)
Start importing Assets/Shaders/TerrainTex(Delete)/Rock.png using Guid(4977331c6e6ab9044881ce90e2ed1208) Importer(815301076,1909f56bfc062723c751e8b465ee728b)  -> (artifact id: '1fe21fe012a5ea34df0fa345684f275b') in 0.017787 seconds 
========================================================================
Received Import Request.
  Time since last request: 0.000060 seconds.
  path: Assets/Shaders/TerrainTex(Delete)/Rock.fbx
  artifactKey: Guid(c475b5341b97ac042acd4a0b039fa40e) Importer(815301076,1909f56bfc062723c751e8b465ee728b)
Start importing Assets/Shaders/TerrainTex(Delete)/Rock.fbx using Guid(c475b5341b97ac042acd4a0b039fa40e) Importer(815301076,1909f56bfc062723c751e8b465ee728b)  -> (artifact id: 'ba828c1f322d3ea33f2ef98239074cb8') in 0.057363 seconds 
========================================================================
Received Import Request.
  Time since last request: 0.000037 seconds.
  path: Assets/Shaders/TerrainTex(Delete)/Volcano.asset
  artifactKey: Guid(b51bbcf9ff16c16498f809d22e835913) Importer(815301076,1909f56bfc062723c751e8b465ee728b)
Start importing Assets/Shaders/TerrainTex(Delete)/Volcano.asset using Guid(b51bbcf9ff16c16498f809d22e835913) Importer(815301076,1909f56bfc062723c751e8b465ee728b)  -> (artifact id: 'eb9d73cec0f6118e4874c0c59a12b827') in 0.023842 seconds 
========================================================================
Received Import Request.
  Time since last request: 2.114645 seconds.
  path: Assets/Shaders/TerrainTex(Delete)/Materials
  artifactKey: Guid(d83a0c6e4c7f74b4f94bf59380d8830b) Importer(815301076,1909f56bfc062723c751e8b465ee728b)
Start importing Assets/Shaders/TerrainTex(Delete)/Materials using Guid(d83a0c6e4c7f74b4f94bf59380d8830b) Importer(815301076,1909f56bfc062723c751e8b465ee728b)  -> (artifact id: '5e8bae5063238da0f390510bf07897c6') in 0.029038 seconds 
========================================================================
Received Import Request.
  Time since last request: 0.037749 seconds.
  path: Assets/Shaders/TerrainTex(Delete)/Materials/360_F_477109553_vGKiaY0mx1pO0S6tOzJQQPAUo3O91CF2.mat
  artifactKey: Guid(63423664a96f0824caaf2e03dc77a0bf) Importer(815301076,1909f56bfc062723c751e8b465ee728b)
Start importing Assets/Shaders/TerrainTex(Delete)/Materials/360_F_477109553_vGKiaY0mx1pO0S6tOzJQQPAUo3O91CF2.mat using Guid(63423664a96f0824caaf2e03dc77a0bf) Importer(815301076,1909f56bfc062723c751e8b465ee728b)  -> (artifact id: 'c8d2205fad9fa8eb705a8f5869625ee7') in 0.053351 seconds 
========================================================================
Received Import Request.
  Time since last request: 0.000026 seconds.
  path: Assets/Shaders/TerrainTex(Delete)/Materials/Rock.terrainlayer
  artifactKey: Guid(0c4b869431e7f714e901cbabc7d46378) Importer(815301076,1909f56bfc062723c751e8b465ee728b)
Start importing Assets/Shaders/TerrainTex(Delete)/Materials/Rock.terrainlayer using Guid(0c4b869431e7f714e901cbabc7d46378) Importer(815301076,1909f56bfc062723c751e8b465ee728b)  -> (artifact id: 'fe766952a3ba50293709d13271ecc046') in 0.022575 seconds 
========================================================================
Received Import Request.
  Time since last request: 0.000056 seconds.
  path: Assets/Shaders/TerrainTex(Delete)/Materials/Skybox.mat
  artifactKey: Guid(40ac17c208788914bab093fb00c04bfc) Importer(815301076,1909f56bfc062723c751e8b465ee728b)
Start importing Assets/Shaders/TerrainTex(Delete)/Materials/Skybox.mat using Guid(40ac17c208788914bab093fb00c04bfc) Importer(815301076,1909f56bfc062723c751e8b465ee728b)  -> (artifact id: '803c29cc5d4a7a9d54a6c0c322540ae1') in 0.017218 seconds 
========================================================================
Received Import Request.
  Time since last request: 2.707014 seconds.
  path: Assets/Shaders/Magma/Magma.mat
  artifactKey: Guid(e55df3643bbe5d9409ace657f86f225b) Importer(815301076,1909f56bfc062723c751e8b465ee728b)
Start importing Assets/Shaders/Magma/Magma.mat using Guid(e55df3643bbe5d9409ace657f86f225b) Importer(815301076,1909f56bfc062723c751e8b465ee728b)  -> (artifact id: 'fc5f78c1a887ec27d4e107ae6524f2f1') in 0.018556 seconds 
========================================================================
Received Import Request.
  Time since last request: 0.000028 seconds.
  path: Assets/Shaders/Magma/MagmaEmision.png
  artifactKey: Guid(69f6a64506a29eb4b84b62e0503187ad) Importer(815301076,1909f56bfc062723c751e8b465ee728b)
Start importing Assets/Shaders/Magma/MagmaEmision.png using Guid(69f6a64506a29eb4b84b62e0503187ad) Importer(815301076,1909f56bfc062723c751e8b465ee728b)  -> (artifact id: '54f9852f99e1bddce040d3c375e37a20') in 0.014645 seconds 
========================================================================
Received Import Request.
  Time since last request: 0.000053 seconds.
  path: Assets/Shaders/Magma/Rock.prefab
  artifactKey: Guid(4e63dfed9b9057c4cb3e9fada2225efa) Importer(815301076,1909f56bfc062723c751e8b465ee728b)
Start importing Assets/Shaders/Magma/Rock.prefab using Guid(4e63dfed9b9057c4cb3e9fada2225efa) Importer(815301076,1909f56bfc062723c751e8b465ee728b)  -> (artifact id: '281485059d9e1deca65d2a6460c05262') in 0.018707 seconds 
========================================================================
Received Import Request.
  Time since last request: 0.000051 seconds.
  path: Assets/Shaders/Magma/MagmaNormal.png
  artifactKey: Guid(7e9632878e287e24799a9afcb174c063) Importer(815301076,1909f56bfc062723c751e8b465ee728b)
Start importing Assets/Shaders/Magma/MagmaNormal.png using Guid(7e9632878e287e24799a9afcb174c063) Importer(815301076,1909f56bfc062723c751e8b465ee728b)  -> (artifact id: '8faa261fd6dca6a0ec1f61fd2c91cba2') in 0.013947 seconds 
========================================================================
Received Import Request.
  Time since last request: 0.000028 seconds.
  path: Assets/Shaders/Magma/Magma.png
  artifactKey: Guid(f4e37c10131f1494888bc3ddcb7b87f7) Importer(815301076,1909f56bfc062723c751e8b465ee728b)
Start importing Assets/Shaders/Magma/Magma.png using Guid(f4e37c10131f1494888bc3ddcb7b87f7) Importer(815301076,1909f56bfc062723c751e8b465ee728b)  -> (artifact id: 'd46685905dc95e4b052807dfeec73d8b') in 0.013382 seconds 
========================================================================
Received Import Request.
  Time since last request: 28.082585 seconds.
  path: Assets/Shaders/Lava/Lava.mat
  artifactKey: Guid(842136f4129c2c54badde4451476f4fa) Importer(815301076,1909f56bfc062723c751e8b465ee728b)
Start importing Assets/Shaders/Lava/Lava.mat using Guid(842136f4129c2c54badde4451476f4fa) Importer(815301076,1909f56bfc062723c751e8b465ee728b)  -> (artifact id: '87e2978bf71f2dcd94fa17234937308b') in 0.016944 seconds 
========================================================================
Received Import Request.
  Time since last request: 0.000028 seconds.
  path: Assets/Shaders/Lava/LavaNormal.png
  artifactKey: Guid(916c270d6f104254faad8bd94c227304) Importer(815301076,1909f56bfc062723c751e8b465ee728b)
Start importing Assets/Shaders/Lava/LavaNormal.png using Guid(916c270d6f104254faad8bd94c227304) Importer(815301076,1909f56bfc062723c751e8b465ee728b)  -> (artifact id: 'f6d8ace192b849bef49086ae6c09eb4e') in 0.011855 seconds 
========================================================================
Received Import Request.
  Time since last request: 0.000038 seconds.
  path: Assets/Shaders/Lava/Lavafall.mat
  artifactKey: Guid(24973927b86f3c347a5bf34f669f4f0a) Importer(815301076,1909f56bfc062723c751e8b465ee728b)
Start importing Assets/Shaders/Lava/Lavafall.mat using Guid(24973927b86f3c347a5bf34f669f4f0a) Importer(815301076,1909f56bfc062723c751e8b465ee728b)  -> (artifact id: '6e2f85702bfa0901f8b4b7e331d2bcb7') in 0.019600 seconds 
========================================================================
Received Import Request.
  Time since last request: 0.000036 seconds.
  path: Assets/Shaders/Lava/LavaRiver.prefab
  artifactKey: Guid(4c84835cacc985b4db6fdbabe3fa68e1) Importer(815301076,1909f56bfc062723c751e8b465ee728b)
Start importing Assets/Shaders/Lava/LavaRiver.prefab using Guid(4c84835cacc985b4db6fdbabe3fa68e1) Importer(815301076,1909f56bfc062723c751e8b465ee728b)  -> (artifact id: '8575c10b2e08c4cb41102a5f1d2dcd86') in 0.023413 seconds 
========================================================================
Received Import Request.
  Time since last request: 0.000024 seconds.
  path: Assets/Shaders/Lava/Lava.png
  artifactKey: Guid(c9cddf36de4a01542866d59e7b126154) Importer(815301076,1909f56bfc062723c751e8b465ee728b)
Start importing Assets/Shaders/Lava/Lava.png using Guid(c9cddf36de4a01542866d59e7b126154) Importer(815301076,1909f56bfc062723c751e8b465ee728b)  -> (artifact id: 'a454b3df70ff00a56c92177ef82ba5af') in 0.011465 seconds 
========================================================================
Received Import Request.
  Time since last request: 53.541037 seconds.
  path: Assets/Shaders/Lava/Materials
  artifactKey: Guid(fa09be4778850b044b4ee96a9d92efe3) Importer(815301076,1909f56bfc062723c751e8b465ee728b)
Start importing Assets/Shaders/Lava/Materials using Guid(fa09be4778850b044b4ee96a9d92efe3) Importer(815301076,1909f56bfc062723c751e8b465ee728b)  -> (artifact id: 'c74c7a1e31cf2c4a5e0408d33a41c57b') in 0.004465 seconds 
========================================================================
Received Import Request.
  Time since last request: 0.067425 seconds.
  path: Assets/Shaders/Lava/Materials/Lava.mat
  artifactKey: Guid(a026b893e7fdb9647b632538c1e071f1) Importer(815301076,1909f56bfc062723c751e8b465ee728b)
Start importing Assets/Shaders/Lava/Materials/Lava.mat using Guid(a026b893e7fdb9647b632538c1e071f1) Importer(815301076,1909f56bfc062723c751e8b465ee728b)  -> (artifact id: 'bce52e5849bc11d512e5fba0c84c9533') in 0.027141 seconds 
========================================================================
Received Import Request.
  Time since last request: 15.543479 seconds.
  path: Assets/Shaders/Fire/Fire.prefab
  artifactKey: Guid(6f7c125f650547742b26034e4069a503) Importer(815301076,1909f56bfc062723c751e8b465ee728b)
Start importing Assets/Shaders/Fire/Fire.prefab using Guid(6f7c125f650547742b26034e4069a503) Importer(815301076,1909f56bfc062723c751e8b465ee728b)  -> (artifact id: 'ce2594a9d129559420a190da3bf66b8a') in 0.016626 seconds 
========================================================================
Received Import Request.
  Time since last request: 0.000035 seconds.
  path: Assets/Shaders/Fire/Flame.png
  artifactKey: Guid(beee1ee0e6ddd184dacd78fa5a5d8656) Importer(815301076,1909f56bfc062723c751e8b465ee728b)
Start importing Assets/Shaders/Fire/Flame.png using Guid(beee1ee0e6ddd184dacd78fa5a5d8656) Importer(815301076,1909f56bfc062723c751e8b465ee728b)  -> (artifact id: 'c1261e6b085fac144a0b1b38d335e03d') in 0.040515 seconds 
========================================================================
Received Import Request.
  Time since last request: 0.000028 seconds.
  path: Assets/Shaders/Fire/FireParticle.prefab
  artifactKey: Guid(8cbd628731af9a24f96993b67f72d004) Importer(815301076,1909f56bfc062723c751e8b465ee728b)
Start importing Assets/Shaders/Fire/FireParticle.prefab using Guid(8cbd628731af9a24f96993b67f72d004) Importer(815301076,1909f56bfc062723c751e8b465ee728b)  -> (artifact id: '055fed092a643f0ac2e9c4fd607c5447') in 0.026445 seconds 
========================================================================
Received Import Request.
  Time since last request: 0.000039 seconds.
  path: Assets/Shaders/Fire/Flame.mat
  artifactKey: Guid(c1ef508c8905b154c9e66f17116a6c25) Importer(815301076,1909f56bfc062723c751e8b465ee728b)
Start importing Assets/Shaders/Fire/Flame.mat using Guid(c1ef508c8905b154c9e66f17116a6c25) Importer(815301076,1909f56bfc062723c751e8b465ee728b)  -> (artifact id: 'cd93a1a126d966d136df4720401cceca') in 0.012764 seconds 
========================================================================
Received Prepare
Registering precompiled user dll's ...
Registered in 0.007411 seconds.
Begin MonoManager ReloadAssembly
Symbol file LoadedFromMemory doesn't match image C:\Users\pfran\Documents\GitHub\MULT-150\pfrancia_hour6\Library\PackageCache\com.unity.visualscripting@1.8.0\Editor\VisualScripting.Core\Dependencies\YamlDotNet\Unity.VisualScripting.YamlDotNet.dll
Symbol file LoadedFromMemory doesn't match image C:\Users\pfran\Documents\GitHub\MULT-150\pfrancia_hour6\Library\PackageCache\com.unity.visualscripting@1.8.0\Editor\VisualScripting.Core\Dependencies\DotNetZip\Unity.VisualScripting.IonicZip.dll
Native extension for WindowsStandalone target not found
Refreshing native plugins compatible for Editor in 3.07 ms, found 3 plugins.
Preloading 0 native plugins for Editor in 0.00 ms.
Mono: successfully reloaded assembly
- Completed reload, in  2.834 seconds
Domain Reload Profiling:
	ReloadAssembly (2837ms)
		BeginReloadAssembly (511ms)
			ExecutionOrderSort (0ms)
			DisableScriptedObjects (11ms)
			BackupInstance (0ms)
			ReleaseScriptingObjects (0ms)
			CreateAndSetChildDomain (113ms)
		EndReloadAssembly (2004ms)
			LoadAssemblies (399ms)
			RebuildTransferFunctionScriptingTraits (0ms)
			SetupTypeCache (769ms)
			ReleaseScriptCaches (5ms)
			RebuildScriptCaches (168ms)
			SetupLoadedEditorAssemblies (694ms)
				LogAssemblyErrors (0ms)
				InitializePlatformSupportModulesInManaged (20ms)
				SetLoadedEditorAssemblies (1ms)
				RefreshPlugins (4ms)
				BeforeProcessingInitializeOnLoad (147ms)
				ProcessInitializeOnLoadAttributes (459ms)
				ProcessInitializeOnLoadMethodAttributes (41ms)
				AfterProcessingInitializeOnLoad (21ms)
				EditorAssembliesLoaded (0ms)
			ExecutionOrderSort2 (0ms)
			AwakeInstancesAfterBackupRestoration (13ms)
Platform modules already initialized, skipping
Refreshing native plugins compatible for Editor in 5.48 ms, found 3 plugins.
Preloading 0 native plugins for Editor in 0.00 ms.
Unloading 3047 Unused Serialized files (Serialized files now loaded: 0)
Unloading 15 unused Assets / (24.6 KB). Loaded Objects now: 3632.
Memory consumption went from 124.8 MB to 124.8 MB.
Total: 8.357400 ms (FindLiveObjects: 1.427800 ms CreateObjectMapping: 0.471800 ms MarkObjects: 6.298800 ms  DeleteObjects: 0.156600 ms)

AssetImportParameters requested are different than current active one (requested -> active):
  custom:video-decoder-ogg-theora: a1e56fd34408186e4bbccfd4996cb3dc -> 
  custom:container-muxer-webm: aa71ff27fc2769a1b78a27578f13a17b -> 
  custom:container-demuxer-webm: 4f35f7cbe854078d1ac9338744f61a02 -> 
  custom:video-encoder-webm-vp8: eb34c28f22e8b96e1ab97ce403110664 -> 
  custom:audio-encoder-webm-vorbis: bf7c407c2cedff20999df2af8eb42d56 -> 
  custom:framework-win-MediaFoundation: 216162199b28c13a410421893ffa2e32 -> 
  custom:container-demuxer-ogg: 62fdf1f143b41e24485cea50d1cbac27 -> 
  custom:video-decoder-webm-vp8: 9c59270c3fd7afecdb556c50c9e8de78 -> 
  custom:audio-decoder-ogg-vorbis: bf7c407c2cedff20999df2af8eb42d56 -> 
========================================================================
Received Prepare
Registering precompiled user dll's ...
Registered in 0.007431 seconds.
Begin MonoManager ReloadAssembly
Symbol file LoadedFromMemory doesn't match image C:\Users\pfran\Documents\GitHub\MULT-150\pfrancia_hour6\Library\PackageCache\com.unity.visualscripting@1.8.0\Editor\VisualScripting.Core\Dependencies\YamlDotNet\Unity.VisualScripting.YamlDotNet.dll
Symbol file LoadedFromMemory doesn't match image C:\Users\pfran\Documents\GitHub\MULT-150\pfrancia_hour6\Library\PackageCache\com.unity.visualscripting@1.8.0\Editor\VisualScripting.Core\Dependencies\DotNetZip\Unity.VisualScripting.IonicZip.dll
Native extension for WindowsStandalone target not found
Refreshing native plugins compatible for Editor in 1.25 ms, found 3 plugins.
Preloading 0 native plugins for Editor in 0.00 ms.
Mono: successfully reloaded assembly
- Completed reload, in  2.816 seconds
Domain Reload Profiling:
	ReloadAssembly (2818ms)
		BeginReloadAssembly (809ms)
			ExecutionOrderSort (0ms)
			DisableScriptedObjects (18ms)
			BackupInstance (0ms)
			ReleaseScriptingObjects (0ms)
			CreateAndSetChildDomain (249ms)
		EndReloadAssembly (1767ms)
			LoadAssemblies (498ms)
			RebuildTransferFunctionScriptingTraits (0ms)
			SetupTypeCache (736ms)
			ReleaseScriptCaches (4ms)
			RebuildScriptCaches (93ms)
			SetupLoadedEditorAssemblies (663ms)
				LogAssemblyErrors (0ms)
				InitializePlatformSupportModulesInManaged (14ms)
				SetLoadedEditorAssemblies (1ms)
				RefreshPlugins (1ms)
				BeforeProcessingInitializeOnLoad (131ms)
				ProcessInitializeOnLoadAttributes (453ms)
				ProcessInitializeOnLoadMethodAttributes (39ms)
				AfterProcessingInitializeOnLoad (23ms)
				EditorAssembliesLoaded (1ms)
			ExecutionOrderSort2 (0ms)
			AwakeInstancesAfterBackupRestoration (13ms)
Platform modules already initialized, skipping
Refreshing native plugins compatible for Editor in 5.29 ms, found 3 plugins.
Preloading 0 native plugins for Editor in 0.00 ms.
Unloading 3047 Unused Serialized files (Serialized files now loaded: 0)
Unloading 15 unused Assets / (24.7 KB). Loaded Objects now: 3635.
Memory consumption went from 124.8 MB to 124.8 MB.
Total: 6.611500 ms (FindLiveObjects: 0.832300 ms CreateObjectMapping: 0.158900 ms MarkObjects: 5.448900 ms  DeleteObjects: 0.167700 ms)

AssetImportParameters requested are different than current active one (requested -> active):
  custom:video-decoder-ogg-theora: a1e56fd34408186e4bbccfd4996cb3dc -> 
  custom:container-muxer-webm: aa71ff27fc2769a1b78a27578f13a17b -> 
  custom:container-demuxer-webm: 4f35f7cbe854078d1ac9338744f61a02 -> 
  custom:video-encoder-webm-vp8: eb34c28f22e8b96e1ab97ce403110664 -> 
  custom:audio-encoder-webm-vorbis: bf7c407c2cedff20999df2af8eb42d56 -> 
  custom:framework-win-MediaFoundation: 216162199b28c13a410421893ffa2e32 -> 
  custom:container-demuxer-ogg: 62fdf1f143b41e24485cea50d1cbac27 -> 
  custom:video-decoder-webm-vp8: 9c59270c3fd7afecdb556c50c9e8de78 -> 
  custom:audio-decoder-ogg-vorbis: bf7c407c2cedff20999df2af8eb42d56 -> 
========================================================================
Received Import Request.
  Time since last request: 784.898462 seconds.
  path: Assets/Shaders/Scenes/Demo
  artifactKey: Guid(daa087f77bf21e748931acf5e37ce8e9) Importer(815301076,1909f56bfc062723c751e8b465ee728b)
Start importing Assets/Shaders/Scenes/Demo using Guid(daa087f77bf21e748931acf5e37ce8e9) Importer(815301076,1909f56bfc062723c751e8b465ee728b)  -> (artifact id: 'bdef5b0455cc9385dd8a8fa6adabbb23') in 0.015968 seconds 
========================================================================
Received Import Request.
  Time since last request: 0.064783 seconds.
  path: Assets/Shaders/Scenes/Demo/LightingData.asset
  artifactKey: Guid(a37bb356f69bff140b566b6d74077693) Importer(815301076,1909f56bfc062723c751e8b465ee728b)
Start importing Assets/Shaders/Scenes/Demo/LightingData.asset using Guid(a37bb356f69bff140b566b6d74077693) Importer(815301076,1909f56bfc062723c751e8b465ee728b)  -> (artifact id: '3ad3b19252cae024dca1d1c6d101b1f8') in 0.021104 seconds 
========================================================================
Received Import Request.
  Time since last request: 0.000073 seconds.
  path: Assets/Shaders/Scenes/Demo/Lightmap-0_comp_dir.png
  artifactKey: Guid(06865b2483c7bb8479882c180ebb1126) Importer(815301076,1909f56bfc062723c751e8b465ee728b)
Start importing Assets/Shaders/Scenes/Demo/Lightmap-0_comp_dir.png using Guid(06865b2483c7bb8479882c180ebb1126) Importer(815301076,1909f56bfc062723c751e8b465ee728b)  -> (artifact id: '1cd12b1603707320bbf07b4c4d007dbc') in 0.050145 seconds 
========================================================================
Received Import Request.
  Time since last request: 0.000048 seconds.
  path: Assets/Shaders/Scenes/Demo/Lightmap-0_comp_light.exr
  artifactKey: Guid(bccfe1d49f2e9964a8c0d0a8f850406d) Importer(815301076,1909f56bfc062723c751e8b465ee728b)
Start importing Assets/Shaders/Scenes/Demo/Lightmap-0_comp_light.exr using Guid(bccfe1d49f2e9964a8c0d0a8f850406d) Importer(815301076,1909f56bfc062723c751e8b465ee728b)  -> (artifact id: '7f4973acd1d463469aea7e38dbcef367') in 0.041416 seconds 
========================================================================
Received Import Request.
  Time since last request: 0.000022 seconds.
  path: Assets/Shaders/Scenes/Demo/ReflectionProbe-0.exr
  artifactKey: Guid(cd15d885e8c6a6646abd9167980a3372) Importer(815301076,1909f56bfc062723c751e8b465ee728b)
Start importing Assets/Shaders/Scenes/Demo/ReflectionProbe-0.exr using Guid(cd15d885e8c6a6646abd9167980a3372) Importer(815301076,1909f56bfc062723c751e8b465ee728b)  -> (artifact id: '7e106fe118eb25465949cc9fe0a282dc') in 0.049324 seconds 
========================================================================
Received Import Request.
  Time since last request: 6.072706 seconds.
  path: Assets/Shaders/Magma/Materials
  artifactKey: Guid(5553718a5c55ca6488110ad56f4a6205) Importer(815301076,1909f56bfc062723c751e8b465ee728b)
Start importing Assets/Shaders/Magma/Materials using Guid(5553718a5c55ca6488110ad56f4a6205) Importer(815301076,1909f56bfc062723c751e8b465ee728b)  -> (artifact id: '21bfd8091dbe04214eb0fc0e5d406369') in 0.002556 seconds 
========================================================================
Received Import Request.
  Time since last request: 0.066765 seconds.
  path: Assets/Shaders/Magma/Materials/Magma.mat
  artifactKey: Guid(c5958b75223d46a448af107f3c4203de) Importer(815301076,1909f56bfc062723c751e8b465ee728b)
Start importing Assets/Shaders/Magma/Materials/Magma.mat using Guid(c5958b75223d46a448af107f3c4203de) Importer(815301076,1909f56bfc062723c751e8b465ee728b)  -> (artifact id: '27092bd25e8d8492f29c3f42768b1635') in 0.044640 seconds 
========================================================================
Received Import Request.
  Time since last request: 12.810042 seconds.
  path: Assets/Shaders/Magma
  artifactKey: Guid(3b2697db7a8eac04991d37b21712f8df) Importer(815301076,1909f56bfc062723c751e8b465ee728b)
Start importing Assets/Shaders/Magma using Guid(3b2697db7a8eac04991d37b21712f8df) Importer(815301076,1909f56bfc062723c751e8b465ee728b)  -> (artifact id: '6c28e889c5756024a0ffe6e6205cfbeb') in 0.004557 seconds 
========================================================================
Received Import Request.
  Time since last request: 38.578898 seconds.
  path: Packages/com.unity.ugui
  artifactKey: Guid(8f7652e09069a1943278893d4264401e) Importer(815301076,1909f56bfc062723c751e8b465ee728b)
Start importing Packages/com.unity.ugui using Guid(8f7652e09069a1943278893d4264401e) Importer(815301076,1909f56bfc062723c751e8b465ee728b)  -> (artifact id: 'b90b7ea2c5e18fe74b2f7cbcc23cfd5d') in 0.006609 seconds 
========================================================================
Received Import Request.
  Time since last request: 0.041594 seconds.
  path: Packages/com.unity.ugui/package.json
  artifactKey: Guid(319b8889f363f5947acf209c17a94149) Importer(815301076,1909f56bfc062723c751e8b465ee728b)
Start importing Packages/com.unity.ugui/package.json using Guid(319b8889f363f5947acf209c17a94149) Importer(815301076,1909f56bfc062723c751e8b465ee728b)  -> (artifact id: '1002360e272cf591a214daa5cb5c75f8') in 0.008009 seconds 
========================================================================
Received Import Request.
  Time since last request: 26.422670 seconds.
  path: Assets/Scenes/New Scene.unity
  artifactKey: Guid(a3887d6b01cf1c841b17ca31523df23e) Importer(815301076,1909f56bfc062723c751e8b465ee728b)
Start importing Assets/Scenes/New Scene.unity using Guid(a3887d6b01cf1c841b17ca31523df23e) Importer(815301076,1909f56bfc062723c751e8b465ee728b)  -> (artifact id: 'eb1e97f8629dd63e94e47299960307ce') in 0.004261 seconds 
========================================================================
Received Import Request.
  Time since last request: 4.921116 seconds.
  path: Assets/Scenes/pfrancia_MyAR.unity
  artifactKey: Guid(a3887d6b01cf1c841b17ca31523df23e) Importer(815301076,1909f56bfc062723c751e8b465ee728b)
Start importing Assets/Scenes/pfrancia_MyAR.unity using Guid(a3887d6b01cf1c841b17ca31523df23e) Importer(815301076,1909f56bfc062723c751e8b465ee728b)  -> (artifact id: 'c486b89aac06684f555c2a27c90130c5') in 0.002689 seconds 
========================================================================
Received Import Request.
  Time since last request: 574.683188 seconds.
  path: Assets/New Terrain 2.asset
  artifactKey: Guid(e56f6bd80b1c9694e8189c6a821016db) Importer(815301076,1909f56bfc062723c751e8b465ee728b)
Start importing Assets/New Terrain 2.asset using Guid(e56f6bd80b1c9694e8189c6a821016db) Importer(815301076,1909f56bfc062723c751e8b465ee728b)  -> (artifact id: 'f6fc2f69a8c756597ca294919e3d726e') in 0.043770 seconds 
========================================================================
Received Import Request.
  Time since last request: 18.129929 seconds.
  path: Assets/Hour 3 Files/Hour 3 Files/Brick_Normal.png
  artifactKey: Guid(3168b6cc88eb92c4aa68e009dff1b04e) Importer(815301076,1909f56bfc062723c751e8b465ee728b)
Start importing Assets/Hour 3 Files/Hour 3 Files/Brick_Normal.png using Guid(3168b6cc88eb92c4aa68e009dff1b04e) Importer(815301076,1909f56bfc062723c751e8b465ee728b)  -> (artifact id: 'dd94d78e3522b1c430905e42158c405e') in 0.049412 seconds 
========================================================================
Received Import Request.
  Time since last request: 0.000040 seconds.
  path: Assets/Hour 3 Files/Hour 3 Files/Brick_Texture.png
  artifactKey: Guid(60077b6d9f5b2534196ea8bfd9736b89) Importer(815301076,1909f56bfc062723c751e8b465ee728b)
Start importing Assets/Hour 3 Files/Hour 3 Files/Brick_Texture.png using Guid(60077b6d9f5b2534196ea8bfd9736b89) Importer(815301076,1909f56bfc062723c751e8b465ee728b)  -> (artifact id: '6b4e4125f0b5e5674545b727074ae12c') in 0.013696 seconds 
========================================================================
Received Import Request.
  Time since last request: 18.057123 seconds.
  path: Assets/Hour 3 Files/Hour 3 Files
  artifactKey: Guid(e06a200b4babfbb4f8f640b8c8a2c1f4) Importer(815301076,1909f56bfc062723c751e8b465ee728b)
Start importing Assets/Hour 3 Files/Hour 3 Files using Guid(e06a200b4babfbb4f8f640b8c8a2c1f4) Importer(815301076,1909f56bfc062723c751e8b465ee728b)  -> (artifact id: '678160f538cd4defa5b62375680c12fc') in 0.026684 seconds 
========================================================================
Received Import Request.
  Time since last request: 0.057315 seconds.
  path: Assets/Hour 3 Files/Hour 3 Files/Torus.fbx
  artifactKey: Guid(c403ecd963cd41843b464c7cb5599256) Importer(815301076,1909f56bfc062723c751e8b465ee728b)
Start importing Assets/Hour 3 Files/Hour 3 Files/Torus.fbx using Guid(c403ecd963cd41843b464c7cb5599256) Importer(815301076,1909f56bfc062723c751e8b465ee728b)  -> (artifact id: 'd5b970a74669a5a018983bd3f638f254') in 0.055837 seconds 
========================================================================
Received Import Request.
  Time since last request: 69.393262 seconds.
  path: Assets/Hour 4 Files
  artifactKey: Guid(09d47b2e28c4b2344b04a8934d6546a7) Importer(815301076,1909f56bfc062723c751e8b465ee728b)
Start importing Assets/Hour 4 Files using Guid(09d47b2e28c4b2344b04a8934d6546a7) Importer(815301076,1909f56bfc062723c751e8b465ee728b)  -> (artifact id: 'f602832e04d956683e0602f4dd91c6ae') in 0.023162 seconds 
========================================================================
Received Import Request.
  Time since last request: 0.834106 seconds.
  path: Assets/Hour 4 Files/Hour 4 Files
  artifactKey: Guid(dc8e99d7f9f2d494aa35d65dcf0c701a) Importer(815301076,1909f56bfc062723c751e8b465ee728b)
Start importing Assets/Hour 4 Files/Hour 4 Files using Guid(dc8e99d7f9f2d494aa35d65dcf0c701a) Importer(815301076,1909f56bfc062723c751e8b465ee728b)  -> (artifact id: '34cad2e1476fbf3fa9bb653e1e4f2d32') in 0.002787 seconds 
========================================================================
Received Import Request.
  Time since last request: 2.562835 seconds.
  path: Assets/Hour 4 Files/Hour 4 Files/EnvironmentAssets.unitypackage
  artifactKey: Guid(87addd17d22d1bb4c802fb86c9b1424d) Importer(815301076,1909f56bfc062723c751e8b465ee728b)
Start importing Assets/Hour 4 Files/Hour 4 Files/EnvironmentAssets.unitypackage using Guid(87addd17d22d1bb4c802fb86c9b1424d) Importer(815301076,1909f56bfc062723c751e8b465ee728b)  -> (artifact id: '7edae5b7800dd620dcb9a1660f0d2b4f') in 0.032717 seconds 
========================================================================
Received Import Request.
  Time since last request: 114.165381 seconds.
  path: Assets/Hour 3 Files
  artifactKey: Guid(b17e866b84d13e844a22e1709355fce9) Importer(815301076,1909f56bfc062723c751e8b465ee728b)
Start importing Assets/Hour 3 Files using Guid(b17e866b84d13e844a22e1709355fce9) Importer(815301076,1909f56bfc062723c751e8b465ee728b)  -> (artifact id: 'b9307b58c34ef04a4d1658c6281d8b41') in 0.005268 seconds 
========================================================================
Received Import Request.
  Time since last request: 44.051770 seconds.
  path: Assets/New Terrain 1.asset
  artifactKey: Guid(16a08cc7cc694644e9f5b6753a1060a8) Importer(815301076,1909f56bfc062723c751e8b465ee728b)
Start importing Assets/New Terrain 1.asset using Guid(16a08cc7cc694644e9f5b6753a1060a8) Importer(815301076,1909f56bfc062723c751e8b465ee728b)  -> (artifact id: '037f8988ec78970cf77f01ceaaa95106') in 0.031669 seconds 
========================================================================
Received Import Request.
  Time since last request: 0.000046 seconds.
  path: Assets/New Terrain 2.asset
  artifactKey: Guid(e56f6bd80b1c9694e8189c6a821016db) Importer(815301076,1909f56bfc062723c751e8b465ee728b)
Start importing Assets/New Terrain 2.asset using Guid(e56f6bd80b1c9694e8189c6a821016db) Importer(815301076,1909f56bfc062723c751e8b465ee728b)  -> (artifact id: '8d015bc8fbccb5d7f0a8f6b6db6bd78b') in 0.012457 seconds 
========================================================================
Received Prepare
Registering precompiled user dll's ...
Registered in 0.009582 seconds.
Begin MonoManager ReloadAssembly
Symbol file LoadedFromMemory doesn't match image C:\Users\pfran\Documents\GitHub\MULT-150\pfrancia_hour6\Library\PackageCache\com.unity.visualscripting@1.8.0\Editor\VisualScripting.Core\Dependencies\YamlDotNet\Unity.VisualScripting.YamlDotNet.dll
Symbol file LoadedFromMemory doesn't match image C:\Users\pfran\Documents\GitHub\MULT-150\pfrancia_hour6\Library\PackageCache\com.unity.visualscripting@1.8.0\Editor\VisualScripting.Core\Dependencies\DotNetZip\Unity.VisualScripting.IonicZip.dll
Native extension for WindowsStandalone target not found
Refreshing native plugins compatible for Editor in 0.61 ms, found 3 plugins.
Preloading 0 native plugins for Editor in 0.00 ms.
Mono: successfully reloaded assembly
- Completed reload, in  1.594 seconds
Domain Reload Profiling:
	ReloadAssembly (1595ms)
		BeginReloadAssembly (607ms)
			ExecutionOrderSort (0ms)
			DisableScriptedObjects (31ms)
			BackupInstance (0ms)
			ReleaseScriptingObjects (0ms)
			CreateAndSetChildDomain (303ms)
		EndReloadAssembly (875ms)
			LoadAssemblies (153ms)
			RebuildTransferFunctionScriptingTraits (1ms)
			SetupTypeCache (337ms)
			ReleaseScriptCaches (3ms)
			RebuildScriptCaches (47ms)
			SetupLoadedEditorAssemblies (337ms)
				LogAssemblyErrors (0ms)
				InitializePlatformSupportModulesInManaged (17ms)
				SetLoadedEditorAssemblies (1ms)
				RefreshPlugins (1ms)
				BeforeProcessingInitializeOnLoad (74ms)
				ProcessInitializeOnLoadAttributes (212ms)
				ProcessInitializeOnLoadMethodAttributes (20ms)
				AfterProcessingInitializeOnLoad (12ms)
				EditorAssembliesLoaded (0ms)
			ExecutionOrderSort2 (0ms)
			AwakeInstancesAfterBackupRestoration (6ms)
Platform modules already initialized, skipping
Refreshing native plugins compatible for Editor in 3.26 ms, found 3 plugins.
Preloading 0 native plugins for Editor in 0.00 ms.
Unloading 3061 Unused Serialized files (Serialized files now loaded: 0)
Unloading 19 unused Assets / (432.8 KB). Loaded Objects now: 3655.
Memory consumption went from 127.1 MB to 126.7 MB.
Total: 4.558300 ms (FindLiveObjects: 0.401400 ms CreateObjectMapping: 0.159700 ms MarkObjects: 3.732200 ms  DeleteObjects: 0.263400 ms)

AssetImportParameters requested are different than current active one (requested -> active):
  custom:video-decoder-ogg-theora: a1e56fd34408186e4bbccfd4996cb3dc -> 
  custom:container-muxer-webm: aa71ff27fc2769a1b78a27578f13a17b -> 
  custom:container-demuxer-webm: 4f35f7cbe854078d1ac9338744f61a02 -> 
  custom:video-encoder-webm-vp8: eb34c28f22e8b96e1ab97ce403110664 -> 
  custom:audio-encoder-webm-vorbis: bf7c407c2cedff20999df2af8eb42d56 -> 
  custom:framework-win-MediaFoundation: 216162199b28c13a410421893ffa2e32 -> 
  custom:container-demuxer-ogg: 62fdf1f143b41e24485cea50d1cbac27 -> 
  custom:video-decoder-webm-vp8: 9c59270c3fd7afecdb556c50c9e8de78 -> 
  custom:audio-decoder-ogg-vorbis: bf7c407c2cedff20999df2af8eb42d56 -> 
========================================================================
Received Import Request.
  Time since last request: 25.698834 seconds.
  path: Assets/Environment/SpeedTree/Broadleaf/Broadleaf_Desktop.spm
  artifactKey: Guid(c91c1eb85782d5748ace27eb4d7415bb) Importer(815301076,1909f56bfc062723c751e8b465ee728b)
Start importing Assets/Environment/SpeedTree/Broadleaf/Broadleaf_Desktop.spm using Guid(c91c1eb85782d5748ace27eb4d7415bb) Importer(815301076,1909f56bfc062723c751e8b465ee728b)  -> (artifact id: 'aa5557daa36c21072beb08cc99a5a111') in 2.314226 seconds 
========================================================================
Received Import Request.
  Time since last request: 0.000068 seconds.
  path: Assets/Environment/SpeedTree/Palm/Palm_Desktop.spm
  artifactKey: Guid(d027af1092f6b434090f040565e7e656) Importer(815301076,1909f56bfc062723c751e8b465ee728b)
Start importing Assets/Environment/SpeedTree/Palm/Palm_Desktop.spm using Guid(d027af1092f6b434090f040565e7e656) Importer(815301076,1909f56bfc062723c751e8b465ee728b)  -> (artifact id: 'a740d6f99999b26a99a3d6dc5f94d5ae') in 0.079473 seconds 
========================================================================
Received Import Request.
  Time since last request: 0.000058 seconds.
  path: Assets/Environment/Water (Basic)/Prefabs/WaterBasicDaytime.prefab
  artifactKey: Guid(9485b0c79d11e2e4d0007da98d76c639) Importer(815301076,1909f56bfc062723c751e8b465ee728b)
Start importing Assets/Environment/Water (Basic)/Prefabs/WaterBasicDaytime.prefab using Guid(9485b0c79d11e2e4d0007da98d76c639) Importer(815301076,1909f56bfc062723c751e8b465ee728b)  -> (artifact id: '4af2b344a18a805afbda866b66e7b6c1') in 0.048399 seconds 
========================================================================
Received Import Request.
  Time since last request: 0.000035 seconds.
  path: Assets/Environment/Water (Basic)/Models/WaterBasicPlane.fbx
  artifactKey: Guid(ce8d79c79d11b8f9d00076e98d76c639) Importer(815301076,1909f56bfc062723c751e8b465ee728b)
Start importing Assets/Environment/Water (Basic)/Models/WaterBasicPlane.fbx using Guid(ce8d79c79d11b8f9d00076e98d76c639) Importer(815301076,1909f56bfc062723c751e8b465ee728b)  -> (artifact id: '57af54723cbcd108b6eb07e0b16d2129') in 0.023762 seconds 
========================================================================
Received Import Request.
  Time since last request: 0.000031 seconds.
  path: Assets/Environment/Water/Water/Prefabs/WaterProNighttime.prefab
  artifactKey: Guid(bcae914220acd4907840a029bb9d9aec) Importer(815301076,1909f56bfc062723c751e8b465ee728b)
Start importing Assets/Environment/Water/Water/Prefabs/WaterProNighttime.prefab using Guid(bcae914220acd4907840a029bb9d9aec) Importer(815301076,1909f56bfc062723c751e8b465ee728b)  -> (artifact id: '984d0bf151ba8f837f26349998eca193') in 0.050111 seconds 
========================================================================
Received Import Request.
  Time since last request: 0.000025 seconds.
  path: Assets/Environment/Water/Water4/Prefabs/Water4Advanced.prefab
  artifactKey: Guid(b544816461f324e56a39767fdeb5b114) Importer(815301076,1909f56bfc062723c751e8b465ee728b)
Start importing Assets/Environment/Water/Water4/Prefabs/Water4Advanced.prefab using Guid(b544816461f324e56a39767fdeb5b114) Importer(815301076,1909f56bfc062723c751e8b465ee728b)  -> (artifact id: '07d27e10d22960c165db4d5043c1e363') in 0.087081 seconds 
========================================================================
Received Import Request.
  Time since last request: 0.000049 seconds.
  path: Assets/Environment/SpeedTree/Broadleaf/Broadleaf_Mobile.spm
  artifactKey: Guid(6aab193b7693b5e4c9741f1917d2987c) Importer(815301076,1909f56bfc062723c751e8b465ee728b)
Start importing Assets/Environment/SpeedTree/Broadleaf/Broadleaf_Mobile.spm using Guid(6aab193b7693b5e4c9741f1917d2987c) Importer(815301076,1909f56bfc062723c751e8b465ee728b)  -> (artifact id: '518bb0ccc41fcb2fbb845365d267de1b') in 0.071820 seconds 
========================================================================
Received Import Request.
  Time since last request: 0.000068 seconds.
  path: Assets/Environment/Water/Water4/Models/OceanPlane.FBX
  artifactKey: Guid(681e41ee1260343b395ca58745c94870) Importer(815301076,1909f56bfc062723c751e8b465ee728b)
Start importing Assets/Environment/Water/Water4/Models/OceanPlane.FBX using Guid(681e41ee1260343b395ca58745c94870) Importer(815301076,1909f56bfc062723c751e8b465ee728b)  -> (artifact id: '7652ad3285b58af674888322584e3854') in 0.238464 seconds 
========================================================================
Received Import Request.
  Time since last request: 0.000047 seconds.
  path: Assets/Environment/Water/Water/Prefabs/WaterProDaytime.prefab
  artifactKey: Guid(780611a67e8e941a2b3aa96e5915a793) Importer(815301076,1909f56bfc062723c751e8b465ee728b)
Start importing Assets/Environment/Water/Water/Prefabs/WaterProDaytime.prefab using Guid(780611a67e8e941a2b3aa96e5915a793) Importer(815301076,1909f56bfc062723c751e8b465ee728b)  -> (artifact id: '459104a75d44c642bb25570116ece8d0') in 0.022628 seconds 
========================================================================
Received Import Request.
  Time since last request: 0.000133 seconds.
  path: Assets/Environment/Water (Basic)/Prefabs/WaterBasicNightime.prefab
  artifactKey: Guid(6b436d069d11415d1100ab9b44295342) Importer(815301076,1909f56bfc062723c751e8b465ee728b)
Start importing Assets/Environment/Water (Basic)/Prefabs/WaterBasicNightime.prefab using Guid(6b436d069d11415d1100ab9b44295342) Importer(815301076,1909f56bfc062723c751e8b465ee728b)  -> (artifact id: 'ea5079b5d2c49cd8eaa1c2ea07371f00') in 0.022939 seconds 
========================================================================
Received Import Request.
  Time since last request: 0.000033 seconds.
  path: Assets/Environment/Water/Water4/Prefabs/Water4Simple.prefab
  artifactKey: Guid(843740dbe549a4a6ba9556d1b80001f5) Importer(815301076,1909f56bfc062723c751e8b465ee728b)
Start importing Assets/Environment/Water/Water4/Prefabs/Water4Simple.prefab using Guid(843740dbe549a4a6ba9556d1b80001f5) Importer(815301076,1909f56bfc062723c751e8b465ee728b)  -> (artifact id: 'fab36f9606b8b739dd8b0e18a3779492') in 0.074599 seconds 
========================================================================
Received Import Request.
  Time since last request: 0.000039 seconds.
  path: Assets/Environment/Water/Water/Models/WaterPlane.fbx
  artifactKey: Guid(ba6a41dc489914734857bb5924eb70ad) Importer(815301076,1909f56bfc062723c751e8b465ee728b)
Start importing Assets/Environment/Water/Water/Models/WaterPlane.fbx using Guid(ba6a41dc489914734857bb5924eb70ad) Importer(815301076,1909f56bfc062723c751e8b465ee728b)  -> (artifact id: '7422c7fb0fb24e2a9903d6404032dd7e') in 0.021730 seconds 
========================================================================
Received Import Request.
  Time since last request: 0.000083 seconds.
  path: Assets/Environment/SpeedTree/Conifer/Conifer_Desktop.spm
  artifactKey: Guid(469edab27ab6d004d84af2c4a851bd7f) Importer(815301076,1909f56bfc062723c751e8b465ee728b)
Start importing Assets/Environment/SpeedTree/Conifer/Conifer_Desktop.spm using Guid(469edab27ab6d004d84af2c4a851bd7f) Importer(815301076,1909f56bfc062723c751e8b465ee728b)  -> (artifact id: 'fb05df4eec6e0de99851ffe714532e78') in 0.081465 seconds 
========================================================================
Received Import Request.
  Time since last request: 12.547920 seconds.
  path: Assets/Environment/SpeedTree/Broadleaf/Broadleaf_Desktop_Atlas.tga
  artifactKey: Guid(d20e5329bb2905844a1ae38b80640d3f) Importer(815301076,1909f56bfc062723c751e8b465ee728b)
Start importing Assets/Environment/SpeedTree/Broadleaf/Broadleaf_Desktop_Atlas.tga using Guid(d20e5329bb2905844a1ae38b80640d3f) Importer(815301076,1909f56bfc062723c751e8b465ee728b)  -> (artifact id: 'a1ef997eb0149ee8d599ba9d024d7b47') in 0.056421 seconds 
========================================================================
Received Import Request.
  Time since last request: 0.000036 seconds.
  path: Assets/Environment/SpeedTree/Broadleaf/Broadleaf_Mobile_Atlas_Billboards_Normal.tga
  artifactKey: Guid(c9de3ae2361df6c469caeb2024321cbf) Importer(815301076,1909f56bfc062723c751e8b465ee728b)
Start importing Assets/Environment/SpeedTree/Broadleaf/Broadleaf_Mobile_Atlas_Billboards_Normal.tga using Guid(c9de3ae2361df6c469caeb2024321cbf) Importer(815301076,1909f56bfc062723c751e8b465ee728b)  -> (artifact id: '1c68a001d62bf3c291fc3b66e933fa4b') in 0.018295 seconds 
========================================================================
Received Import Request.
  Time since last request: 0.000058 seconds.
  path: Assets/Environment/SpeedTree/Broadleaf/Broadleaf_Desktop_Atlas_Billboards_Normal.tga
  artifactKey: Guid(0ec79c3d1dd0fb640b7f3f72ebb28f74) Importer(815301076,1909f56bfc062723c751e8b465ee728b)
Start importing Assets/Environment/SpeedTree/Broadleaf/Broadleaf_Desktop_Atlas_Billboards_Normal.tga using Guid(0ec79c3d1dd0fb640b7f3f72ebb28f74) Importer(815301076,1909f56bfc062723c751e8b465ee728b)  -> (artifact id: '4314c38e3b465c0bcd07b603d708772e') in 0.013123 seconds 
========================================================================
Received Import Request.
  Time since last request: 0.000029 seconds.
  path: Assets/Environment/SpeedTree/Broadleaf/Broadleaf_Desktop_Atlas_Specular.tga
  artifactKey: Guid(d954891cb9e58434d86e01d839ed4997) Importer(815301076,1909f56bfc062723c751e8b465ee728b)
Start importing Assets/Environment/SpeedTree/Broadleaf/Broadleaf_Desktop_Atlas_Specular.tga using Guid(d954891cb9e58434d86e01d839ed4997) Importer(815301076,1909f56bfc062723c751e8b465ee728b)  -> (artifact id: '0345bda91b383def06e5eab20ccb90e2') in 0.011826 seconds 
========================================================================
Received Import Request.
  Time since last request: 0.000028 seconds.
  path: Assets/Environment/SpeedTree/Broadleaf/Broadleaf_Desktop_Atlas_Billboards.tga
  artifactKey: Guid(951aab9a19f551f4385d0ceafdaf19b4) Importer(815301076,1909f56bfc062723c751e8b465ee728b)
Start importing Assets/Environment/SpeedTree/Broadleaf/Broadleaf_Desktop_Atlas_Billboards.tga using Guid(951aab9a19f551f4385d0ceafdaf19b4) Importer(815301076,1909f56bfc062723c751e8b465ee728b)  -> (artifact id: '4e569d06f4360ead15d1db16435a7d36') in 0.014539 seconds 
========================================================================
Received Import Request.
  Time since last request: 0.000033 seconds.
  path: Assets/Environment/SpeedTree/Broadleaf/Broadleaf_Mobile_Atlas_Billboards.tga
  artifactKey: Guid(bc6e7e1374ff3e1459f65bf72da64c85) Importer(815301076,1909f56bfc062723c751e8b465ee728b)
Start importing Assets/Environment/SpeedTree/Broadleaf/Broadleaf_Mobile_Atlas_Billboards.tga using Guid(bc6e7e1374ff3e1459f65bf72da64c85) Importer(815301076,1909f56bfc062723c751e8b465ee728b)  -> (artifact id: '8319c5292b4c1c5298094440ae50c6dd') in 0.012314 seconds 
========================================================================
Received Import Request.
  Time since last request: 0.000028 seconds.
  path: Assets/Environment/SpeedTree/Broadleaf/Broadleaf_Desktop_Atlas_Normal.tga
  artifactKey: Guid(b552931caa1b3ea418b9ba90cbd1333e) Importer(815301076,1909f56bfc062723c751e8b465ee728b)
Start importing Assets/Environment/SpeedTree/Broadleaf/Broadleaf_Desktop_Atlas_Normal.tga using Guid(b552931caa1b3ea418b9ba90cbd1333e) Importer(815301076,1909f56bfc062723c751e8b465ee728b)  -> (artifact id: '256c7cbcebd240317888b9e94161b81c') in 0.013332 seconds 
========================================================================
Received Import Request.
  Time since last request: 0.000085 seconds.
  path: Assets/Environment/SpeedTree/Broadleaf/Broadleaf_Mobile_Atlas.tga
  artifactKey: Guid(2c116325e19b8a04d916864cc540ec2d) Importer(815301076,1909f56bfc062723c751e8b465ee728b)
Start importing Assets/Environment/SpeedTree/Broadleaf/Broadleaf_Mobile_Atlas.tga using Guid(2c116325e19b8a04d916864cc540ec2d) Importer(815301076,1909f56bfc062723c751e8b465ee728b)  -> (artifact id: 'd6c3df7bd8e3780a63ed4fbd77be4e0d') in 0.012389 seconds 
========================================================================
Received Import Request.
  Time since last request: 2.038329 seconds.
  path: Assets/Environment/SpeedTree/Broadleaf/Broadleaf_Mobile_Atlas_Normal.tga
  artifactKey: Guid(be053ea3235ccb64a889bf0b15c2764b) Importer(815301076,1909f56bfc062723c751e8b465ee728b)
Start importing Assets/Environment/SpeedTree/Broadleaf/Broadleaf_Mobile_Atlas_Normal.tga using Guid(be053ea3235ccb64a889bf0b15c2764b) Importer(815301076,1909f56bfc062723c751e8b465ee728b)  -> (artifact id: 'dcbb7e152fa669d376ff88eb372be5d4') in 0.011563 seconds 
========================================================================
Received Import Request.
  Time since last request: 0.000033 seconds.
  path: Assets/Environment/SpeedTree/Broadleaf/Broadleaf_Mobile_Atlas_Specular.tga
  artifactKey: Guid(45cab4c9b31009748999eec1556926b3) Importer(815301076,1909f56bfc062723c751e8b465ee728b)
Start importing Assets/Environment/SpeedTree/Broadleaf/Broadleaf_Mobile_Atlas_Specular.tga using Guid(45cab4c9b31009748999eec1556926b3) Importer(815301076,1909f56bfc062723c751e8b465ee728b)  -> (artifact id: '52bcdbb9c00304c863f8f93fe21a93c1') in 0.019880 seconds 
========================================================================
Received Import Request.
  Time since last request: 0.027942 seconds.
  path: Assets/Environment/SpeedTree/Broadleaf/BroadleafBark.tga
  artifactKey: Guid(2c1c27ec8c3b75a4c80a795adc9ca788) Importer(815301076,1909f56bfc062723c751e8b465ee728b)
Start importing Assets/Environment/SpeedTree/Broadleaf/BroadleafBark.tga using Guid(2c1c27ec8c3b75a4c80a795adc9ca788) Importer(815301076,1909f56bfc062723c751e8b465ee728b)  -> (artifact id: 'a94caf09d700cfc0e94e487be7f21d1d') in 0.008548 seconds 
========================================================================
Received Import Request.
  Time since last request: 0.000043 seconds.
  path: Assets/Environment/SpeedTree/Broadleaf/BroadleafBark_Normal.tga
  artifactKey: Guid(34f07406286974e4ca236867d8d58b51) Importer(815301076,1909f56bfc062723c751e8b465ee728b)
Start importing Assets/Environment/SpeedTree/Broadleaf/BroadleafBark_Normal.tga using Guid(34f07406286974e4ca236867d8d58b51) Importer(815301076,1909f56bfc062723c751e8b465ee728b)  -> (artifact id: '64cf5fc479931311b0e2cfa4496ae57c') in 0.012355 seconds 
========================================================================
Received Import Request.
  Time since last request: 0.343075 seconds.
  path: Assets/Environment/SpeedTree/Broadleaf/Broadleaves_Card_Desktop.tga
  artifactKey: Guid(ea60173ceac07334c91568c48cc765cd) Importer(815301076,1909f56bfc062723c751e8b465ee728b)
Start importing Assets/Environment/SpeedTree/Broadleaf/Broadleaves_Card_Desktop.tga using Guid(ea60173ceac07334c91568c48cc765cd) Importer(815301076,1909f56bfc062723c751e8b465ee728b)  -> (artifact id: '0abe6bcfb04f561c445d2e571da8b942') in 0.012461 seconds 
========================================================================
Received Import Request.
  Time since last request: 0.000033 seconds.
  path: Assets/Environment/SpeedTree/Broadleaf/Broadleaves_Card_Desktop_Normal.tga
  artifactKey: Guid(f0d8945c7972e4747aa776e16494fa37) Importer(815301076,1909f56bfc062723c751e8b465ee728b)
Start importing Assets/Environment/SpeedTree/Broadleaf/Broadleaves_Card_Desktop_Normal.tga using Guid(f0d8945c7972e4747aa776e16494fa37) Importer(815301076,1909f56bfc062723c751e8b465ee728b)  -> (artifact id: '6501172d1da9f660e7f765d90635afaa') in 0.011378 seconds 
========================================================================
Received Import Request.
  Time since last request: 0.540490 seconds.
  path: Assets/Environment/SpeedTree/Broadleaf/Broadleaves_Card_Desktop_Spec.tga
  artifactKey: Guid(6308da3d0ff986b42be3b0a6ea5b6fae) Importer(815301076,1909f56bfc062723c751e8b465ee728b)
Start importing Assets/Environment/SpeedTree/Broadleaf/Broadleaves_Card_Desktop_Spec.tga using Guid(6308da3d0ff986b42be3b0a6ea5b6fae) Importer(815301076,1909f56bfc062723c751e8b465ee728b)  -> (artifact id: '8de5098481efd91bab841055c22b92fe') in 0.013708 seconds 
========================================================================
Received Import Request.
  Time since last request: 0.000021 seconds.
  path: Assets/Environment/SpeedTree/Broadleaf/Broadleaves_Desktop.tga
  artifactKey: Guid(306f8f570579fb3448d141a63029ef94) Importer(815301076,1909f56bfc062723c751e8b465ee728b)
Start importing Assets/Environment/SpeedTree/Broadleaf/Broadleaves_Desktop.tga using Guid(306f8f570579fb3448d141a63029ef94) Importer(815301076,1909f56bfc062723c751e8b465ee728b)  -> (artifact id: 'e82fc1cfd2d2524b704f83ebbd36a222') in 0.014637 seconds 
========================================================================
Received Import Request.
  Time since last request: 0.020847 seconds.
  path: Assets/Environment/SpeedTree/Broadleaf/Broadleaves_Desktop_Normal.tga
  artifactKey: Guid(e7b2d3eeb0a4d694792c93a8ab87e4a4) Importer(815301076,1909f56bfc062723c751e8b465ee728b)
Start importing Assets/Environment/SpeedTree/Broadleaf/Broadleaves_Desktop_Normal.tga using Guid(e7b2d3eeb0a4d694792c93a8ab87e4a4) Importer(815301076,1909f56bfc062723c751e8b465ee728b)  -> (artifact id: '4426457112b7458a09aa2cb1a86f7997') in 0.008701 seconds 
========================================================================
Received Import Request.
  Time since last request: 0.000044 seconds.
  path: Assets/Environment/SpeedTree/Broadleaf/Broadleaves_Desktop_Spec.tga
  artifactKey: Guid(30586af2d47849140b2d533bb6f75eaa) Importer(815301076,1909f56bfc062723c751e8b465ee728b)
Start importing Assets/Environment/SpeedTree/Broadleaf/Broadleaves_Desktop_Spec.tga using Guid(30586af2d47849140b2d533bb6f75eaa) Importer(815301076,1909f56bfc062723c751e8b465ee728b)  -> (artifact id: 'fcf95ac412f38bdac0c6a4ebe4d9a5ee') in 0.019161 seconds 
========================================================================
Received Import Request.
  Time since last request: 0.513586 seconds.
  path: Assets/Environment/SpeedTree/Broadleaf/Broadleaves_Mobile.tga
  artifactKey: Guid(b063a9f2b9f645b40948a32b447c738f) Importer(815301076,1909f56bfc062723c751e8b465ee728b)
Start importing Assets/Environment/SpeedTree/Broadleaf/Broadleaves_Mobile.tga using Guid(b063a9f2b9f645b40948a32b447c738f) Importer(815301076,1909f56bfc062723c751e8b465ee728b)  -> (artifact id: '0086fd741d78c88d73e49beb4626cbb1') in 0.013119 seconds 
========================================================================
Received Import Request.
  Time since last request: 0.000031 seconds.
  path: Assets/Environment/SpeedTree/Broadleaf/Broadleaves_Mobile_Spec.tga
  artifactKey: Guid(db2f1c62933fa1745a9eb8479b15698b) Importer(815301076,1909f56bfc062723c751e8b465ee728b)
Start importing Assets/Environment/SpeedTree/Broadleaf/Broadleaves_Mobile_Spec.tga using Guid(db2f1c62933fa1745a9eb8479b15698b) Importer(815301076,1909f56bfc062723c751e8b465ee728b)  -> (artifact id: '3e1c7a2dec106ce8d21f4e58ab56b3fc') in 0.012388 seconds 
========================================================================
Received Import Request.
  Time since last request: 0.000069 seconds.
  path: Assets/Environment/SpeedTree/Broadleaf/Broadleaves_Mobile_Normal.tga
  artifactKey: Guid(7bdd8cb386e0b554b84cb783663bb4fc) Importer(815301076,1909f56bfc062723c751e8b465ee728b)
Start importing Assets/Environment/SpeedTree/Broadleaf/Broadleaves_Mobile_Normal.tga using Guid(7bdd8cb386e0b554b84cb783663bb4fc) Importer(815301076,1909f56bfc062723c751e8b465ee728b)  -> (artifact id: 'c12356171f4e4afeebfd79ff3bc3ed33') in 0.013227 seconds 
========================================================================
Received Import Request.
  Time since last request: 19.591706 seconds.
  path: Assets/Environment/TerrainAssets/BillboardTextures/GrassFrond01AlbedoAlpha.psd
  artifactKey: Guid(2c528fec5d95e4ac28cf46399b887662) Importer(815301076,1909f56bfc062723c751e8b465ee728b)
Start importing Assets/Environment/TerrainAssets/BillboardTextures/GrassFrond01AlbedoAlpha.psd using Guid(2c528fec5d95e4ac28cf46399b887662) Importer(815301076,1909f56bfc062723c751e8b465ee728b)  -> (artifact id: '46d8f9b2ab48a87d54853c0e03ce3093') in 0.013933 seconds 
========================================================================
Received Import Request.
  Time since last request: 0.000037 seconds.
  path: Assets/Environment/TerrainAssets/SurfaceTextures/GrassHillAlbedo.psd
  artifactKey: Guid(c6e0767b1f8c34890ac245217f4b9731) Importer(815301076,1909f56bfc062723c751e8b465ee728b)
Start importing Assets/Environment/TerrainAssets/SurfaceTextures/GrassHillAlbedo.psd using Guid(c6e0767b1f8c34890ac245217f4b9731) Importer(815301076,1909f56bfc062723c751e8b465ee728b)  -> (artifact id: '56428c62d9544b87812c73ae7ee43c0f') in 0.019998 seconds 
========================================================================
Received Import Request.
  Time since last request: 0.000027 seconds.
  path: Assets/Environment/TerrainAssets/SurfaceTextures/GrassRockyAlbedo.psd
  artifactKey: Guid(440eb36db91ca410f800ff3cfe43572f) Importer(815301076,1909f56bfc062723c751e8b465ee728b)
Start importing Assets/Environment/TerrainAssets/SurfaceTextures/GrassRockyAlbedo.psd using Guid(440eb36db91ca410f800ff3cfe43572f) Importer(815301076,1909f56bfc062723c751e8b465ee728b)  -> (artifact id: '229de9b95a72a584333143170ac8132e') in 0.017157 seconds 
========================================================================
Received Import Request.
  Time since last request: 0.000030 seconds.
  path: Assets/Environment/TerrainAssets/BillboardTextures/GrassFrond02AlbedoAlpha.psd
  artifactKey: Guid(d6cdc79ec19714fcd980ca3f6ac01a0a) Importer(815301076,1909f56bfc062723c751e8b465ee728b)
Start importing Assets/Environment/TerrainAssets/BillboardTextures/GrassFrond02AlbedoAlpha.psd using Guid(d6cdc79ec19714fcd980ca3f6ac01a0a) Importer(815301076,1909f56bfc062723c751e8b465ee728b)  -> (artifact id: '254748f2d9da2aa8bc23e1e9bb85d64e') in 0.013545 seconds 
========================================================================
Received Import Request.
  Time since last request: 7.317219 seconds.
  path: Assets/Environment/TerrainAssets/SurfaceTextures/MudRockyAlbedoSpecular.bmp
  artifactKey: Guid(ef5c51cfa2ce46043a41a376b560c525) Importer(815301076,1909f56bfc062723c751e8b465ee728b)
Start importing Assets/Environment/TerrainAssets/SurfaceTextures/MudRockyAlbedoSpecular.bmp using Guid(ef5c51cfa2ce46043a41a376b560c525) Importer(815301076,1909f56bfc062723c751e8b465ee728b)  -> (artifact id: '3ab78c11feb4f790d9aeaee5a63af68a') in 0.017856 seconds 
========================================================================
Received Import Request.
  Time since last request: 0.000031 seconds.
  path: Assets/Environment/TerrainAssets/SurfaceTextures/MudRockyNormals.bmp
  artifactKey: Guid(58a059b07b093a745b47c2191525ddce) Importer(815301076,1909f56bfc062723c751e8b465ee728b)
Start importing Assets/Environment/TerrainAssets/SurfaceTextures/MudRockyNormals.bmp using Guid(58a059b07b093a745b47c2191525ddce) Importer(815301076,1909f56bfc062723c751e8b465ee728b)  -> (artifact id: '44437a35158b7921edfa23d2ca494b91') in 0.017387 seconds 
========================================================================
Received Prepare
Registering precompiled user dll's ...
Registered in 0.006130 seconds.
Begin MonoManager ReloadAssembly
Symbol file LoadedFromMemory doesn't match image C:\Users\pfran\Documents\GitHub\MULT-150\pfrancia_hour6\Library\PackageCache\com.unity.visualscripting@1.8.0\Editor\VisualScripting.Core\Dependencies\YamlDotNet\Unity.VisualScripting.YamlDotNet.dll
Symbol file LoadedFromMemory doesn't match image C:\Users\pfran\Documents\GitHub\MULT-150\pfrancia_hour6\Library\PackageCache\com.unity.visualscripting@1.8.0\Editor\VisualScripting.Core\Dependencies\DotNetZip\Unity.VisualScripting.IonicZip.dll
Native extension for WindowsStandalone target not found
Refreshing native plugins compatible for Editor in 1.50 ms, found 3 plugins.
Preloading 0 native plugins for Editor in 0.00 ms.
Mono: successfully reloaded assembly
- Completed reload, in  2.417 seconds
Domain Reload Profiling:
	ReloadAssembly (2418ms)
		BeginReloadAssembly (192ms)
			ExecutionOrderSort (0ms)
			DisableScriptedObjects (5ms)
			BackupInstance (0ms)
			ReleaseScriptingObjects (0ms)
			CreateAndSetChildDomain (49ms)
		EndReloadAssembly (2109ms)
			LoadAssemblies (144ms)
			RebuildTransferFunctionScriptingTraits (0ms)
			SetupTypeCache (815ms)
			ReleaseScriptCaches (3ms)
			RebuildScriptCaches (127ms)
			SetupLoadedEditorAssemblies (855ms)
				LogAssemblyErrors (0ms)
				InitializePlatformSupportModulesInManaged (15ms)
				SetLoadedEditorAssemblies (1ms)
				RefreshPlugins (2ms)
				BeforeProcessingInitializeOnLoad (151ms)
				ProcessInitializeOnLoadAttributes (611ms)
				ProcessInitializeOnLoadMethodAttributes (51ms)
				AfterProcessingInitializeOnLoad (22ms)
				EditorAssembliesLoaded (3ms)
			ExecutionOrderSort2 (0ms)
			AwakeInstancesAfterBackupRestoration (24ms)
Platform modules already initialized, skipping
Refreshing native plugins compatible for Editor in 4.67 ms, found 3 plugins.
Preloading 0 native plugins for Editor in 0.00 ms.
Unloading 3060 Unused Serialized files (Serialized files now loaded: 0)
Unloading 15 unused Assets / (24.8 KB). Loaded Objects now: 3668.
Memory consumption went from 132.2 MB to 132.2 MB.
Total: 16.847800 ms (FindLiveObjects: 0.719600 ms CreateObjectMapping: 0.216500 ms MarkObjects: 15.876900 ms  DeleteObjects: 0.033100 ms)

AssetImportParameters requested are different than current active one (requested -> active):
  custom:video-decoder-ogg-theora: a1e56fd34408186e4bbccfd4996cb3dc -> 
  custom:container-muxer-webm: aa71ff27fc2769a1b78a27578f13a17b -> 
  custom:container-demuxer-webm: 4f35f7cbe854078d1ac9338744f61a02 -> 
  custom:video-encoder-webm-vp8: eb34c28f22e8b96e1ab97ce403110664 -> 
  custom:audio-encoder-webm-vorbis: bf7c407c2cedff20999df2af8eb42d56 -> 
  custom:framework-win-MediaFoundation: 216162199b28c13a410421893ffa2e32 -> 
  custom:container-demuxer-ogg: 62fdf1f143b41e24485cea50d1cbac27 -> 
  custom:video-decoder-webm-vp8: 9c59270c3fd7afecdb556c50c9e8de78 -> 
  custom:audio-decoder-ogg-vorbis: bf7c407c2cedff20999df2af8eb42d56 -> 
========================================================================
Received Import Request.
  Time since last request: 176.491497 seconds.
  path: Assets/New Terrain 2.asset
  artifactKey: Guid(e56f6bd80b1c9694e8189c6a821016db) Importer(815301076,1909f56bfc062723c751e8b465ee728b)
Start importing Assets/New Terrain 2.asset using Guid(e56f6bd80b1c9694e8189c6a821016db) Importer(815301076,1909f56bfc062723c751e8b465ee728b)  -> (artifact id: '7aa920cdaba4870533947613702a99d6') in 0.027447 seconds 
========================================================================
Received Import Request.
  Time since last request: 0.000033 seconds.
  path: Assets/NewLayer.terrainlayer
  artifactKey: Guid(e9cc7d2e425d04f4bb9ed2e8b6952598) Importer(815301076,1909f56bfc062723c751e8b465ee728b)
Start importing Assets/NewLayer.terrainlayer using Guid(e9cc7d2e425d04f4bb9ed2e8b6952598) Importer(815301076,1909f56bfc062723c751e8b465ee728b)  -> (artifact id: 'ff6876b9507057721eaa38a5023cfcf9') in 0.041722 seconds 
========================================================================
Received Prepare
Registering precompiled user dll's ...
Registered in 0.006196 seconds.
Begin MonoManager ReloadAssembly
Symbol file LoadedFromMemory doesn't match image C:\Users\pfran\Documents\GitHub\MULT-150\pfrancia_hour6\Library\PackageCache\com.unity.visualscripting@1.8.0\Editor\VisualScripting.Core\Dependencies\YamlDotNet\Unity.VisualScripting.YamlDotNet.dll
Symbol file LoadedFromMemory doesn't match image C:\Users\pfran\Documents\GitHub\MULT-150\pfrancia_hour6\Library\PackageCache\com.unity.visualscripting@1.8.0\Editor\VisualScripting.Core\Dependencies\DotNetZip\Unity.VisualScripting.IonicZip.dll
Native extension for WindowsStandalone target not found
Refreshing native plugins compatible for Editor in 1.91 ms, found 3 plugins.
Preloading 0 native plugins for Editor in 0.00 ms.
Mono: successfully reloaded assembly
- Completed reload, in  2.135 seconds
Domain Reload Profiling:
	ReloadAssembly (2136ms)
		BeginReloadAssembly (181ms)
			ExecutionOrderSort (0ms)
			DisableScriptedObjects (5ms)
			BackupInstance (0ms)
			ReleaseScriptingObjects (0ms)
			CreateAndSetChildDomain (48ms)
		EndReloadAssembly (1845ms)
			LoadAssemblies (120ms)
			RebuildTransferFunctionScriptingTraits (0ms)
			SetupTypeCache (610ms)
			ReleaseScriptCaches (5ms)
			RebuildScriptCaches (190ms)
			SetupLoadedEditorAssemblies (777ms)
				LogAssemblyErrors (0ms)
				InitializePlatformSupportModulesInManaged (16ms)
				SetLoadedEditorAssemblies (1ms)
				RefreshPlugins (2ms)
				BeforeProcessingInitializeOnLoad (225ms)
				ProcessInitializeOnLoadAttributes (456ms)
				ProcessInitializeOnLoadMethodAttributes (55ms)
				AfterProcessingInitializeOnLoad (21ms)
				EditorAssembliesLoaded (1ms)
			ExecutionOrderSort2 (0ms)
			AwakeInstancesAfterBackupRestoration (15ms)
Platform modules already initialized, skipping
Refreshing native plugins compatible for Editor in 4.97 ms, found 3 plugins.
Preloading 0 native plugins for Editor in 0.00 ms.
Unloading 3056 Unused Serialized files (Serialized files now loaded: 0)
Unloading 15 unused Assets / (24.6 KB). Loaded Objects now: 3671.
Memory consumption went from 131.6 MB to 131.6 MB.
Total: 6.410600 ms (FindLiveObjects: 0.512700 ms CreateObjectMapping: 0.119300 ms MarkObjects: 5.696400 ms  DeleteObjects: 0.079800 ms)

AssetImportParameters requested are different than current active one (requested -> active):
  custom:video-decoder-ogg-theora: a1e56fd34408186e4bbccfd4996cb3dc -> 
  custom:container-muxer-webm: aa71ff27fc2769a1b78a27578f13a17b -> 
  custom:container-demuxer-webm: 4f35f7cbe854078d1ac9338744f61a02 -> 
  custom:video-encoder-webm-vp8: eb34c28f22e8b96e1ab97ce403110664 -> 
  custom:audio-encoder-webm-vorbis: bf7c407c2cedff20999df2af8eb42d56 -> 
  custom:framework-win-MediaFoundation: 216162199b28c13a410421893ffa2e32 -> 
  custom:container-demuxer-ogg: 62fdf1f143b41e24485cea50d1cbac27 -> 
  custom:video-decoder-webm-vp8: 9c59270c3fd7afecdb556c50c9e8de78 -> 
  custom:audio-decoder-ogg-vorbis: bf7c407c2cedff20999df2af8eb42d56 -> 
========================================================================
Received Import Request.
  Time since last request: 8.622446 seconds.
  path: Assets/New Terrain 2.asset
  artifactKey: Guid(e56f6bd80b1c9694e8189c6a821016db) Importer(815301076,1909f56bfc062723c751e8b465ee728b)
Start importing Assets/New Terrain 2.asset using Guid(e56f6bd80b1c9694e8189c6a821016db) Importer(815301076,1909f56bfc062723c751e8b465ee728b)  -> (artifact id: 'b990b6dcaa03ac10c0c792b9a92b0e65') in 0.104540 seconds 
========================================================================
Received Prepare
Registering precompiled user dll's ...
Registered in 0.006927 seconds.
Begin MonoManager ReloadAssembly
Symbol file LoadedFromMemory doesn't match image C:\Users\pfran\Documents\GitHub\MULT-150\pfrancia_hour6\Library\PackageCache\com.unity.visualscripting@1.8.0\Editor\VisualScripting.Core\Dependencies\YamlDotNet\Unity.VisualScripting.YamlDotNet.dll
Symbol file LoadedFromMemory doesn't match image C:\Users\pfran\Documents\GitHub\MULT-150\pfrancia_hour6\Library\PackageCache\com.unity.visualscripting@1.8.0\Editor\VisualScripting.Core\Dependencies\DotNetZip\Unity.VisualScripting.IonicZip.dll
Native extension for WindowsStandalone target not found
Refreshing native plugins compatible for Editor in 4.54 ms, found 3 plugins.
Preloading 0 native plugins for Editor in 0.00 ms.
Mono: successfully reloaded assembly
- Completed reload, in  1.750 seconds
Domain Reload Profiling:
	ReloadAssembly (1751ms)
		BeginReloadAssembly (184ms)
			ExecutionOrderSort (0ms)
			DisableScriptedObjects (7ms)
			BackupInstance (0ms)
			ReleaseScriptingObjects (0ms)
			CreateAndSetChildDomain (40ms)
		EndReloadAssembly (1453ms)
			LoadAssemblies (120ms)
			RebuildTransferFunctionScriptingTraits (0ms)
			SetupTypeCache (551ms)
			ReleaseScriptCaches (4ms)
			RebuildScriptCaches (95ms)
			SetupLoadedEditorAssemblies (601ms)
				LogAssemblyErrors (0ms)
				InitializePlatformSupportModulesInManaged (11ms)
				SetLoadedEditorAssemblies (1ms)
				RefreshPlugins (5ms)
				BeforeProcessingInitializeOnLoad (137ms)
				ProcessInitializeOnLoadAttributes (389ms)
				ProcessInitializeOnLoadMethodAttributes (35ms)
				AfterProcessingInitializeOnLoad (21ms)
				EditorAssembliesLoaded (1ms)
			ExecutionOrderSort2 (0ms)
			AwakeInstancesAfterBackupRestoration (9ms)
Platform modules already initialized, skipping
Refreshing native plugins compatible for Editor in 5.34 ms, found 3 plugins.
Preloading 0 native plugins for Editor in 0.00 ms.
Unloading 3056 Unused Serialized files (Serialized files now loaded: 0)
Unloading 15 unused Assets / (24.7 KB). Loaded Objects now: 3674.
Memory consumption went from 131.6 MB to 131.6 MB.
Total: 7.056300 ms (FindLiveObjects: 0.632800 ms CreateObjectMapping: 0.119900 ms MarkObjects: 6.250200 ms  DeleteObjects: 0.051200 ms)

AssetImportParameters requested are different than current active one (requested -> active):
  custom:video-decoder-ogg-theora: a1e56fd34408186e4bbccfd4996cb3dc -> 
  custom:container-muxer-webm: aa71ff27fc2769a1b78a27578f13a17b -> 
  custom:container-demuxer-webm: 4f35f7cbe854078d1ac9338744f61a02 -> 
  custom:video-encoder-webm-vp8: eb34c28f22e8b96e1ab97ce403110664 -> 
  custom:audio-encoder-webm-vorbis: bf7c407c2cedff20999df2af8eb42d56 -> 
  custom:framework-win-MediaFoundation: 216162199b28c13a410421893ffa2e32 -> 
  custom:container-demuxer-ogg: 62fdf1f143b41e24485cea50d1cbac27 -> 
  custom:video-decoder-webm-vp8: 9c59270c3fd7afecdb556c50c9e8de78 -> 
  custom:audio-decoder-ogg-vorbis: bf7c407c2cedff20999df2af8eb42d56 -> 
========================================================================
Received Prepare
Registering precompiled user dll's ...
Registered in 0.008414 seconds.
Begin MonoManager ReloadAssembly
Symbol file LoadedFromMemory doesn't match image C:\Users\pfran\Documents\GitHub\MULT-150\pfrancia_hour6\Library\PackageCache\com.unity.visualscripting@1.8.0\Editor\VisualScripting.Core\Dependencies\YamlDotNet\Unity.VisualScripting.YamlDotNet.dll
Symbol file LoadedFromMemory doesn't match image C:\Users\pfran\Documents\GitHub\MULT-150\pfrancia_hour6\Library\PackageCache\com.unity.visualscripting@1.8.0\Editor\VisualScripting.Core\Dependencies\DotNetZip\Unity.VisualScripting.IonicZip.dll
Native extension for WindowsStandalone target not found
Refreshing native plugins compatible for Editor in 1.32 ms, found 3 plugins.
Preloading 0 native plugins for Editor in 0.00 ms.
Mono: successfully reloaded assembly
- Completed reload, in  1.894 seconds
Domain Reload Profiling:
	ReloadAssembly (1895ms)
		BeginReloadAssembly (163ms)
			ExecutionOrderSort (0ms)
			DisableScriptedObjects (6ms)
			BackupInstance (0ms)
			ReleaseScriptingObjects (0ms)
			CreateAndSetChildDomain (39ms)
		EndReloadAssembly (1616ms)
			LoadAssemblies (147ms)
			RebuildTransferFunctionScriptingTraits (0ms)
			SetupTypeCache (593ms)
			ReleaseScriptCaches (5ms)
			RebuildScriptCaches (89ms)
			SetupLoadedEditorAssemblies (633ms)
				LogAssemblyErrors (0ms)
				InitializePlatformSupportModulesInManaged (13ms)
				SetLoadedEditorAssemblies (1ms)
				RefreshPlugins (2ms)
				BeforeProcessingInitializeOnLoad (139ms)
				ProcessInitializeOnLoadAttributes (417ms)
				ProcessInitializeOnLoadMethodAttributes (43ms)
				AfterProcessingInitializeOnLoad (19ms)
				EditorAssembliesLoaded (0ms)
			ExecutionOrderSort2 (0ms)
			AwakeInstancesAfterBackupRestoration (15ms)
Platform modules already initialized, skipping
Refreshing native plugins compatible for Editor in 5.66 ms, found 3 plugins.
Preloading 0 native plugins for Editor in 0.00 ms.
Unloading 3056 Unused Serialized files (Serialized files now loaded: 0)
Unloading 15 unused Assets / (24.7 KB). Loaded Objects now: 3677.
Memory consumption went from 131.7 MB to 131.6 MB.
Total: 3.821400 ms (FindLiveObjects: 0.390500 ms CreateObjectMapping: 0.090500 ms MarkObjects: 3.216900 ms  DeleteObjects: 0.120700 ms)

AssetImportParameters requested are different than current active one (requested -> active):
  custom:video-decoder-ogg-theora: a1e56fd34408186e4bbccfd4996cb3dc -> 
  custom:container-muxer-webm: aa71ff27fc2769a1b78a27578f13a17b -> 
  custom:container-demuxer-webm: 4f35f7cbe854078d1ac9338744f61a02 -> 
  custom:video-encoder-webm-vp8: eb34c28f22e8b96e1ab97ce403110664 -> 
  custom:audio-encoder-webm-vorbis: bf7c407c2cedff20999df2af8eb42d56 -> 
  custom:framework-win-MediaFoundation: 216162199b28c13a410421893ffa2e32 -> 
  custom:container-demuxer-ogg: 62fdf1f143b41e24485cea50d1cbac27 -> 
  custom:video-decoder-webm-vp8: 9c59270c3fd7afecdb556c50c9e8de78 -> 
  custom:audio-decoder-ogg-vorbis: bf7c407c2cedff20999df2af8eb42d56 -> 
========================================================================
Received Prepare
Registering precompiled user dll's ...
Registered in 0.007676 seconds.
Begin MonoManager ReloadAssembly
Symbol file LoadedFromMemory doesn't match image C:\Users\pfran\Documents\GitHub\MULT-150\pfrancia_hour6\Library\PackageCache\com.unity.visualscripting@1.8.0\Editor\VisualScripting.Core\Dependencies\YamlDotNet\Unity.VisualScripting.YamlDotNet.dll
Symbol file LoadedFromMemory doesn't match image C:\Users\pfran\Documents\GitHub\MULT-150\pfrancia_hour6\Library\PackageCache\com.unity.visualscripting@1.8.0\Editor\VisualScripting.Core\Dependencies\DotNetZip\Unity.VisualScripting.IonicZip.dll
Native extension for WindowsStandalone target not found
Refreshing native plugins compatible for Editor in 1.07 ms, found 3 plugins.
Preloading 0 native plugins for Editor in 0.00 ms.
Mono: successfully reloaded assembly
- Completed reload, in  1.964 seconds
Domain Reload Profiling:
	ReloadAssembly (1965ms)
		BeginReloadAssembly (160ms)
			ExecutionOrderSort (0ms)
			DisableScriptedObjects (5ms)
			BackupInstance (0ms)
			ReleaseScriptingObjects (0ms)
			CreateAndSetChildDomain (37ms)
		EndReloadAssembly (1668ms)
			LoadAssemblies (153ms)
			RebuildTransferFunctionScriptingTraits (0ms)
			SetupTypeCache (661ms)
			ReleaseScriptCaches (3ms)
			RebuildScriptCaches (95ms)
			SetupLoadedEditorAssemblies (628ms)
				LogAssemblyErrors (0ms)
				InitializePlatformSupportModulesInManaged (16ms)
				SetLoadedEditorAssemblies (1ms)
				RefreshPlugins (2ms)
				BeforeProcessingInitializeOnLoad (137ms)
				ProcessInitializeOnLoadAttributes (409ms)
				ProcessInitializeOnLoadMethodAttributes (44ms)
				AfterProcessingInitializeOnLoad (19ms)
				EditorAssembliesLoaded (0ms)
			ExecutionOrderSort2 (0ms)
			AwakeInstancesAfterBackupRestoration (14ms)
Platform modules already initialized, skipping
Refreshing native plugins compatible for Editor in 6.83 ms, found 3 plugins.
Preloading 0 native plugins for Editor in 0.00 ms.
Unloading 3056 Unused Serialized files (Serialized files now loaded: 0)
Unloading 15 unused Assets / (24.8 KB). Loaded Objects now: 3680.
Memory consumption went from 131.7 MB to 131.6 MB.
Total: 5.985900 ms (FindLiveObjects: 0.865900 ms CreateObjectMapping: 0.213800 ms MarkObjects: 4.754900 ms  DeleteObjects: 0.147800 ms)

AssetImportParameters requested are different than current active one (requested -> active):
  custom:video-decoder-ogg-theora: a1e56fd34408186e4bbccfd4996cb3dc -> 
  custom:container-muxer-webm: aa71ff27fc2769a1b78a27578f13a17b -> 
  custom:container-demuxer-webm: 4f35f7cbe854078d1ac9338744f61a02 -> 
  custom:video-encoder-webm-vp8: eb34c28f22e8b96e1ab97ce403110664 -> 
  custom:audio-encoder-webm-vorbis: bf7c407c2cedff20999df2af8eb42d56 -> 
  custom:framework-win-MediaFoundation: 216162199b28c13a410421893ffa2e32 -> 
  custom:container-demuxer-ogg: 62fdf1f143b41e24485cea50d1cbac27 -> 
  custom:video-decoder-webm-vp8: 9c59270c3fd7afecdb556c50c9e8de78 -> 
  custom:audio-decoder-ogg-vorbis: bf7c407c2cedff20999df2af8eb42d56 -> 
========================================================================
Received Prepare
Registering precompiled user dll's ...
Registered in 0.006198 seconds.
Begin MonoManager ReloadAssembly
Symbol file LoadedFromMemory doesn't match image C:\Users\pfran\Documents\GitHub\MULT-150\pfrancia_hour6\Library\PackageCache\com.unity.visualscripting@1.8.0\Editor\VisualScripting.Core\Dependencies\YamlDotNet\Unity.VisualScripting.YamlDotNet.dll
Symbol file LoadedFromMemory doesn't match image C:\Users\pfran\Documents\GitHub\MULT-150\pfrancia_hour6\Library\PackageCache\com.unity.visualscripting@1.8.0\Editor\VisualScripting.Core\Dependencies\DotNetZip\Unity.VisualScripting.IonicZip.dll
Native extension for WindowsStandalone target not found
Refreshing native plugins compatible for Editor in 2.08 ms, found 3 plugins.
Preloading 0 native plugins for Editor in 0.00 ms.
Mono: successfully reloaded assembly
- Completed reload, in  1.972 seconds
Domain Reload Profiling:
	ReloadAssembly (1974ms)
		BeginReloadAssembly (167ms)
			ExecutionOrderSort (0ms)
			DisableScriptedObjects (7ms)
			BackupInstance (0ms)
			ReleaseScriptingObjects (0ms)
			CreateAndSetChildDomain (39ms)
		EndReloadAssembly (1687ms)
			LoadAssemblies (120ms)
			RebuildTransferFunctionScriptingTraits (0ms)
			SetupTypeCache (547ms)
			ReleaseScriptCaches (3ms)
			RebuildScriptCaches (139ms)
			SetupLoadedEditorAssemblies (726ms)
				LogAssemblyErrors (0ms)
				InitializePlatformSupportModulesInManaged (14ms)
				SetLoadedEditorAssemblies (1ms)
				RefreshPlugins (2ms)
				BeforeProcessingInitializeOnLoad (133ms)
				ProcessInitializeOnLoadAttributes (512ms)
				ProcessInitializeOnLoadMethodAttributes (44ms)
				AfterProcessingInitializeOnLoad (19ms)
				EditorAssembliesLoaded (1ms)
			ExecutionOrderSort2 (0ms)
			AwakeInstancesAfterBackupRestoration (14ms)
Platform modules already initialized, skipping
Refreshing native plugins compatible for Editor in 4.27 ms, found 3 plugins.
Preloading 0 native plugins for Editor in 0.00 ms.
Unloading 3056 Unused Serialized files (Serialized files now loaded: 0)
Unloading 15 unused Assets / (24.6 KB). Loaded Objects now: 3683.
Memory consumption went from 131.7 MB to 131.6 MB.
Total: 6.625000 ms (FindLiveObjects: 0.736600 ms CreateObjectMapping: 0.187900 ms MarkObjects: 5.574900 ms  DeleteObjects: 0.123500 ms)

AssetImportParameters requested are different than current active one (requested -> active):
  custom:video-decoder-ogg-theora: a1e56fd34408186e4bbccfd4996cb3dc -> 
  custom:container-muxer-webm: aa71ff27fc2769a1b78a27578f13a17b -> 
  custom:container-demuxer-webm: 4f35f7cbe854078d1ac9338744f61a02 -> 
  custom:video-encoder-webm-vp8: eb34c28f22e8b96e1ab97ce403110664 -> 
  custom:audio-encoder-webm-vorbis: bf7c407c2cedff20999df2af8eb42d56 -> 
  custom:framework-win-MediaFoundation: 216162199b28c13a410421893ffa2e32 -> 
  custom:container-demuxer-ogg: 62fdf1f143b41e24485cea50d1cbac27 -> 
  custom:video-decoder-webm-vp8: 9c59270c3fd7afecdb556c50c9e8de78 -> 
  custom:audio-decoder-ogg-vorbis: bf7c407c2cedff20999df2af8eb42d56 -> 
========================================================================
Received Prepare
Registering precompiled user dll's ...
Registered in 0.006160 seconds.
Begin MonoManager ReloadAssembly
Symbol file LoadedFromMemory doesn't match image C:\Users\pfran\Documents\GitHub\MULT-150\pfrancia_hour6\Library\PackageCache\com.unity.visualscripting@1.8.0\Editor\VisualScripting.Core\Dependencies\YamlDotNet\Unity.VisualScripting.YamlDotNet.dll
Symbol file LoadedFromMemory doesn't match image C:\Users\pfran\Documents\GitHub\MULT-150\pfrancia_hour6\Library\PackageCache\com.unity.visualscripting@1.8.0\Editor\VisualScripting.Core\Dependencies\DotNetZip\Unity.VisualScripting.IonicZip.dll
Native extension for WindowsStandalone target not found
Refreshing native plugins compatible for Editor in 1.19 ms, found 3 plugins.
Preloading 0 native plugins for Editor in 0.00 ms.
Mono: successfully reloaded assembly
- Completed reload, in  1.864 seconds
Domain Reload Profiling:
	ReloadAssembly (1865ms)
		BeginReloadAssembly (164ms)
			ExecutionOrderSort (0ms)
			DisableScriptedObjects (8ms)
			BackupInstance (0ms)
			ReleaseScriptingObjects (0ms)
			CreateAndSetChildDomain (36ms)
		EndReloadAssembly (1593ms)
			LoadAssemblies (119ms)
			RebuildTransferFunctionScriptingTraits (0ms)
			SetupTypeCache (545ms)
			ReleaseScriptCaches (3ms)
			RebuildScriptCaches (146ms)
			SetupLoadedEditorAssemblies (648ms)
				LogAssemblyErrors (0ms)
				InitializePlatformSupportModulesInManaged (14ms)
				SetLoadedEditorAssemblies (1ms)
				RefreshPlugins (2ms)
				BeforeProcessingInitializeOnLoad (135ms)
				ProcessInitializeOnLoadAttributes (434ms)
				ProcessInitializeOnLoadMethodAttributes (43ms)
				AfterProcessingInitializeOnLoad (19ms)
				EditorAssembliesLoaded (1ms)
			ExecutionOrderSort2 (0ms)
			AwakeInstancesAfterBackupRestoration (15ms)
Platform modules already initialized, skipping
Refreshing native plugins compatible for Editor in 3.73 ms, found 3 plugins.
Preloading 0 native plugins for Editor in 0.00 ms.
Unloading 3056 Unused Serialized files (Serialized files now loaded: 0)
Unloading 15 unused Assets / (24.7 KB). Loaded Objects now: 3686.
Memory consumption went from 131.7 MB to 131.7 MB.
Total: 7.881700 ms (FindLiveObjects: 0.536800 ms CreateObjectMapping: 0.141000 ms MarkObjects: 7.073300 ms  DeleteObjects: 0.126300 ms)

AssetImportParameters requested are different than current active one (requested -> active):
  custom:video-decoder-ogg-theora: a1e56fd34408186e4bbccfd4996cb3dc -> 
  custom:container-muxer-webm: aa71ff27fc2769a1b78a27578f13a17b -> 
  custom:container-demuxer-webm: 4f35f7cbe854078d1ac9338744f61a02 -> 
  custom:video-encoder-webm-vp8: eb34c28f22e8b96e1ab97ce403110664 -> 
  custom:audio-encoder-webm-vorbis: bf7c407c2cedff20999df2af8eb42d56 -> 
  custom:framework-win-MediaFoundation: 216162199b28c13a410421893ffa2e32 -> 
  custom:container-demuxer-ogg: 62fdf1f143b41e24485cea50d1cbac27 -> 
  custom:video-decoder-webm-vp8: 9c59270c3fd7afecdb556c50c9e8de78 -> 
  custom:audio-decoder-ogg-vorbis: bf7c407c2cedff20999df2af8eb42d56 -> 
========================================================================
Received Prepare
Registering precompiled user dll's ...
Registered in 0.008471 seconds.
Begin MonoManager ReloadAssembly
Symbol file LoadedFromMemory doesn't match image C:\Users\pfran\Documents\GitHub\MULT-150\pfrancia_hour6\Library\PackageCache\com.unity.visualscripting@1.8.0\Editor\VisualScripting.Core\Dependencies\YamlDotNet\Unity.VisualScripting.YamlDotNet.dll
Symbol file LoadedFromMemory doesn't match image C:\Users\pfran\Documents\GitHub\MULT-150\pfrancia_hour6\Library\PackageCache\com.unity.visualscripting@1.8.0\Editor\VisualScripting.Core\Dependencies\DotNetZip\Unity.VisualScripting.IonicZip.dll
Native extension for WindowsStandalone target not found
Refreshing native plugins compatible for Editor in 1.76 ms, found 3 plugins.
Preloading 0 native plugins for Editor in 0.00 ms.
Mono: successfully reloaded assembly
- Completed reload, in  2.077 seconds
Domain Reload Profiling:
	ReloadAssembly (2081ms)
		BeginReloadAssembly (183ms)
			ExecutionOrderSort (0ms)
			DisableScriptedObjects (6ms)
			BackupInstance (0ms)
			ReleaseScriptingObjects (0ms)
			CreateAndSetChildDomain (49ms)
		EndReloadAssembly (1793ms)
			LoadAssemblies (109ms)
			RebuildTransferFunctionScriptingTraits (0ms)
			SetupTypeCache (515ms)
			ReleaseScriptCaches (4ms)
			RebuildScriptCaches (83ms)
			SetupLoadedEditorAssemblies (885ms)
				LogAssemblyErrors (0ms)
				InitializePlatformSupportModulesInManaged (22ms)
				SetLoadedEditorAssemblies (2ms)
				RefreshPlugins (2ms)
				BeforeProcessingInitializeOnLoad (190ms)
				ProcessInitializeOnLoadAttributes (556ms)
				ProcessInitializeOnLoadMethodAttributes (80ms)
				AfterProcessingInitializeOnLoad (33ms)
				EditorAssembliesLoaded (1ms)
			ExecutionOrderSort2 (0ms)
			AwakeInstancesAfterBackupRestoration (39ms)
Platform modules already initialized, skipping
Refreshing native plugins compatible for Editor in 6.16 ms, found 3 plugins.
Preloading 0 native plugins for Editor in 0.00 ms.
Unloading 3056 Unused Serialized files (Serialized files now loaded: 0)
Unloading 15 unused Assets / (24.7 KB). Loaded Objects now: 3689.
Memory consumption went from 131.7 MB to 131.7 MB.
Total: 3.352300 ms (FindLiveObjects: 0.325800 ms CreateObjectMapping: 0.096400 ms MarkObjects: 2.899000 ms  DeleteObjects: 0.029500 ms)

AssetImportParameters requested are different than current active one (requested -> active):
  custom:video-decoder-ogg-theora: a1e56fd34408186e4bbccfd4996cb3dc -> 
  custom:container-muxer-webm: aa71ff27fc2769a1b78a27578f13a17b -> 
  custom:container-demuxer-webm: 4f35f7cbe854078d1ac9338744f61a02 -> 
  custom:video-encoder-webm-vp8: eb34c28f22e8b96e1ab97ce403110664 -> 
  custom:audio-encoder-webm-vorbis: bf7c407c2cedff20999df2af8eb42d56 -> 
  custom:framework-win-MediaFoundation: 216162199b28c13a410421893ffa2e32 -> 
  custom:container-demuxer-ogg: 62fdf1f143b41e24485cea50d1cbac27 -> 
  custom:video-decoder-webm-vp8: 9c59270c3fd7afecdb556c50c9e8de78 -> 
  custom:audio-decoder-ogg-vorbis: bf7c407c2cedff20999df2af8eb42d56 -> 
========================================================================
Received Prepare
Registering precompiled user dll's ...
Registered in 0.007193 seconds.
Begin MonoManager ReloadAssembly
Symbol file LoadedFromMemory doesn't match image C:\Users\pfran\Documents\GitHub\MULT-150\pfrancia_hour6\Library\PackageCache\com.unity.visualscripting@1.8.0\Editor\VisualScripting.Core\Dependencies\YamlDotNet\Unity.VisualScripting.YamlDotNet.dll
Symbol file LoadedFromMemory doesn't match image C:\Users\pfran\Documents\GitHub\MULT-150\pfrancia_hour6\Library\PackageCache\com.unity.visualscripting@1.8.0\Editor\VisualScripting.Core\Dependencies\DotNetZip\Unity.VisualScripting.IonicZip.dll
Native extension for WindowsStandalone target not found
Refreshing native plugins compatible for Editor in 1.69 ms, found 3 plugins.
Preloading 0 native plugins for Editor in 0.00 ms.
Mono: successfully reloaded assembly
- Completed reload, in  1.894 seconds
Domain Reload Profiling:
	ReloadAssembly (1895ms)
		BeginReloadAssembly (163ms)
			ExecutionOrderSort (0ms)
			DisableScriptedObjects (6ms)
			BackupInstance (0ms)
			ReleaseScriptingObjects (0ms)
			CreateAndSetChildDomain (38ms)
		EndReloadAssembly (1623ms)
			LoadAssemblies (112ms)
			RebuildTransferFunctionScriptingTraits (0ms)
			SetupTypeCache (557ms)
			ReleaseScriptCaches (3ms)
			RebuildScriptCaches (114ms)
			SetupLoadedEditorAssemblies (651ms)
				LogAssemblyErrors (0ms)
				InitializePlatformSupportModulesInManaged (12ms)
				SetLoadedEditorAssemblies (1ms)
				RefreshPlugins (2ms)
				BeforeProcessingInitializeOnLoad (129ms)
				ProcessInitializeOnLoadAttributes (431ms)
				ProcessInitializeOnLoadMethodAttributes (47ms)
				AfterProcessingInitializeOnLoad (28ms)
				EditorAssembliesLoaded (1ms)
			ExecutionOrderSort2 (0ms)
			AwakeInstancesAfterBackupRestoration (16ms)
Platform modules already initialized, skipping
Refreshing native plugins compatible for Editor in 7.32 ms, found 3 plugins.
Preloading 0 native plugins for Editor in 0.00 ms.
Unloading 3056 Unused Serialized files (Serialized files now loaded: 0)
Unloading 15 unused Assets / (24.6 KB). Loaded Objects now: 3692.
Memory consumption went from 131.7 MB to 131.7 MB.
Total: 8.248400 ms (FindLiveObjects: 1.090700 ms CreateObjectMapping: 0.565200 ms MarkObjects: 6.520700 ms  DeleteObjects: 0.068200 ms)

AssetImportParameters requested are different than current active one (requested -> active):
  custom:video-decoder-ogg-theora: a1e56fd34408186e4bbccfd4996cb3dc -> 
  custom:container-muxer-webm: aa71ff27fc2769a1b78a27578f13a17b -> 
  custom:container-demuxer-webm: 4f35f7cbe854078d1ac9338744f61a02 -> 
  custom:video-encoder-webm-vp8: eb34c28f22e8b96e1ab97ce403110664 -> 
  custom:audio-encoder-webm-vorbis: bf7c407c2cedff20999df2af8eb42d56 -> 
  custom:framework-win-MediaFoundation: 216162199b28c13a410421893ffa2e32 -> 
  custom:container-demuxer-ogg: 62fdf1f143b41e24485cea50d1cbac27 -> 
  custom:video-decoder-webm-vp8: 9c59270c3fd7afecdb556c50c9e8de78 -> 
  custom:audio-decoder-ogg-vorbis: bf7c407c2cedff20999df2af8eb42d56 -> 
========================================================================
Received Prepare
Registering precompiled user dll's ...
Registered in 0.007047 seconds.
Begin MonoManager ReloadAssembly
Symbol file LoadedFromMemory doesn't match image C:\Users\pfran\Documents\GitHub\MULT-150\pfrancia_hour6\Library\PackageCache\com.unity.visualscripting@1.8.0\Editor\VisualScripting.Core\Dependencies\YamlDotNet\Unity.VisualScripting.YamlDotNet.dll
Symbol file LoadedFromMemory doesn't match image C:\Users\pfran\Documents\GitHub\MULT-150\pfrancia_hour6\Library\PackageCache\com.unity.visualscripting@1.8.0\Editor\VisualScripting.Core\Dependencies\DotNetZip\Unity.VisualScripting.IonicZip.dll
Native extension for WindowsStandalone target not found
Refreshing native plugins compatible for Editor in 0.78 ms, found 3 plugins.
Preloading 0 native plugins for Editor in 0.00 ms.
Mono: successfully reloaded assembly
- Completed reload, in  2.017 seconds
Domain Reload Profiling:
	ReloadAssembly (2018ms)
		BeginReloadAssembly (174ms)
			ExecutionOrderSort (0ms)
			DisableScriptedObjects (5ms)
			BackupInstance (0ms)
			ReleaseScriptingObjects (0ms)
			CreateAndSetChildDomain (40ms)
		EndReloadAssembly (1734ms)
			LoadAssemblies (117ms)
			RebuildTransferFunctionScriptingTraits (0ms)
			SetupTypeCache (572ms)
			ReleaseScriptCaches (3ms)
			RebuildScriptCaches (154ms)
			SetupLoadedEditorAssemblies (703ms)
				LogAssemblyErrors (0ms)
				InitializePlatformSupportModulesInManaged (26ms)
				SetLoadedEditorAssemblies (1ms)
				RefreshPlugins (1ms)
				BeforeProcessingInitializeOnLoad (150ms)
				ProcessInitializeOnLoadAttributes (462ms)
				ProcessInitializeOnLoadMethodAttributes (43ms)
				AfterProcessingInitializeOnLoad (20ms)
				EditorAssembliesLoaded (1ms)
			ExecutionOrderSort2 (0ms)
			AwakeInstancesAfterBackupRestoration (16ms)
Platform modules already initialized, skipping
Refreshing native plugins compatible for Editor in 2.11 ms, found 3 plugins.
Preloading 0 native plugins for Editor in 0.00 ms.
Unloading 3056 Unused Serialized files (Serialized files now loaded: 0)
Unloading 15 unused Assets / (24.6 KB). Loaded Objects now: 3695.
Memory consumption went from 131.7 MB to 131.7 MB.
Total: 3.106500 ms (FindLiveObjects: 0.401600 ms CreateObjectMapping: 0.142600 ms MarkObjects: 2.528800 ms  DeleteObjects: 0.031600 ms)

AssetImportParameters requested are different than current active one (requested -> active):
  custom:video-decoder-ogg-theora: a1e56fd34408186e4bbccfd4996cb3dc -> 
  custom:container-muxer-webm: aa71ff27fc2769a1b78a27578f13a17b -> 
  custom:container-demuxer-webm: 4f35f7cbe854078d1ac9338744f61a02 -> 
  custom:video-encoder-webm-vp8: eb34c28f22e8b96e1ab97ce403110664 -> 
  custom:audio-encoder-webm-vorbis: bf7c407c2cedff20999df2af8eb42d56 -> 
  custom:framework-win-MediaFoundation: 216162199b28c13a410421893ffa2e32 -> 
  custom:container-demuxer-ogg: 62fdf1f143b41e24485cea50d1cbac27 -> 
  custom:video-decoder-webm-vp8: 9c59270c3fd7afecdb556c50c9e8de78 -> 
  custom:audio-decoder-ogg-vorbis: bf7c407c2cedff20999df2af8eb42d56 -> 
========================================================================
Received Prepare
Registering precompiled user dll's ...
Registered in 0.006677 seconds.
Begin MonoManager ReloadAssembly
Symbol file LoadedFromMemory doesn't match image C:\Users\pfran\Documents\GitHub\MULT-150\pfrancia_hour6\Library\PackageCache\com.unity.visualscripting@1.8.0\Editor\VisualScripting.Core\Dependencies\YamlDotNet\Unity.VisualScripting.YamlDotNet.dll
Symbol file LoadedFromMemory doesn't match image C:\Users\pfran\Documents\GitHub\MULT-150\pfrancia_hour6\Library\PackageCache\com.unity.visualscripting@1.8.0\Editor\VisualScripting.Core\Dependencies\DotNetZip\Unity.VisualScripting.IonicZip.dll
Native extension for WindowsStandalone target not found
Refreshing native plugins compatible for Editor in 2.04 ms, found 3 plugins.
Preloading 0 native plugins for Editor in 0.00 ms.
Mono: successfully reloaded assembly
- Completed reload, in  2.793 seconds
Domain Reload Profiling:
	ReloadAssembly (2795ms)
		BeginReloadAssembly (449ms)
			ExecutionOrderSort (0ms)
			DisableScriptedObjects (15ms)
			BackupInstance (0ms)
			ReleaseScriptingObjects (0ms)
			CreateAndSetChildDomain (157ms)
		EndReloadAssembly (1840ms)
			LoadAssemblies (361ms)
			RebuildTransferFunctionScriptingTraits (0ms)
			SetupTypeCache (684ms)
			ReleaseScriptCaches (4ms)
			RebuildScriptCaches (124ms)
			SetupLoadedEditorAssemblies (605ms)
				LogAssemblyErrors (0ms)
				InitializePlatformSupportModulesInManaged (38ms)
				SetLoadedEditorAssemblies (3ms)
				RefreshPlugins (2ms)
				BeforeProcessingInitializeOnLoad (134ms)
				ProcessInitializeOnLoadAttributes (389ms)
				ProcessInitializeOnLoadMethodAttributes (24ms)
				AfterProcessingInitializeOnLoad (14ms)
				EditorAssembliesLoaded (0ms)
			ExecutionOrderSort2 (0ms)
			AwakeInstancesAfterBackupRestoration (7ms)
Platform modules already initialized, skipping
Refreshing native plugins compatible for Editor in 2.21 ms, found 3 plugins.
Preloading 0 native plugins for Editor in 0.00 ms.
Unloading 3056 Unused Serialized files (Serialized files now loaded: 0)
Unloading 15 unused Assets / (24.6 KB). Loaded Objects now: 3698.
Memory consumption went from 131.7 MB to 131.7 MB.
Total: 3.491300 ms (FindLiveObjects: 0.488000 ms CreateObjectMapping: 0.160400 ms MarkObjects: 2.806300 ms  DeleteObjects: 0.035100 ms)

AssetImportParameters requested are different than current active one (requested -> active):
  custom:video-decoder-ogg-theora: a1e56fd34408186e4bbccfd4996cb3dc -> 
  custom:container-muxer-webm: aa71ff27fc2769a1b78a27578f13a17b -> 
  custom:container-demuxer-webm: 4f35f7cbe854078d1ac9338744f61a02 -> 
  custom:video-encoder-webm-vp8: eb34c28f22e8b96e1ab97ce403110664 -> 
  custom:audio-encoder-webm-vorbis: bf7c407c2cedff20999df2af8eb42d56 -> 
  custom:framework-win-MediaFoundation: 216162199b28c13a410421893ffa2e32 -> 
  custom:container-demuxer-ogg: 62fdf1f143b41e24485cea50d1cbac27 -> 
  custom:video-decoder-webm-vp8: 9c59270c3fd7afecdb556c50c9e8de78 -> 
  custom:audio-decoder-ogg-vorbis: bf7c407c2cedff20999df2af8eb42d56 -> 
========================================================================
Received Prepare
Registering precompiled user dll's ...
Registered in 0.008042 seconds.
Begin MonoManager ReloadAssembly
Symbol file LoadedFromMemory doesn't match image C:\Users\pfran\Documents\GitHub\MULT-150\pfrancia_hour6\Library\PackageCache\com.unity.visualscripting@1.8.0\Editor\VisualScripting.Core\Dependencies\YamlDotNet\Unity.VisualScripting.YamlDotNet.dll
Symbol file LoadedFromMemory doesn't match image C:\Users\pfran\Documents\GitHub\MULT-150\pfrancia_hour6\Library\PackageCache\com.unity.visualscripting@1.8.0\Editor\VisualScripting.Core\Dependencies\DotNetZip\Unity.VisualScripting.IonicZip.dll
Native extension for WindowsStandalone target not found
Refreshing native plugins compatible for Editor in 1.76 ms, found 3 plugins.
Preloading 0 native plugins for Editor in 0.00 ms.
Mono: successfully reloaded assembly
- Completed reload, in  1.846 seconds
Domain Reload Profiling:
	ReloadAssembly (1847ms)
		BeginReloadAssembly (189ms)
			ExecutionOrderSort (0ms)
			DisableScriptedObjects (7ms)
			BackupInstance (0ms)
			ReleaseScriptingObjects (0ms)
			CreateAndSetChildDomain (38ms)
		EndReloadAssembly (1552ms)
			LoadAssemblies (117ms)
			RebuildTransferFunctionScriptingTraits (0ms)
			SetupTypeCache (569ms)
			ReleaseScriptCaches (2ms)
			RebuildScriptCaches (116ms)
			SetupLoadedEditorAssemblies (582ms)
				LogAssemblyErrors (0ms)
				InitializePlatformSupportModulesInManaged (15ms)
				SetLoadedEditorAssemblies (1ms)
				RefreshPlugins (2ms)
				BeforeProcessingInitializeOnLoad (129ms)
				ProcessInitializeOnLoadAttributes (379ms)
				ProcessInitializeOnLoadMethodAttributes (37ms)
				AfterProcessingInitializeOnLoad (19ms)
				EditorAssembliesLoaded (0ms)
			ExecutionOrderSort2 (0ms)
			AwakeInstancesAfterBackupRestoration (11ms)
Platform modules already initialized, skipping
Refreshing native plugins compatible for Editor in 3.64 ms, found 3 plugins.
Preloading 0 native plugins for Editor in 0.00 ms.
Unloading 3056 Unused Serialized files (Serialized files now loaded: 0)
Unloading 15 unused Assets / (24.7 KB). Loaded Objects now: 3701.
Memory consumption went from 131.7 MB to 131.7 MB.
Total: 4.571500 ms (FindLiveObjects: 0.626900 ms CreateObjectMapping: 0.206000 ms MarkObjects: 3.688800 ms  DeleteObjects: 0.047900 ms)

AssetImportParameters requested are different than current active one (requested -> active):
  custom:video-decoder-ogg-theora: a1e56fd34408186e4bbccfd4996cb3dc -> 
  custom:container-muxer-webm: aa71ff27fc2769a1b78a27578f13a17b -> 
  custom:container-demuxer-webm: 4f35f7cbe854078d1ac9338744f61a02 -> 
  custom:video-encoder-webm-vp8: eb34c28f22e8b96e1ab97ce403110664 -> 
  custom:audio-encoder-webm-vorbis: bf7c407c2cedff20999df2af8eb42d56 -> 
  custom:framework-win-MediaFoundation: 216162199b28c13a410421893ffa2e32 -> 
  custom:container-demuxer-ogg: 62fdf1f143b41e24485cea50d1cbac27 -> 
  custom:video-decoder-webm-vp8: 9c59270c3fd7afecdb556c50c9e8de78 -> 
  custom:audio-decoder-ogg-vorbis: bf7c407c2cedff20999df2af8eb42d56 -> 
========================================================================
Received Prepare
Registering precompiled user dll's ...
Registered in 0.007530 seconds.
Begin MonoManager ReloadAssembly
Symbol file LoadedFromMemory doesn't match image C:\Users\pfran\Documents\GitHub\MULT-150\pfrancia_hour6\Library\PackageCache\com.unity.visualscripting@1.8.0\Editor\VisualScripting.Core\Dependencies\YamlDotNet\Unity.VisualScripting.YamlDotNet.dll
Symbol file LoadedFromMemory doesn't match image C:\Users\pfran\Documents\GitHub\MULT-150\pfrancia_hour6\Library\PackageCache\com.unity.visualscripting@1.8.0\Editor\VisualScripting.Core\Dependencies\DotNetZip\Unity.VisualScripting.IonicZip.dll
Native extension for WindowsStandalone target not found
Refreshing native plugins compatible for Editor in 0.92 ms, found 3 plugins.
Preloading 0 native plugins for Editor in 0.00 ms.
Mono: successfully reloaded assembly
- Completed reload, in  1.869 seconds
Domain Reload Profiling:
	ReloadAssembly (1871ms)
		BeginReloadAssembly (195ms)
			ExecutionOrderSort (0ms)
			DisableScriptedObjects (7ms)
			BackupInstance (0ms)
			ReleaseScriptingObjects (0ms)
			CreateAndSetChildDomain (67ms)
		EndReloadAssembly (1562ms)
			LoadAssemblies (120ms)
			RebuildTransferFunctionScriptingTraits (0ms)
			SetupTypeCache (539ms)
			ReleaseScriptCaches (4ms)
			RebuildScriptCaches (145ms)
			SetupLoadedEditorAssemblies (617ms)
				LogAssemblyErrors (0ms)
				InitializePlatformSupportModulesInManaged (12ms)
				SetLoadedEditorAssemblies (1ms)
				RefreshPlugins (1ms)
				BeforeProcessingInitializeOnLoad (136ms)
				ProcessInitializeOnLoadAttributes (408ms)
				ProcessInitializeOnLoadMethodAttributes (37ms)
				AfterProcessingInitializeOnLoad (22ms)
				EditorAssembliesLoaded (1ms)
			ExecutionOrderSort2 (0ms)
			AwakeInstancesAfterBackupRestoration (15ms)
Platform modules already initialized, skipping
Refreshing native plugins compatible for Editor in 3.44 ms, found 3 plugins.
Preloading 0 native plugins for Editor in 0.00 ms.
Unloading 3056 Unused Serialized files (Serialized files now loaded: 0)
Unloading 15 unused Assets / (24.6 KB). Loaded Objects now: 3704.
Memory consumption went from 131.7 MB to 131.7 MB.
Total: 8.235600 ms (FindLiveObjects: 1.298300 ms CreateObjectMapping: 0.865700 ms MarkObjects: 6.021100 ms  DeleteObjects: 0.046300 ms)

AssetImportParameters requested are different than current active one (requested -> active):
  custom:video-decoder-ogg-theora: a1e56fd34408186e4bbccfd4996cb3dc -> 
  custom:container-muxer-webm: aa71ff27fc2769a1b78a27578f13a17b -> 
  custom:container-demuxer-webm: 4f35f7cbe854078d1ac9338744f61a02 -> 
  custom:video-encoder-webm-vp8: eb34c28f22e8b96e1ab97ce403110664 -> 
  custom:audio-encoder-webm-vorbis: bf7c407c2cedff20999df2af8eb42d56 -> 
  custom:framework-win-MediaFoundation: 216162199b28c13a410421893ffa2e32 -> 
  custom:container-demuxer-ogg: 62fdf1f143b41e24485cea50d1cbac27 -> 
  custom:video-decoder-webm-vp8: 9c59270c3fd7afecdb556c50c9e8de78 -> 
  custom:audio-decoder-ogg-vorbis: bf7c407c2cedff20999df2af8eb42d56 -> 
========================================================================
Received Prepare
Registering precompiled user dll's ...
Registered in 0.012968 seconds.
Begin MonoManager ReloadAssembly
Symbol file LoadedFromMemory doesn't match image C:\Users\pfran\Documents\GitHub\MULT-150\pfrancia_hour6\Library\PackageCache\com.unity.visualscripting@1.8.0\Editor\VisualScripting.Core\Dependencies\YamlDotNet\Unity.VisualScripting.YamlDotNet.dll
Symbol file LoadedFromMemory doesn't match image C:\Users\pfran\Documents\GitHub\MULT-150\pfrancia_hour6\Library\PackageCache\com.unity.visualscripting@1.8.0\Editor\VisualScripting.Core\Dependencies\DotNetZip\Unity.VisualScripting.IonicZip.dll
Native extension for WindowsStandalone target not found
Refreshing native plugins compatible for Editor in 1.03 ms, found 3 plugins.
Preloading 0 native plugins for Editor in 0.00 ms.
Mono: successfully reloaded assembly
- Completed reload, in  1.738 seconds
Domain Reload Profiling:
	ReloadAssembly (1739ms)
		BeginReloadAssembly (165ms)
			ExecutionOrderSort (0ms)
			DisableScriptedObjects (7ms)
			BackupInstance (0ms)
			ReleaseScriptingObjects (0ms)
			CreateAndSetChildDomain (37ms)
		EndReloadAssembly (1467ms)
			LoadAssemblies (118ms)
			RebuildTransferFunctionScriptingTraits (0ms)
			SetupTypeCache (501ms)
			ReleaseScriptCaches (2ms)
			RebuildScriptCaches (74ms)
			SetupLoadedEditorAssemblies (662ms)
				LogAssemblyErrors (0ms)
				InitializePlatformSupportModulesInManaged (14ms)
				SetLoadedEditorAssemblies (1ms)
				RefreshPlugins (1ms)
				BeforeProcessingInitializeOnLoad (147ms)
				ProcessInitializeOnLoadAttributes (443ms)
				ProcessInitializeOnLoadMethodAttributes (36ms)
				AfterProcessingInitializeOnLoad (19ms)
				EditorAssembliesLoaded (1ms)
			ExecutionOrderSort2 (0ms)
			AwakeInstancesAfterBackupRestoration (11ms)
Platform modules already initialized, skipping
Refreshing native plugins compatible for Editor in 5.21 ms, found 3 plugins.
Preloading 0 native plugins for Editor in 0.00 ms.
Unloading 3056 Unused Serialized files (Serialized files now loaded: 0)
Unloading 15 unused Assets / (24.7 KB). Loaded Objects now: 3707.
Memory consumption went from 131.7 MB to 131.7 MB.
Total: 8.526500 ms (FindLiveObjects: 1.003300 ms CreateObjectMapping: 0.194500 ms MarkObjects: 7.270000 ms  DeleteObjects: 0.054300 ms)

AssetImportParameters requested are different than current active one (requested -> active):
  custom:video-decoder-ogg-theora: a1e56fd34408186e4bbccfd4996cb3dc -> 
  custom:container-muxer-webm: aa71ff27fc2769a1b78a27578f13a17b -> 
  custom:container-demuxer-webm: 4f35f7cbe854078d1ac9338744f61a02 -> 
  custom:video-encoder-webm-vp8: eb34c28f22e8b96e1ab97ce403110664 -> 
  custom:audio-encoder-webm-vorbis: bf7c407c2cedff20999df2af8eb42d56 -> 
  custom:framework-win-MediaFoundation: 216162199b28c13a410421893ffa2e32 -> 
  custom:container-demuxer-ogg: 62fdf1f143b41e24485cea50d1cbac27 -> 
  custom:video-decoder-webm-vp8: 9c59270c3fd7afecdb556c50c9e8de78 -> 
  custom:audio-decoder-ogg-vorbis: bf7c407c2cedff20999df2af8eb42d56 -> 
========================================================================
Received Prepare
Registering precompiled user dll's ...
Registered in 0.006121 seconds.
Begin MonoManager ReloadAssembly
Symbol file LoadedFromMemory doesn't match image C:\Users\pfran\Documents\GitHub\MULT-150\pfrancia_hour6\Library\PackageCache\com.unity.visualscripting@1.8.0\Editor\VisualScripting.Core\Dependencies\YamlDotNet\Unity.VisualScripting.YamlDotNet.dll
Symbol file LoadedFromMemory doesn't match image C:\Users\pfran\Documents\GitHub\MULT-150\pfrancia_hour6\Library\PackageCache\com.unity.visualscripting@1.8.0\Editor\VisualScripting.Core\Dependencies\DotNetZip\Unity.VisualScripting.IonicZip.dll
Native extension for WindowsStandalone target not found
Refreshing native plugins compatible for Editor in 3.69 ms, found 3 plugins.
Preloading 0 native plugins for Editor in 0.00 ms.
Mono: successfully reloaded assembly
- Completed reload, in  2.713 seconds
Domain Reload Profiling:
	ReloadAssembly (2719ms)
		BeginReloadAssembly (189ms)
			ExecutionOrderSort (0ms)
			DisableScriptedObjects (6ms)
			BackupInstance (0ms)
			ReleaseScriptingObjects (0ms)
			CreateAndSetChildDomain (40ms)
		EndReloadAssembly (2418ms)
			LoadAssemblies (136ms)
			RebuildTransferFunctionScriptingTraits (0ms)
			SetupTypeCache (504ms)
			ReleaseScriptCaches (3ms)
			RebuildScriptCaches (73ms)
			SetupLoadedEditorAssemblies (1463ms)
				LogAssemblyErrors (0ms)
				InitializePlatformSupportModulesInManaged (18ms)
				SetLoadedEditorAssemblies (2ms)
				RefreshPlugins (4ms)
				BeforeProcessingInitializeOnLoad (150ms)
				ProcessInitializeOnLoadAttributes (1175ms)
				ProcessInitializeOnLoadMethodAttributes (54ms)
				AfterProcessingInitializeOnLoad (57ms)
				EditorAssembliesLoaded (3ms)
			ExecutionOrderSort2 (0ms)
			AwakeInstancesAfterBackupRestoration (42ms)
Platform modules already initialized, skipping
Refreshing native plugins compatible for Editor in 8.02 ms, found 3 plugins.
Preloading 0 native plugins for Editor in 0.00 ms.
Unloading 3056 Unused Serialized files (Serialized files now loaded: 0)
Unloading 15 unused Assets / (24.7 KB). Loaded Objects now: 3710.
Memory consumption went from 131.7 MB to 131.7 MB.
Total: 9.542100 ms (FindLiveObjects: 1.557200 ms CreateObjectMapping: 0.598000 ms MarkObjects: 7.233200 ms  DeleteObjects: 0.149000 ms)

AssetImportParameters requested are different than current active one (requested -> active):
  custom:video-decoder-ogg-theora: a1e56fd34408186e4bbccfd4996cb3dc -> 
  custom:container-muxer-webm: aa71ff27fc2769a1b78a27578f13a17b -> 
  custom:container-demuxer-webm: 4f35f7cbe854078d1ac9338744f61a02 -> 
  custom:video-encoder-webm-vp8: eb34c28f22e8b96e1ab97ce403110664 -> 
  custom:audio-encoder-webm-vorbis: bf7c407c2cedff20999df2af8eb42d56 -> 
  custom:framework-win-MediaFoundation: 216162199b28c13a410421893ffa2e32 -> 
  custom:container-demuxer-ogg: 62fdf1f143b41e24485cea50d1cbac27 -> 
  custom:video-decoder-webm-vp8: 9c59270c3fd7afecdb556c50c9e8de78 -> 
  custom:audio-decoder-ogg-vorbis: bf7c407c2cedff20999df2af8eb42d56 -> 
========================================================================
Received Prepare
Registering precompiled user dll's ...
Registered in 0.006166 seconds.
Begin MonoManager ReloadAssembly
Symbol file LoadedFromMemory doesn't match image C:\Users\pfran\Documents\GitHub\MULT-150\pfrancia_hour6\Library\PackageCache\com.unity.visualscripting@1.8.0\Editor\VisualScripting.Core\Dependencies\YamlDotNet\Unity.VisualScripting.YamlDotNet.dll
Symbol file LoadedFromMemory doesn't match image C:\Users\pfran\Documents\GitHub\MULT-150\pfrancia_hour6\Library\PackageCache\com.unity.visualscripting@1.8.0\Editor\VisualScripting.Core\Dependencies\DotNetZip\Unity.VisualScripting.IonicZip.dll
Native extension for WindowsStandalone target not found
Refreshing native plugins compatible for Editor in 0.86 ms, found 3 plugins.
Preloading 0 native plugins for Editor in 0.00 ms.
Mono: successfully reloaded assembly
- Completed reload, in  1.746 seconds
Domain Reload Profiling:
	ReloadAssembly (1748ms)
		BeginReloadAssembly (183ms)
			ExecutionOrderSort (0ms)
			DisableScriptedObjects (5ms)
			BackupInstance (0ms)
			ReleaseScriptingObjects (0ms)
			CreateAndSetChildDomain (53ms)
		EndReloadAssembly (1459ms)
			LoadAssemblies (115ms)
			RebuildTransferFunctionScriptingTraits (0ms)
			SetupTypeCache (530ms)
			ReleaseScriptCaches (4ms)
			RebuildScriptCaches (74ms)
			SetupLoadedEditorAssemblies (595ms)
				LogAssemblyErrors (0ms)
				InitializePlatformSupportModulesInManaged (63ms)
				SetLoadedEditorAssemblies (1ms)
				RefreshPlugins (1ms)
				BeforeProcessingInitializeOnLoad (117ms)
				ProcessInitializeOnLoadAttributes (365ms)
				ProcessInitializeOnLoadMethodAttributes (31ms)
				AfterProcessingInitializeOnLoad (17ms)
				EditorAssembliesLoaded (1ms)
			ExecutionOrderSort2 (0ms)
			AwakeInstancesAfterBackupRestoration (12ms)
Platform modules already initialized, skipping
Refreshing native plugins compatible for Editor in 3.26 ms, found 3 plugins.
Preloading 0 native plugins for Editor in 0.00 ms.
Unloading 3056 Unused Serialized files (Serialized files now loaded: 0)
Unloading 15 unused Assets / (24.7 KB). Loaded Objects now: 3713.
Memory consumption went from 131.8 MB to 131.7 MB.
Total: 6.304300 ms (FindLiveObjects: 1.846200 ms CreateObjectMapping: 0.257500 ms MarkObjects: 4.150700 ms  DeleteObjects: 0.047500 ms)

AssetImportParameters requested are different than current active one (requested -> active):
  custom:video-decoder-ogg-theora: a1e56fd34408186e4bbccfd4996cb3dc -> 
  custom:container-muxer-webm: aa71ff27fc2769a1b78a27578f13a17b -> 
  custom:container-demuxer-webm: 4f35f7cbe854078d1ac9338744f61a02 -> 
  custom:video-encoder-webm-vp8: eb34c28f22e8b96e1ab97ce403110664 -> 
  custom:audio-encoder-webm-vorbis: bf7c407c2cedff20999df2af8eb42d56 -> 
  custom:framework-win-MediaFoundation: 216162199b28c13a410421893ffa2e32 -> 
  custom:container-demuxer-ogg: 62fdf1f143b41e24485cea50d1cbac27 -> 
  custom:video-decoder-webm-vp8: 9c59270c3fd7afecdb556c50c9e8de78 -> 
  custom:audio-decoder-ogg-vorbis: bf7c407c2cedff20999df2af8eb42d56 -> 
========================================================================
Received Import Request.
  Time since last request: 3215.216016 seconds.
  path: Assets/New Terrain 2.asset
  artifactKey: Guid(e56f6bd80b1c9694e8189c6a821016db) Importer(815301076,1909f56bfc062723c751e8b465ee728b)
Start importing Assets/New Terrain 2.asset using Guid(e56f6bd80b1c9694e8189c6a821016db) Importer(815301076,1909f56bfc062723c751e8b465ee728b)  -> (artifact id: '75e4db9e50ba4161432ace2d6b6e1b25') in 0.144679 seconds 
========================================================================
Received Prepare
Registering precompiled user dll's ...
Registered in 0.019406 seconds.
Begin MonoManager ReloadAssembly
Symbol file LoadedFromMemory doesn't match image C:\Users\pfran\Documents\GitHub\MULT-150\pfrancia_hour6\Library\PackageCache\com.unity.visualscripting@1.8.0\Editor\VisualScripting.Core\Dependencies\YamlDotNet\Unity.VisualScripting.YamlDotNet.dll
Symbol file LoadedFromMemory doesn't match image C:\Users\pfran\Documents\GitHub\MULT-150\pfrancia_hour6\Library\PackageCache\com.unity.visualscripting@1.8.0\Editor\VisualScripting.Core\Dependencies\DotNetZip\Unity.VisualScripting.IonicZip.dll
Native extension for WindowsStandalone target not found
Refreshing native plugins compatible for Editor in 1.87 ms, found 3 plugins.
Preloading 0 native plugins for Editor in 0.00 ms.
Mono: successfully reloaded assembly
- Completed reload, in  1.976 seconds
Domain Reload Profiling:
	ReloadAssembly (1978ms)
		BeginReloadAssembly (213ms)
			ExecutionOrderSort (0ms)
			DisableScriptedObjects (7ms)
			BackupInstance (0ms)
			ReleaseScriptingObjects (0ms)
			CreateAndSetChildDomain (47ms)
		EndReloadAssembly (1656ms)
			LoadAssemblies (153ms)
			RebuildTransferFunctionScriptingTraits (0ms)
			SetupTypeCache (572ms)
			ReleaseScriptCaches (4ms)
			RebuildScriptCaches (97ms)
			SetupLoadedEditorAssemblies (677ms)
				LogAssemblyErrors (0ms)
				InitializePlatformSupportModulesInManaged (10ms)
				SetLoadedEditorAssemblies (1ms)
				RefreshPlugins (2ms)
				BeforeProcessingInitializeOnLoad (122ms)
				ProcessInitializeOnLoadAttributes (480ms)
				ProcessInitializeOnLoadMethodAttributes (43ms)
				AfterProcessingInitializeOnLoad (18ms)
				EditorAssembliesLoaded (0ms)
			ExecutionOrderSort2 (0ms)
			AwakeInstancesAfterBackupRestoration (12ms)
Platform modules already initialized, skipping
Refreshing native plugins compatible for Editor in 4.86 ms, found 3 plugins.
Preloading 0 native plugins for Editor in 0.00 ms.
Unloading 3056 Unused Serialized files (Serialized files now loaded: 0)
Unloading 15 unused Assets / (24.6 KB). Loaded Objects now: 3716.
Memory consumption went from 131.8 MB to 131.7 MB.
Total: 8.232100 ms (FindLiveObjects: 1.078400 ms CreateObjectMapping: 0.200100 ms MarkObjects: 6.880200 ms  DeleteObjects: 0.068300 ms)

AssetImportParameters requested are different than current active one (requested -> active):
  custom:video-decoder-ogg-theora: a1e56fd34408186e4bbccfd4996cb3dc -> 
  custom:container-muxer-webm: aa71ff27fc2769a1b78a27578f13a17b -> 
  custom:container-demuxer-webm: 4f35f7cbe854078d1ac9338744f61a02 -> 
  custom:video-encoder-webm-vp8: eb34c28f22e8b96e1ab97ce403110664 -> 
  custom:audio-encoder-webm-vorbis: bf7c407c2cedff20999df2af8eb42d56 -> 
  custom:framework-win-MediaFoundation: 216162199b28c13a410421893ffa2e32 -> 
  custom:container-demuxer-ogg: 62fdf1f143b41e24485cea50d1cbac27 -> 
  custom:video-decoder-webm-vp8: 9c59270c3fd7afecdb556c50c9e8de78 -> 
  custom:audio-decoder-ogg-vorbis: bf7c407c2cedff20999df2af8eb42d56 -> 
========================================================================
Received Import Request.
  Time since last request: 7.708579 seconds.
  path: Assets/New Terrain 2.asset
  artifactKey: Guid(e56f6bd80b1c9694e8189c6a821016db) Importer(815301076,1909f56bfc062723c751e8b465ee728b)
Start importing Assets/New Terrain 2.asset using Guid(e56f6bd80b1c9694e8189c6a821016db) Importer(815301076,1909f56bfc062723c751e8b465ee728b)  -> (artifact id: '16d45175a95e5e4fde0adecdc3ab2bf1') in 0.142161 seconds 
========================================================================
Received Prepare
Registering precompiled user dll's ...
Registered in 0.007249 seconds.
Begin MonoManager ReloadAssembly
Symbol file LoadedFromMemory doesn't match image C:\Users\pfran\Documents\GitHub\MULT-150\pfrancia_hour6\Library\PackageCache\com.unity.visualscripting@1.8.0\Editor\VisualScripting.Core\Dependencies\YamlDotNet\Unity.VisualScripting.YamlDotNet.dll
Symbol file LoadedFromMemory doesn't match image C:\Users\pfran\Documents\GitHub\MULT-150\pfrancia_hour6\Library\PackageCache\com.unity.visualscripting@1.8.0\Editor\VisualScripting.Core\Dependencies\DotNetZip\Unity.VisualScripting.IonicZip.dll
Native extension for WindowsStandalone target not found
Refreshing native plugins compatible for Editor in 1.05 ms, found 3 plugins.
Preloading 0 native plugins for Editor in 0.00 ms.
Mono: successfully reloaded assembly
- Completed reload, in  1.829 seconds
Domain Reload Profiling:
	ReloadAssembly (1830ms)
		BeginReloadAssembly (199ms)
			ExecutionOrderSort (0ms)
			DisableScriptedObjects (17ms)
			BackupInstance (0ms)
			ReleaseScriptingObjects (0ms)
			CreateAndSetChildDomain (40ms)
		EndReloadAssembly (1505ms)
			LoadAssemblies (135ms)
			RebuildTransferFunctionScriptingTraits (0ms)
			SetupTypeCache (370ms)
			ReleaseScriptCaches (3ms)
			RebuildScriptCaches (76ms)
			SetupLoadedEditorAssemblies (842ms)
				LogAssemblyErrors (0ms)
				InitializePlatformSupportModulesInManaged (16ms)
				SetLoadedEditorAssemblies (1ms)
				RefreshPlugins (1ms)
				BeforeProcessingInitializeOnLoad (180ms)
				ProcessInitializeOnLoadAttributes (586ms)
				ProcessInitializeOnLoadMethodAttributes (39ms)
				AfterProcessingInitializeOnLoad (19ms)
				EditorAssembliesLoaded (1ms)
			ExecutionOrderSort2 (0ms)
			AwakeInstancesAfterBackupRestoration (14ms)
Platform modules already initialized, skipping
Refreshing native plugins compatible for Editor in 3.17 ms, found 3 plugins.
Preloading 0 native plugins for Editor in 0.00 ms.
Unloading 3056 Unused Serialized files (Serialized files now loaded: 0)
Unloading 15 unused Assets / (24.7 KB). Loaded Objects now: 3719.
Memory consumption went from 131.8 MB to 131.7 MB.
Total: 4.959000 ms (FindLiveObjects: 0.364300 ms CreateObjectMapping: 0.131400 ms MarkObjects: 4.422600 ms  DeleteObjects: 0.039200 ms)

AssetImportParameters requested are different than current active one (requested -> active):
  custom:video-decoder-ogg-theora: a1e56fd34408186e4bbccfd4996cb3dc -> 
  custom:container-muxer-webm: aa71ff27fc2769a1b78a27578f13a17b -> 
  custom:container-demuxer-webm: 4f35f7cbe854078d1ac9338744f61a02 -> 
  custom:video-encoder-webm-vp8: eb34c28f22e8b96e1ab97ce403110664 -> 
  custom:audio-encoder-webm-vorbis: bf7c407c2cedff20999df2af8eb42d56 -> 
  custom:framework-win-MediaFoundation: 216162199b28c13a410421893ffa2e32 -> 
  custom:container-demuxer-ogg: 62fdf1f143b41e24485cea50d1cbac27 -> 
  custom:video-decoder-webm-vp8: 9c59270c3fd7afecdb556c50c9e8de78 -> 
  custom:audio-decoder-ogg-vorbis: bf7c407c2cedff20999df2af8eb42d56 -> 
========================================================================
Received Import Request.
  Time since last request: 427.358835 seconds.
  path: Assets/Environment/Water/Water4/Materials/OceanPlaneMaterial.mat
  artifactKey: Guid(a437a9b380909fa4d98f929428f70388) Importer(815301076,1909f56bfc062723c751e8b465ee728b)
Start importing Assets/Environment/Water/Water4/Materials/OceanPlaneMaterial.mat using Guid(a437a9b380909fa4d98f929428f70388) Importer(815301076,1909f56bfc062723c751e8b465ee728b)  -> (artifact id: '4f1873a2f7a3cea92bf140d4e8bd0b15') in 0.103318 seconds 
========================================================================
Received Import Request.
  Time since last request: 0.000052 seconds.
  path: Assets/Environment/Water (Basic)/Materials/WaterBasicDaytime.mat
  artifactKey: Guid(52b7d70b1de7c4ce09662b77c14d9fda) Importer(815301076,1909f56bfc062723c751e8b465ee728b)
Start importing Assets/Environment/Water (Basic)/Materials/WaterBasicDaytime.mat using Guid(52b7d70b1de7c4ce09662b77c14d9fda) Importer(815301076,1909f56bfc062723c751e8b465ee728b)  -> (artifact id: 'c53b09510d1f1a40e0ec35b3e673571f') in 0.027988 seconds 
========================================================================
Received Import Request.
  Time since last request: 0.000043 seconds.
  path: Assets/Environment/Water (Basic)/Textures/WaterBasicDaytimeGradient.psd
  artifactKey: Guid(047330f39d11745ad0004adb8d76c639) Importer(815301076,1909f56bfc062723c751e8b465ee728b)
Start importing Assets/Environment/Water (Basic)/Textures/WaterBasicDaytimeGradient.psd using Guid(047330f39d11745ad0004adb8d76c639) Importer(815301076,1909f56bfc062723c751e8b465ee728b)  -> (artifact id: 'a27933bf879bb77f89f5766146b7ba6e') in 0.020528 seconds 
========================================================================
Received Import Request.
  Time since last request: 0.000034 seconds.
  path: Assets/Environment/Water (Basic)/Textures/WaterBasicNormals.jpg
  artifactKey: Guid(a53cf5449d11a15d1100a04b44295342) Importer(815301076,1909f56bfc062723c751e8b465ee728b)
Start importing Assets/Environment/Water (Basic)/Textures/WaterBasicNormals.jpg using Guid(a53cf5449d11a15d1100a04b44295342) Importer(815301076,1909f56bfc062723c751e8b465ee728b)  -> (artifact id: 'e6e3d44a1df802160164fa780277841a') in 0.026406 seconds 
========================================================================
Received Import Request.
  Time since last request: 0.000029 seconds.
  path: Assets/Environment/Water (Basic)/Textures/WaterBasicNighttimeGradient.psd
  artifactKey: Guid(8403d3349d112ba4d000be1be39e7c39) Importer(815301076,1909f56bfc062723c751e8b465ee728b)
Start importing Assets/Environment/Water (Basic)/Textures/WaterBasicNighttimeGradient.psd using Guid(8403d3349d112ba4d000be1be39e7c39) Importer(815301076,1909f56bfc062723c751e8b465ee728b)  -> (artifact id: 'e1147480408da60767d67e287861ab09') in 0.009480 seconds 
========================================================================
Received Import Request.
  Time since last request: 0.000082 seconds.
  path: Assets/Environment/Water/Water4/Materials/Water4Advanced.mat
  artifactKey: Guid(a5f2339f242f6cc41a982ec55ea3c201) Importer(815301076,1909f56bfc062723c751e8b465ee728b)
Start importing Assets/Environment/Water/Water4/Materials/Water4Advanced.mat using Guid(a5f2339f242f6cc41a982ec55ea3c201) Importer(815301076,1909f56bfc062723c751e8b465ee728b)  -> (artifact id: '9cf29f043b2bde7884c26b83d3c86892') in 0.024850 seconds 
========================================================================
Received Import Request.
  Time since last request: 0.000031 seconds.
  path: Assets/Environment/Water (Basic)/Materials/WaterBasicNighttime.mat
  artifactKey: Guid(c55afdc4a8a3b4890b07cc7d176510bb) Importer(815301076,1909f56bfc062723c751e8b465ee728b)
Start importing Assets/Environment/Water (Basic)/Materials/WaterBasicNighttime.mat using Guid(c55afdc4a8a3b4890b07cc7d176510bb) Importer(815301076,1909f56bfc062723c751e8b465ee728b)  -> (artifact id: '1191c7ee3a89fa7d134a567bff8aa19e') in 0.017291 seconds 
========================================================================
Received Import Request.
  Time since last request: 0.000061 seconds.
  path: Assets/Environment/Water/Water4/Materials/Water4Simple.mat
  artifactKey: Guid(656fde119942645aa8e062e04c119aa1) Importer(815301076,1909f56bfc062723c751e8b465ee728b)
Start importing Assets/Environment/Water/Water4/Materials/Water4Simple.mat using Guid(656fde119942645aa8e062e04c119aa1) Importer(815301076,1909f56bfc062723c751e8b465ee728b)  -> (artifact id: '804fea19d24b1654868e11a7e452bbe8') in 0.019513 seconds 
========================================================================
Received Import Request.
  Time since last request: 3.768404 seconds.
  path: Assets/Environment/SpeedTree/Broadleaf/Cap_01_Normal.tga
  artifactKey: Guid(55e2334423fefa34fb4916f6780413d3) Importer(815301076,1909f56bfc062723c751e8b465ee728b)
Start importing Assets/Environment/SpeedTree/Broadleaf/Cap_01_Normal.tga using Guid(55e2334423fefa34fb4916f6780413d3) Importer(815301076,1909f56bfc062723c751e8b465ee728b)  -> (artifact id: '7abf424cbcc8431c904e045bd923c22f') in 0.019563 seconds 
========================================================================
Received Import Request.
  Time since last request: 0.000115 seconds.
  path: Assets/Environment/SpeedTree/Conifer/ConiferBark_Normal.tga
  artifactKey: Guid(2b46b029d8dc37049aebb484e79998ff) Importer(815301076,1909f56bfc062723c751e8b465ee728b)
Start importing Assets/Environment/SpeedTree/Conifer/ConiferBark_Normal.tga using Guid(2b46b029d8dc37049aebb484e79998ff) Importer(815301076,1909f56bfc062723c751e8b465ee728b)  -> (artifact id: '1a4aec558fbe4239739695cf761dd124') in 0.014965 seconds 
========================================================================
Received Import Request.
  Time since last request: 0.000027 seconds.
  path: Assets/Environment/Water/Water/Materials/WaterPlaneMaterial.mat
  artifactKey: Guid(f1bc741ea0e69a241896582ddb633d55) Importer(815301076,1909f56bfc062723c751e8b465ee728b)
Start importing Assets/Environment/Water/Water/Materials/WaterPlaneMaterial.mat using Guid(f1bc741ea0e69a241896582ddb633d55) Importer(815301076,1909f56bfc062723c751e8b465ee728b)  -> (artifact id: '1fd6956cd1ed4fa38f7a6a0789ac7d99') in 0.013466 seconds 
========================================================================
Received Import Request.
  Time since last request: 0.000059 seconds.
  path: Assets/Environment/SpeedTree/Palm/Palm_Desktop_Atlas_Normal.tga
  artifactKey: Guid(20c65bc5a7d28f54c9ca69569d77706d) Importer(815301076,1909f56bfc062723c751e8b465ee728b)
Start importing Assets/Environment/SpeedTree/Palm/Palm_Desktop_Atlas_Normal.tga using Guid(20c65bc5a7d28f54c9ca69569d77706d) Importer(815301076,1909f56bfc062723c751e8b465ee728b)  -> (artifact id: '2113cfb55990b3de4a54c26c25ca2059') in 0.020608 seconds 
========================================================================
Received Import Request.
  Time since last request: 0.000064 seconds.
  path: Assets/Environment/SpeedTree/Broadleaf/Cap_02_Normal.tga
  artifactKey: Guid(371fa5d370f67534696194100d17bfad) Importer(815301076,1909f56bfc062723c751e8b465ee728b)
Start importing Assets/Environment/SpeedTree/Broadleaf/Cap_02_Normal.tga using Guid(371fa5d370f67534696194100d17bfad) Importer(815301076,1909f56bfc062723c751e8b465ee728b)  -> (artifact id: '6fbeaf6064a8502d1c4bde2a303b2475') in 0.016336 seconds 
========================================================================
Received Import Request.
  Time since last request: 0.000037 seconds.
  path: Assets/Environment/SpeedTree/Palm/PalmBark_Normal.tga
  artifactKey: Guid(f15241bc5a839ea46bf857431081d715) Importer(815301076,1909f56bfc062723c751e8b465ee728b)
Start importing Assets/Environment/SpeedTree/Palm/PalmBark_Normal.tga using Guid(f15241bc5a839ea46bf857431081d715) Importer(815301076,1909f56bfc062723c751e8b465ee728b)  -> (artifact id: 'dae57bc0e1e2a99a1bb8cb8fb254bf7f') in 0.018641 seconds 
========================================================================
Received Import Request.
  Time since last request: 0.000037 seconds.
  path: Assets/Environment/SpeedTree/Palm/Palm_Desktop_Atlas_Billboards_Normal.tga
  artifactKey: Guid(bf8162ab40cfad34cac743bdc2939f99) Importer(815301076,1909f56bfc062723c751e8b465ee728b)
Start importing Assets/Environment/SpeedTree/Palm/Palm_Desktop_Atlas_Billboards_Normal.tga using Guid(bf8162ab40cfad34cac743bdc2939f99) Importer(815301076,1909f56bfc062723c751e8b465ee728b)  -> (artifact id: '7e77e1e82d5c0a4359306cf81ed17fa3') in 0.017806 seconds 
========================================================================
Received Import Request.
  Time since last request: 0.000040 seconds.
  path: Assets/Environment/SpeedTree/Palm/PalmFrond_Normal.tga
  artifactKey: Guid(c4a7fc95fd5ac3942b8e85ec6c60a1fa) Importer(815301076,1909f56bfc062723c751e8b465ee728b)
Start importing Assets/Environment/SpeedTree/Palm/PalmFrond_Normal.tga using Guid(c4a7fc95fd5ac3942b8e85ec6c60a1fa) Importer(815301076,1909f56bfc062723c751e8b465ee728b)  -> (artifact id: '310e62649caa836360ac06d971ccb3d3') in 0.018810 seconds 
========================================================================
Received Import Request.
  Time since last request: 0.000026 seconds.
  path: Assets/Environment/SpeedTree/Palm/PalmBark_Detail_Normal.tga
  artifactKey: Guid(bf4c945c1f5a9b74bb15ab0c7f238617) Importer(815301076,1909f56bfc062723c751e8b465ee728b)
Start importing Assets/Environment/SpeedTree/Palm/PalmBark_Detail_Normal.tga using Guid(bf4c945c1f5a9b74bb15ab0c7f238617) Importer(815301076,1909f56bfc062723c751e8b465ee728b)  -> (artifact id: '35d9ca6fc4101537b588cf026a9965b2') in 0.015391 seconds 
========================================================================
Received Import Request.
  Time since last request: 0.000029 seconds.
  path: Assets/Environment/SpeedTree/Broadleaf/ClippedFrond_Normal.tga
  artifactKey: Guid(98a0c4bded48f6e488eb93670599274e) Importer(815301076,1909f56bfc062723c751e8b465ee728b)
Start importing Assets/Environment/SpeedTree/Broadleaf/ClippedFrond_Normal.tga using Guid(98a0c4bded48f6e488eb93670599274e) Importer(815301076,1909f56bfc062723c751e8b465ee728b)  -> (artifact id: '7a8383412b9db34e63aca48b2ab80e73') in 0.013159 seconds 
========================================================================
Received Import Request.
  Time since last request: 0.000035 seconds.
  path: Assets/Environment/SpeedTree/Conifer/Conifer_Desktop_Atlas_Normal.tga
  artifactKey: Guid(855926cb3532dc14c87b1e6d589334b2) Importer(815301076,1909f56bfc062723c751e8b465ee728b)
Start importing Assets/Environment/SpeedTree/Conifer/Conifer_Desktop_Atlas_Normal.tga using Guid(855926cb3532dc14c87b1e6d589334b2) Importer(815301076,1909f56bfc062723c751e8b465ee728b)  -> (artifact id: '62035f61419b66a1be4bff2207c2430b') in 0.017311 seconds 
========================================================================
Received Import Request.
  Time since last request: 0.000030 seconds.
  path: Assets/Environment/SpeedTree/Conifer/Conifer_Needles_Desktop_Normal.tga
  artifactKey: Guid(ab89d7e9dbd9462458ecef029ee60f6e) Importer(815301076,1909f56bfc062723c751e8b465ee728b)
Start importing Assets/Environment/SpeedTree/Conifer/Conifer_Needles_Desktop_Normal.tga using Guid(ab89d7e9dbd9462458ecef029ee60f6e) Importer(815301076,1909f56bfc062723c751e8b465ee728b)  -> (artifact id: 'aa66225305a8fb1a9723a9740a9253e2') in 0.013860 seconds 
========================================================================
Received Import Request.
  Time since last request: 0.000091 seconds.
  path: Assets/Environment/SpeedTree/Conifer/Conifer_Desktop_Atlas_Billboards_Normal.tga
  artifactKey: Guid(6c2afc8a038f69f4aa35c25dcd94fd55) Importer(815301076,1909f56bfc062723c751e8b465ee728b)
Start importing Assets/Environment/SpeedTree/Conifer/Conifer_Desktop_Atlas_Billboards_Normal.tga using Guid(6c2afc8a038f69f4aa35c25dcd94fd55) Importer(815301076,1909f56bfc062723c751e8b465ee728b)  -> (artifact id: 'bdda3104fdcdd72e7bdb98e758480ac9') in 0.016071 seconds 
========================================================================
Received Import Request.
  Time since last request: 0.000043 seconds.
  path: Assets/Environment/Water/Water4/Textures/SmallWaves.png
  artifactKey: Guid(fb6566c21f717904f83743a5a76dd0b0) Importer(815301076,1909f56bfc062723c751e8b465ee728b)
Start importing Assets/Environment/Water/Water4/Textures/SmallWaves.png using Guid(fb6566c21f717904f83743a5a76dd0b0) Importer(815301076,1909f56bfc062723c751e8b465ee728b)  -> (artifact id: '3523b062c71afc2f836097c843f6110b') in 0.012375 seconds 
========================================================================
Received Import Request.
  Time since last request: 3.194536 seconds.
  path: Assets/Environment/SpeedTree/Broadleaf/Broadleaf_Desktop Materials
  artifactKey: Guid(76d1c0d83720ea445ba84ce7d478511a) Importer(815301076,1909f56bfc062723c751e8b465ee728b)
Start importing Assets/Environment/SpeedTree/Broadleaf/Broadleaf_Desktop Materials using Guid(76d1c0d83720ea445ba84ce7d478511a) Importer(815301076,1909f56bfc062723c751e8b465ee728b)  -> (artifact id: 'ec37b43d2c2a1448af755228096dd229') in 0.003181 seconds 
========================================================================
Received Import Request.
  Time since last request: 3.143119 seconds.
  path: Assets/Environment/SpeedTree/Broadleaf/Broadleaf_Desktop Materials/LOD0/Branches_0.mat
  artifactKey: Guid(89bc4a04979629642988a379a429608a) Importer(815301076,1909f56bfc062723c751e8b465ee728b)
Start importing Assets/Environment/SpeedTree/Broadleaf/Broadleaf_Desktop Materials/LOD0/Branches_0.mat using Guid(89bc4a04979629642988a379a429608a) Importer(815301076,1909f56bfc062723c751e8b465ee728b)  -> (artifact id: 'd58537588c8b34025d88e617a3fb644c') in 0.024056 seconds 
========================================================================
Received Import Request.
  Time since last request: 0.000057 seconds.
  path: Assets/Environment/SpeedTree/Broadleaf/Broadleaf_Mobile Materials/LOD1/Branches_0.mat
  artifactKey: Guid(1092dd21af768cb499771bf88709dbbd) Importer(815301076,1909f56bfc062723c751e8b465ee728b)
Start importing Assets/Environment/SpeedTree/Broadleaf/Broadleaf_Mobile Materials/LOD1/Branches_0.mat using Guid(1092dd21af768cb499771bf88709dbbd) Importer(815301076,1909f56bfc062723c751e8b465ee728b)  -> (artifact id: '29558aac9de0df5f81659660d7160fe9') in 0.016228 seconds 
========================================================================
Received Import Request.
  Time since last request: 0.000029 seconds.
  path: Assets/Environment/SpeedTree/Broadleaf/Broadleaf_Desktop Materials/LOD2/Branches_1.mat
  artifactKey: Guid(639aa87a96d586c4e84838574ce20ca3) Importer(815301076,1909f56bfc062723c751e8b465ee728b)
Start importing Assets/Environment/SpeedTree/Broadleaf/Broadleaf_Desktop Materials/LOD2/Branches_1.mat using Guid(639aa87a96d586c4e84838574ce20ca3) Importer(815301076,1909f56bfc062723c751e8b465ee728b)  -> (artifact id: 'c73a09d3ba78cbad7282a3269dd93ed2') in 0.019779 seconds 
========================================================================
Received Import Request.
  Time since last request: 0.000044 seconds.
  path: Assets/Environment/SpeedTree/Palm/Palm_Desktop Materials/LOD1/Branches_0.mat
  artifactKey: Guid(46160e8fc1456bc4d9fb3de64ba88c31) Importer(815301076,1909f56bfc062723c751e8b465ee728b)
Start importing Assets/Environment/SpeedTree/Palm/Palm_Desktop Materials/LOD1/Branches_0.mat using Guid(46160e8fc1456bc4d9fb3de64ba88c31) Importer(815301076,1909f56bfc062723c751e8b465ee728b)  -> (artifact id: 'd85acefc1612e39b1bb0eaa938d5f968') in 0.023122 seconds 
========================================================================
Received Import Request.
  Time since last request: 0.000027 seconds.
  path: Assets/Environment/SpeedTree/Palm/Palm_Desktop Materials/LOD2/Branches_0.mat
  artifactKey: Guid(5c6bda52f548c164381f24c22067e446) Importer(815301076,1909f56bfc062723c751e8b465ee728b)
Start importing Assets/Environment/SpeedTree/Palm/Palm_Desktop Materials/LOD2/Branches_0.mat using Guid(5c6bda52f548c164381f24c22067e446) Importer(815301076,1909f56bfc062723c751e8b465ee728b)  -> (artifact id: '0f33dc368abced825ec6ed22f34465a1') in 0.020485 seconds 
========================================================================
Received Import Request.
  Time since last request: 0.000055 seconds.
  path: Assets/Environment/SpeedTree/Broadleaf/Broadleaf_Desktop Materials/LOD1/Branches_0.mat
  artifactKey: Guid(4be5b19d42487c24f830c4ee36849a95) Importer(815301076,1909f56bfc062723c751e8b465ee728b)
Start importing Assets/Environment/SpeedTree/Broadleaf/Broadleaf_Desktop Materials/LOD1/Branches_0.mat using Guid(4be5b19d42487c24f830c4ee36849a95) Importer(815301076,1909f56bfc062723c751e8b465ee728b)  -> (artifact id: '4542174c19882460fee97c4784a1be25') in 0.017729 seconds 
========================================================================
Received Import Request.
  Time since last request: 0.000031 seconds.
  path: Assets/Environment/SpeedTree/Conifer/Conifer_Desktop Materials/LOD1/Branches_0.mat
  artifactKey: Guid(54ee8e39b634b6d45aae528b6b24e879) Importer(815301076,1909f56bfc062723c751e8b465ee728b)
Start importing Assets/Environment/SpeedTree/Conifer/Conifer_Desktop Materials/LOD1/Branches_0.mat using Guid(54ee8e39b634b6d45aae528b6b24e879) Importer(815301076,1909f56bfc062723c751e8b465ee728b)  -> (artifact id: '46583eccf02af82b9621d12a99e14c62') in 0.019054 seconds 
========================================================================
Received Import Request.
  Time since last request: 0.000105 seconds.
  path: Assets/Environment/SpeedTree/Broadleaf/Broadleaf_Desktop Materials/LOD0/Branches_1.mat
  artifactKey: Guid(e621ee108fde15148a5e4b4ab67667b9) Importer(815301076,1909f56bfc062723c751e8b465ee728b)
Start importing Assets/Environment/SpeedTree/Broadleaf/Broadleaf_Desktop Materials/LOD0/Branches_1.mat using Guid(e621ee108fde15148a5e4b4ab67667b9) Importer(815301076,1909f56bfc062723c751e8b465ee728b)  -> (artifact id: '33fd4fc697e77414163830e15967a4bd') in 0.017382 seconds 
========================================================================
Received Import Request.
  Time since last request: 0.000066 seconds.
  path: Assets/Environment/SpeedTree/Broadleaf/Broadleaf_Mobile Materials/LOD2/Branches_0.mat
  artifactKey: Guid(cd764ab8662bea6468202df8741bcfd3) Importer(815301076,1909f56bfc062723c751e8b465ee728b)
Start importing Assets/Environment/SpeedTree/Broadleaf/Broadleaf_Mobile Materials/LOD2/Branches_0.mat using Guid(cd764ab8662bea6468202df8741bcfd3) Importer(815301076,1909f56bfc062723c751e8b465ee728b)  -> (artifact id: '999bcfab9117f808c99de3266eb7af24') in 0.019418 seconds 
========================================================================
Received Import Request.
  Time since last request: 0.000031 seconds.
  path: Assets/Environment/SpeedTree/Broadleaf/Broadleaf_Desktop Materials/LOD1/Branches_1.mat
  artifactKey: Guid(97ad51f0a4aed0a4289f5462ce6dc18f) Importer(815301076,1909f56bfc062723c751e8b465ee728b)
Start importing Assets/Environment/SpeedTree/Broadleaf/Broadleaf_Desktop Materials/LOD1/Branches_1.mat using Guid(97ad51f0a4aed0a4289f5462ce6dc18f) Importer(815301076,1909f56bfc062723c751e8b465ee728b)  -> (artifact id: '26b6fcb361c38d998216b2039d875b1a') in 0.016677 seconds 
========================================================================
Received Import Request.
  Time since last request: 0.000043 seconds.
  path: Assets/Environment/SpeedTree/Palm/Palm_Desktop Materials/LOD0/Branches_0.mat
  artifactKey: Guid(39baceec69bb1ee4fb4194d50e1a6d10) Importer(815301076,1909f56bfc062723c751e8b465ee728b)
Start importing Assets/Environment/SpeedTree/Palm/Palm_Desktop Materials/LOD0/Branches_0.mat using Guid(39baceec69bb1ee4fb4194d50e1a6d10) Importer(815301076,1909f56bfc062723c751e8b465ee728b)  -> (artifact id: '56fc12decef4e2f34d90c472421e6b5c') in 0.016880 seconds 
========================================================================
Received Import Request.
  Time since last request: 0.000042 seconds.
  path: Assets/Environment/SpeedTree/Conifer/Conifer_Desktop Materials/LOD2/Branches_0.mat
  artifactKey: Guid(dffa6c1325fd30b41819f03be58b91e7) Importer(815301076,1909f56bfc062723c751e8b465ee728b)
Start importing Assets/Environment/SpeedTree/Conifer/Conifer_Desktop Materials/LOD2/Branches_0.mat using Guid(dffa6c1325fd30b41819f03be58b91e7) Importer(815301076,1909f56bfc062723c751e8b465ee728b)  -> (artifact id: '6678a6c4967c1ae43a3cc83c865b3def') in 0.015818 seconds 
========================================================================
Received Import Request.
  Time since last request: 0.000035 seconds.
  path: Assets/Environment/SpeedTree/Palm/Palm_Desktop Materials/LOD0/Branches_1.mat
  artifactKey: Guid(fa40ba727cdc90245aac11f0ff5ead8e) Importer(815301076,1909f56bfc062723c751e8b465ee728b)
Start importing Assets/Environment/SpeedTree/Palm/Palm_Desktop Materials/LOD0/Branches_1.mat using Guid(fa40ba727cdc90245aac11f0ff5ead8e) Importer(815301076,1909f56bfc062723c751e8b465ee728b)  -> (artifact id: 'f666a86f780e43e5b159fafafa4a08e7') in 0.018712 seconds 
========================================================================
Received Import Request.
  Time since last request: 0.000028 seconds.
  path: Assets/Environment/SpeedTree/Conifer/Conifer_Desktop Materials/LOD2/Branches_1.mat
  artifactKey: Guid(57df284b8a7c87b4894ac5f9c86e0be9) Importer(815301076,1909f56bfc062723c751e8b465ee728b)
Start importing Assets/Environment/SpeedTree/Conifer/Conifer_Desktop Materials/LOD2/Branches_1.mat using Guid(57df284b8a7c87b4894ac5f9c86e0be9) Importer(815301076,1909f56bfc062723c751e8b465ee728b)  -> (artifact id: 'b2d11173a0fbbc46ba10cf7e36cad2d0') in 0.019861 seconds 
========================================================================
Received Import Request.
  Time since last request: 0.000024 seconds.
  path: Assets/Environment/SpeedTree/Conifer/Conifer_Desktop Materials/LOD0/Branches_0.mat
  artifactKey: Guid(d4880c932a8e12b48a3039233e9634a0) Importer(815301076,1909f56bfc062723c751e8b465ee728b)
Start importing Assets/Environment/SpeedTree/Conifer/Conifer_Desktop Materials/LOD0/Branches_0.mat using Guid(d4880c932a8e12b48a3039233e9634a0) Importer(815301076,1909f56bfc062723c751e8b465ee728b)  -> (artifact id: '5e3e47a7cfcddc131cd72cd0015558b7') in 0.018142 seconds 
========================================================================
Received Import Request.
  Time since last request: 0.000020 seconds.
  path: Assets/Environment/SpeedTree/Broadleaf/Broadleaf_Mobile Materials/LOD0/Branches_0.mat
  artifactKey: Guid(bfc1dabf45016eb46b99df1a78054924) Importer(815301076,1909f56bfc062723c751e8b465ee728b)
Start importing Assets/Environment/SpeedTree/Broadleaf/Broadleaf_Mobile Materials/LOD0/Branches_0.mat using Guid(bfc1dabf45016eb46b99df1a78054924) Importer(815301076,1909f56bfc062723c751e8b465ee728b)  -> (artifact id: '7244c393f9bf99e8e6b81b839f701fff') in 0.016181 seconds 
========================================================================
Received Import Request.
  Time since last request: 0.000035 seconds.
  path: Assets/Environment/SpeedTree/Broadleaf/Broadleaf_Desktop Materials/LOD2/Branches_0.mat
  artifactKey: Guid(b0d5705176a0d36419d034e2ea46491a) Importer(815301076,1909f56bfc062723c751e8b465ee728b)
Start importing Assets/Environment/SpeedTree/Broadleaf/Broadleaf_Desktop Materials/LOD2/Branches_0.mat using Guid(b0d5705176a0d36419d034e2ea46491a) Importer(815301076,1909f56bfc062723c751e8b465ee728b)  -> (artifact id: 'db9b330550f07b7559b80ef936b496fe') in 0.016605 seconds 
========================================================================
Received Import Request.
  Time since last request: 0.000021 seconds.
  path: Assets/Environment/SpeedTree/Conifer/Conifer_Desktop Materials/LOD1/Branches_1.mat
  artifactKey: Guid(fecc9f713338e4943a8c38775af8c046) Importer(815301076,1909f56bfc062723c751e8b465ee728b)
Start importing Assets/Environment/SpeedTree/Conifer/Conifer_Desktop Materials/LOD1/Branches_1.mat using Guid(fecc9f713338e4943a8c38775af8c046) Importer(815301076,1909f56bfc062723c751e8b465ee728b)  -> (artifact id: 'fbe0f02e1f355372043e469a2d12657e') in 0.016465 seconds 
========================================================================
Received Import Request.
  Time since last request: 0.000020 seconds.
  path: Assets/Environment/SpeedTree/Conifer/Conifer_Desktop Materials/LOD0/Branches_1.mat
  artifactKey: Guid(fdb77c3917027234db7a7792019eda2e) Importer(815301076,1909f56bfc062723c751e8b465ee728b)
Start importing Assets/Environment/SpeedTree/Conifer/Conifer_Desktop Materials/LOD0/Branches_1.mat using Guid(fdb77c3917027234db7a7792019eda2e) Importer(815301076,1909f56bfc062723c751e8b465ee728b)  -> (artifact id: '3a142c81639ba09a201b034faa9936f7') in 0.016658 seconds 
========================================================================
Received Import Request.
  Time since last request: 211.044928 seconds.
  path: Assets/Shaders/TerrainTex(Delete)/Materials/Rock.terrainlayer
  artifactKey: Guid(0c4b869431e7f714e901cbabc7d46378) Importer(815301076,1909f56bfc062723c751e8b465ee728b)
Start importing Assets/Shaders/TerrainTex(Delete)/Materials/Rock.terrainlayer using Guid(0c4b869431e7f714e901cbabc7d46378) Importer(815301076,1909f56bfc062723c751e8b465ee728b)  -> (artifact id: '8d5e04aaa32e8d01d588123b364c7396') in 0.064073 seconds 
========================================================================
Received Prepare
Registering precompiled user dll's ...
Registered in 0.006216 seconds.
Begin MonoManager ReloadAssembly
Symbol file LoadedFromMemory doesn't match image C:\Users\pfran\Documents\GitHub\MULT-150\pfrancia_hour6\Library\PackageCache\com.unity.visualscripting@1.8.0\Editor\VisualScripting.Core\Dependencies\YamlDotNet\Unity.VisualScripting.YamlDotNet.dll
Symbol file LoadedFromMemory doesn't match image C:\Users\pfran\Documents\GitHub\MULT-150\pfrancia_hour6\Library\PackageCache\com.unity.visualscripting@1.8.0\Editor\VisualScripting.Core\Dependencies\DotNetZip\Unity.VisualScripting.IonicZip.dll
Native extension for WindowsStandalone target not found
Refreshing native plugins compatible for Editor in 0.92 ms, found 3 plugins.
Preloading 0 native plugins for Editor in 0.00 ms.
Mono: successfully reloaded assembly
- Completed reload, in  1.895 seconds
Domain Reload Profiling:
	ReloadAssembly (1899ms)
		BeginReloadAssembly (164ms)
			ExecutionOrderSort (0ms)
			DisableScriptedObjects (5ms)
			BackupInstance (0ms)
			ReleaseScriptingObjects (0ms)
			CreateAndSetChildDomain (43ms)
		EndReloadAssembly (1632ms)
			LoadAssemblies (110ms)
			RebuildTransferFunctionScriptingTraits (0ms)
			SetupTypeCache (567ms)
			ReleaseScriptCaches (6ms)
			RebuildScriptCaches (177ms)
			SetupLoadedEditorAssemblies (632ms)
				LogAssemblyErrors (0ms)
				InitializePlatformSupportModulesInManaged (14ms)
				SetLoadedEditorAssemblies (1ms)
				RefreshPlugins (1ms)
				BeforeProcessingInitializeOnLoad (125ms)
				ProcessInitializeOnLoadAttributes (428ms)
				ProcessInitializeOnLoadMethodAttributes (38ms)
				AfterProcessingInitializeOnLoad (18ms)
				EditorAssembliesLoaded (6ms)
			ExecutionOrderSort2 (0ms)
			AwakeInstancesAfterBackupRestoration (16ms)
Platform modules already initialized, skipping
Refreshing native plugins compatible for Editor in 4.36 ms, found 3 plugins.
Preloading 0 native plugins for Editor in 0.00 ms.
Unloading 3056 Unused Serialized files (Serialized files now loaded: 0)
Unloading 15 unused Assets / (24.7 KB). Loaded Objects now: 3724.
Memory consumption went from 131.8 MB to 131.8 MB.
Total: 9.215900 ms (FindLiveObjects: 1.893800 ms CreateObjectMapping: 0.338100 ms MarkObjects: 6.883800 ms  DeleteObjects: 0.093400 ms)

AssetImportParameters requested are different than current active one (requested -> active):
  custom:video-decoder-ogg-theora: a1e56fd34408186e4bbccfd4996cb3dc -> 
  custom:container-muxer-webm: aa71ff27fc2769a1b78a27578f13a17b -> 
  custom:container-demuxer-webm: 4f35f7cbe854078d1ac9338744f61a02 -> 
  custom:video-encoder-webm-vp8: eb34c28f22e8b96e1ab97ce403110664 -> 
  custom:audio-encoder-webm-vorbis: bf7c407c2cedff20999df2af8eb42d56 -> 
  custom:framework-win-MediaFoundation: 216162199b28c13a410421893ffa2e32 -> 
  custom:container-demuxer-ogg: 62fdf1f143b41e24485cea50d1cbac27 -> 
  custom:video-decoder-webm-vp8: 9c59270c3fd7afecdb556c50c9e8de78 -> 
  custom:audio-decoder-ogg-vorbis: bf7c407c2cedff20999df2af8eb42d56 -> 
