Using pre-set license
Built from '2021.3/staging' branch; Version is '2021.3.25f1 (68ef2c4f8861) revision 6876972'; Using compiler version '192829333'; Build Type 'Release'
OS: 'Windows 11  (10.0.26100) 64bit Core' Language: 'en' Physical Memory: 7567 MB
BatchMode: 1, IsHumanControllingUs: 0, StartBugReporterOnCrash: 0, Is64bit: 1, IsPro: 1

COMMAND LINE ARGUMENTS:
C:\Program Files\Unity\Hub\Editor\2021.3.25f1\Editor\Unity.exe
-adb2
-batchMode
-noUpm
-name
AssetImportWorker0
-projectPath
C:/Users/pfran/Documents/GitHub/MULT-150/Pfrancia_Hour_8
-logFile
Logs/AssetImportWorker0.log
-srvPort
53494
Successfully changed project path to: C:/Users/pfran/Documents/GitHub/MULT-150/Pfrancia_Hour_8
C:/Users/pfran/Documents/GitHub/MULT-150/Pfrancia_Hour_8
[UnityMemory] Configuration Parameters - Can be set up in boot.config
    "memorysetup-bucket-allocator-granularity=16"
    "memorysetup-bucket-allocator-bucket-count=8"
    "memorysetup-bucket-allocator-block-size=33554432"
    "memorysetup-bucket-allocator-block-count=8"
    "memorysetup-main-allocator-block-size=16777216"
    "memorysetup-thread-allocator-block-size=16777216"
    "memorysetup-gfx-main-allocator-block-size=16777216"
    "memorysetup-gfx-thread-allocator-block-size=16777216"
    "memorysetup-cache-allocator-block-size=4194304"
    "memorysetup-typetree-allocator-block-size=2097152"
    "memorysetup-profiler-bucket-allocator-granularity=16"
    "memorysetup-profiler-bucket-allocator-bucket-count=8"
    "memorysetup-profiler-bucket-allocator-block-size=33554432"
    "memorysetup-profiler-bucket-allocator-block-count=8"
    "memorysetup-profiler-allocator-block-size=16777216"
    "memorysetup-profiler-editor-allocator-block-size=1048576"
    "memorysetup-temp-allocator-size-main=16777216"
    "memorysetup-job-temp-allocator-block-size=2097152"
    "memorysetup-job-temp-allocator-block-size-background=1048576"
    "memorysetup-job-temp-allocator-reduction-small-platforms=262144"
    "memorysetup-temp-allocator-size-background-worker=32768"
    "memorysetup-temp-allocator-size-job-worker=262144"
    "memorysetup-temp-allocator-size-preload-manager=33554432"
    "memorysetup-temp-allocator-size-nav-mesh-worker=65536"
    "memorysetup-temp-allocator-size-audio-worker=65536"
    "memorysetup-temp-allocator-size-cloud-worker=32768"
    "memorysetup-temp-allocator-size-gi-baking-worker=262144"
    "memorysetup-temp-allocator-size-gfx=262144"
Player connection [5500] Host "[IP] 192.168.100.171 [Port] 0 [Flags] 2 [Guid] 1815226249 [EditorId] 1815226249 [Version] 1048832 [Id] WindowsEditor(7,DESKTOP-7A3CQID) [Debug] 1 [PackageName] WindowsEditor [ProjectName] Editor" joined multi-casting on [225.0.0.222:54997]...

Player connection [5500] Host "[IP] 192.168.100.171 [Port] 0 [Flags] 2 [Guid] 1815226249 [EditorId] 1815226249 [Version] 1048832 [Id] WindowsEditor(7,DESKTOP-7A3CQID) [Debug] 1 [PackageName] WindowsEditor [ProjectName] Editor" joined alternative multi-casting on [225.0.0.222:34997]...

Refreshing native plugins compatible for Editor in 83.15 ms, found 3 plugins.
Preloading 0 native plugins for Editor in 0.00 ms.
Initialize engine version: 2021.3.25f1 (68ef2c4f8861)
[Subsystems] Discovering subsystems at path C:/Program Files/Unity/Hub/Editor/2021.3.25f1/Editor/Data/Resources/UnitySubsystems
[Subsystems] Discovering subsystems at path C:/Users/pfran/Documents/GitHub/MULT-150/Pfrancia_Hour_8/Assets
GfxDevice: creating device client; threaded=0; jobified=0
Direct3D:
    Version:  Direct3D 11.0 [level 11.1]
    Renderer: AMD Radeon(TM) Graphics (ID=0x1636)
    Vendor:   ATI
    VRAM:     3783 MB
    Driver:   31.0.12044.3
Initialize mono
Mono path[0] = 'C:/Program Files/Unity/Hub/Editor/2021.3.25f1/Editor/Data/Managed'
Mono path[1] = 'C:/Program Files/Unity/Hub/Editor/2021.3.25f1/Editor/Data/MonoBleedingEdge/lib/mono/unityjit-win32'
Mono config path = 'C:/Program Files/Unity/Hub/Editor/2021.3.25f1/Editor/Data/MonoBleedingEdge/etc'
Using monoOptions --debugger-agent=transport=dt_socket,embedding=1,server=y,suspend=n,address=127.0.0.1:56308
Begin MonoManager ReloadAssembly
Registering precompiled unity dll's ...
Register platform support module: C:/Program Files/Unity/Hub/Editor/2021.3.25f1/Editor/Data/PlaybackEngines/WindowsStandaloneSupport/UnityEditor.WindowsStandalone.Extensions.dll
Registered in 0.008360 seconds.
Native extension for WindowsStandalone target not found
Refreshing native plugins compatible for Editor in 83.99 ms, found 3 plugins.
Preloading 0 native plugins for Editor in 0.00 ms.
Mono: successfully reloaded assembly
- Completed reload, in  0.771 seconds
Domain Reload Profiling:
	ReloadAssembly (772ms)
		BeginReloadAssembly (100ms)
			ExecutionOrderSort (0ms)
			DisableScriptedObjects (0ms)
			BackupInstance (0ms)
			ReleaseScriptingObjects (0ms)
			CreateAndSetChildDomain (1ms)
		EndReloadAssembly (552ms)
			LoadAssemblies (97ms)
			RebuildTransferFunctionScriptingTraits (0ms)
			SetupTypeCache (127ms)
			ReleaseScriptCaches (0ms)
			RebuildScriptCaches (44ms)
			SetupLoadedEditorAssemblies (308ms)
				LogAssemblyErrors (0ms)
				InitializePlatformSupportModulesInManaged (9ms)
				SetLoadedEditorAssemblies (0ms)
				RefreshPlugins (84ms)
				BeforeProcessingInitializeOnLoad (1ms)
				ProcessInitializeOnLoadAttributes (166ms)
				ProcessInitializeOnLoadMethodAttributes (47ms)
				AfterProcessingInitializeOnLoad (0ms)
				EditorAssembliesLoaded (0ms)
			ExecutionOrderSort2 (0ms)
			AwakeInstancesAfterBackupRestoration (0ms)
Platform modules already initialized, skipping
Registering precompiled user dll's ...
Registered in 0.007560 seconds.
Begin MonoManager ReloadAssembly
Symbol file LoadedFromMemory doesn't match image C:\Users\pfran\Documents\GitHub\MULT-150\Pfrancia_Hour_8\Library\PackageCache\com.unity.visualscripting@1.8.0\Editor\VisualScripting.Core\Dependencies\YamlDotNet\Unity.VisualScripting.YamlDotNet.dll
Symbol file LoadedFromMemory doesn't match image C:\Users\pfran\Documents\GitHub\MULT-150\Pfrancia_Hour_8\Library\PackageCache\com.unity.visualscripting@1.8.0\Editor\VisualScripting.Core\Dependencies\DotNetZip\Unity.VisualScripting.IonicZip.dll
Native extension for WindowsStandalone target not found
Refreshing native plugins compatible for Editor in 0.59 ms, found 3 plugins.
Preloading 0 native plugins for Editor in 0.00 ms.
Mono: successfully reloaded assembly
- Completed reload, in  1.107 seconds
Domain Reload Profiling:
	ReloadAssembly (1108ms)
		BeginReloadAssembly (148ms)
			ExecutionOrderSort (0ms)
			DisableScriptedObjects (5ms)
			BackupInstance (0ms)
			ReleaseScriptingObjects (0ms)
			CreateAndSetChildDomain (22ms)
		EndReloadAssembly (841ms)
			LoadAssemblies (118ms)
			RebuildTransferFunctionScriptingTraits (0ms)
			SetupTypeCache (285ms)
			ReleaseScriptCaches (1ms)
			RebuildScriptCaches (55ms)
			SetupLoadedEditorAssemblies (370ms)
				LogAssemblyErrors (0ms)
				InitializePlatformSupportModulesInManaged (6ms)
				SetLoadedEditorAssemblies (0ms)
				RefreshPlugins (1ms)
				BeforeProcessingInitializeOnLoad (96ms)
				ProcessInitializeOnLoadAttributes (234ms)
				ProcessInitializeOnLoadMethodAttributes (21ms)
				AfterProcessingInitializeOnLoad (12ms)
				EditorAssembliesLoaded (0ms)
			ExecutionOrderSort2 (0ms)
			AwakeInstancesAfterBackupRestoration (7ms)
Platform modules already initialized, skipping
========================================================================
Worker process is ready to serve import requests
Launched and connected shader compiler UnityShaderCompiler.exe after 0.06 seconds
Refreshing native plugins compatible for Editor in 0.57 ms, found 3 plugins.
Preloading 0 native plugins for Editor in 0.00 ms.
Unloading 3058 Unused Serialized files (Serialized files now loaded: 0)
Unloading 22 unused Assets / (56.5 KB). Loaded Objects now: 3520.
Memory consumption went from 107.7 MB to 107.6 MB.
Total: 3.411000 ms (FindLiveObjects: 0.394400 ms CreateObjectMapping: 0.175000 ms MarkObjects: 2.720700 ms  DeleteObjects: 0.119400 ms)

AssetImportParameters requested are different than current active one (requested -> active):
  custom:video-decoder-ogg-theora: a1e56fd34408186e4bbccfd4996cb3dc -> 
  custom:container-muxer-webm: aa71ff27fc2769a1b78a27578f13a17b -> 
  custom:container-demuxer-webm: 4f35f7cbe854078d1ac9338744f61a02 -> 
  custom:video-encoder-webm-vp8: eb34c28f22e8b96e1ab97ce403110664 -> 
  custom:audio-encoder-webm-vorbis: bf7c407c2cedff20999df2af8eb42d56 -> 
  custom:framework-win-MediaFoundation: 216162199b28c13a410421893ffa2e32 -> 
  custom:container-demuxer-ogg: 62fdf1f143b41e24485cea50d1cbac27 -> 
  custom:video-decoder-webm-vp8: 9c59270c3fd7afecdb556c50c9e8de78 -> 
  custom:audio-decoder-ogg-vorbis: bf7c407c2cedff20999df2af8eb42d56 -> 
========================================================================
Received Import Request.
  Time since last request: 811195.879746 seconds.
  path: Assets/Scenes/pfrancia_TIY.unity
  artifactKey: Guid(9fc0d4010bbf28b4594072e72b8655ab) Importer(815301076,1909f56bfc062723c751e8b465ee728b)
Start importing Assets/Scenes/pfrancia_TIY.unity using Guid(9fc0d4010bbf28b4594072e72b8655ab) Importer(815301076,1909f56bfc062723c751e8b465ee728b)  -> (artifact id: '740a5d6b5991f1bdaec81cad8645c131') in 0.011507 seconds 
========================================================================
Received Import Request.
  Time since last request: 65.620159 seconds.
  path: Assets/Texture/Blue.mat
  artifactKey: Guid(946f6537ec9f8234aaf596aabc4f17ec) Importer(815301076,1909f56bfc062723c751e8b465ee728b)
Start importing Assets/Texture/Blue.mat using Guid(946f6537ec9f8234aaf596aabc4f17ec) Importer(815301076,1909f56bfc062723c751e8b465ee728b)  -> (artifact id: '0491b947527ee67e8fdad7964f1bb37b') in 0.145894 seconds 
========================================================================
Received Import Request.
  Time since last request: 0.000031 seconds.
  path: Assets/Texture/Red.mat
  artifactKey: Guid(f7f4458a536e17d43935ef82f2f2c6d7) Importer(815301076,1909f56bfc062723c751e8b465ee728b)
Start importing Assets/Texture/Red.mat using Guid(f7f4458a536e17d43935ef82f2f2c6d7) Importer(815301076,1909f56bfc062723c751e8b465ee728b)  -> (artifact id: '8b3c7f2328af6ff9660143ea04cf9bcd') in 0.016865 seconds 
========================================================================
Received Prepare
Registering precompiled user dll's ...
Registered in 0.007253 seconds.
Begin MonoManager ReloadAssembly
Symbol file LoadedFromMemory doesn't match image C:\Users\pfran\Documents\GitHub\MULT-150\Pfrancia_Hour_8\Library\PackageCache\com.unity.visualscripting@1.8.0\Editor\VisualScripting.Core\Dependencies\YamlDotNet\Unity.VisualScripting.YamlDotNet.dll
Symbol file LoadedFromMemory doesn't match image C:\Users\pfran\Documents\GitHub\MULT-150\Pfrancia_Hour_8\Library\PackageCache\com.unity.visualscripting@1.8.0\Editor\VisualScripting.Core\Dependencies\DotNetZip\Unity.VisualScripting.IonicZip.dll
Native extension for WindowsStandalone target not found
Refreshing native plugins compatible for Editor in 2.22 ms, found 3 plugins.
Preloading 0 native plugins for Editor in 0.00 ms.
Mono: successfully reloaded assembly
- Completed reload, in  2.179 seconds
Domain Reload Profiling:
	ReloadAssembly (2180ms)
		BeginReloadAssembly (171ms)
			ExecutionOrderSort (0ms)
			DisableScriptedObjects (4ms)
			BackupInstance (0ms)
			ReleaseScriptingObjects (0ms)
			CreateAndSetChildDomain (42ms)
		EndReloadAssembly (1897ms)
			LoadAssemblies (162ms)
			RebuildTransferFunctionScriptingTraits (0ms)
			SetupTypeCache (741ms)
			ReleaseScriptCaches (2ms)
			RebuildScriptCaches (96ms)
			SetupLoadedEditorAssemblies (777ms)
				LogAssemblyErrors (0ms)
				InitializePlatformSupportModulesInManaged (13ms)
				SetLoadedEditorAssemblies (1ms)
				RefreshPlugins (3ms)
				BeforeProcessingInitializeOnLoad (131ms)
				ProcessInitializeOnLoadAttributes (564ms)
				ProcessInitializeOnLoadMethodAttributes (44ms)
				AfterProcessingInitializeOnLoad (21ms)
				EditorAssembliesLoaded (0ms)
			ExecutionOrderSort2 (0ms)
			AwakeInstancesAfterBackupRestoration (15ms)
Platform modules already initialized, skipping
Refreshing native plugins compatible for Editor in 4.64 ms, found 3 plugins.
Preloading 0 native plugins for Editor in 0.00 ms.
Unloading 3051 Unused Serialized files (Serialized files now loaded: 0)
Unloading 15 unused Assets / (24.6 KB). Loaded Objects now: 3564.
Memory consumption went from 112.0 MB to 111.9 MB.
Total: 7.500100 ms (FindLiveObjects: 1.413500 ms CreateObjectMapping: 0.477600 ms MarkObjects: 5.488100 ms  DeleteObjects: 0.117200 ms)

AssetImportParameters requested are different than current active one (requested -> active):
  custom:video-decoder-ogg-theora: a1e56fd34408186e4bbccfd4996cb3dc -> 
  custom:container-muxer-webm: aa71ff27fc2769a1b78a27578f13a17b -> 
  custom:container-demuxer-webm: 4f35f7cbe854078d1ac9338744f61a02 -> 
  custom:video-encoder-webm-vp8: eb34c28f22e8b96e1ab97ce403110664 -> 
  custom:audio-encoder-webm-vorbis: bf7c407c2cedff20999df2af8eb42d56 -> 
  custom:framework-win-MediaFoundation: 216162199b28c13a410421893ffa2e32 -> 
  custom:container-demuxer-ogg: 62fdf1f143b41e24485cea50d1cbac27 -> 
  custom:video-decoder-webm-vp8: 9c59270c3fd7afecdb556c50c9e8de78 -> 
  custom:audio-decoder-ogg-vorbis: bf7c407c2cedff20999df2af8eb42d56 -> 
========================================================================
Received Prepare
Registering precompiled user dll's ...
Registered in 0.008902 seconds.
Begin MonoManager ReloadAssembly
Symbol file LoadedFromMemory doesn't match image C:\Users\pfran\Documents\GitHub\MULT-150\Pfrancia_Hour_8\Library\PackageCache\com.unity.visualscripting@1.8.0\Editor\VisualScripting.Core\Dependencies\YamlDotNet\Unity.VisualScripting.YamlDotNet.dll
Symbol file LoadedFromMemory doesn't match image C:\Users\pfran\Documents\GitHub\MULT-150\Pfrancia_Hour_8\Library\PackageCache\com.unity.visualscripting@1.8.0\Editor\VisualScripting.Core\Dependencies\DotNetZip\Unity.VisualScripting.IonicZip.dll
Native extension for WindowsStandalone target not found
Refreshing native plugins compatible for Editor in 3.73 ms, found 3 plugins.
Preloading 0 native plugins for Editor in 0.00 ms.
Mono: successfully reloaded assembly
- Completed reload, in  2.182 seconds
Domain Reload Profiling:
	ReloadAssembly (2183ms)
		BeginReloadAssembly (269ms)
			ExecutionOrderSort (0ms)
			DisableScriptedObjects (6ms)
			BackupInstance (0ms)
			ReleaseScriptingObjects (0ms)
			CreateAndSetChildDomain (38ms)
		EndReloadAssembly (1687ms)
			LoadAssemblies (265ms)
			RebuildTransferFunctionScriptingTraits (0ms)
			SetupTypeCache (563ms)
			ReleaseScriptCaches (3ms)
			RebuildScriptCaches (101ms)
			SetupLoadedEditorAssemblies (685ms)
				LogAssemblyErrors (0ms)
				InitializePlatformSupportModulesInManaged (23ms)
				SetLoadedEditorAssemblies (2ms)
				RefreshPlugins (4ms)
				BeforeProcessingInitializeOnLoad (151ms)
				ProcessInitializeOnLoadAttributes (441ms)
				ProcessInitializeOnLoadMethodAttributes (44ms)
				AfterProcessingInitializeOnLoad (20ms)
				EditorAssembliesLoaded (0ms)
			ExecutionOrderSort2 (0ms)
			AwakeInstancesAfterBackupRestoration (14ms)
Platform modules already initialized, skipping
Refreshing native plugins compatible for Editor in 8.39 ms, found 3 plugins.
Preloading 0 native plugins for Editor in 0.00 ms.
Unloading 3050 Unused Serialized files (Serialized files now loaded: 0)
Unloading 16 unused Assets / (24.7 KB). Loaded Objects now: 3566.
Memory consumption went from 111.9 MB to 111.9 MB.
Total: 6.422200 ms (FindLiveObjects: 0.561200 ms CreateObjectMapping: 0.160100 ms MarkObjects: 5.571500 ms  DeleteObjects: 0.126200 ms)

AssetImportParameters requested are different than current active one (requested -> active):
  custom:video-decoder-ogg-theora: a1e56fd34408186e4bbccfd4996cb3dc -> 
  custom:container-muxer-webm: aa71ff27fc2769a1b78a27578f13a17b -> 
  custom:container-demuxer-webm: 4f35f7cbe854078d1ac9338744f61a02 -> 
  custom:video-encoder-webm-vp8: eb34c28f22e8b96e1ab97ce403110664 -> 
  custom:audio-encoder-webm-vorbis: bf7c407c2cedff20999df2af8eb42d56 -> 
  custom:framework-win-MediaFoundation: 216162199b28c13a410421893ffa2e32 -> 
  custom:container-demuxer-ogg: 62fdf1f143b41e24485cea50d1cbac27 -> 
  custom:video-decoder-webm-vp8: 9c59270c3fd7afecdb556c50c9e8de78 -> 
  custom:audio-decoder-ogg-vorbis: bf7c407c2cedff20999df2af8eb42d56 -> 
========================================================================
Received Import Request.
  Time since last request: 116.064193 seconds.
  path: Assets/Scripts/Hour8/LightScript/OnOff.cs
  artifactKey: Guid(8ac52c6e0db4130418328d1ac3862ec8) Importer(815301076,1909f56bfc062723c751e8b465ee728b)
Start importing Assets/Scripts/Hour8/LightScript/OnOff.cs using Guid(8ac52c6e0db4130418328d1ac3862ec8) Importer(815301076,1909f56bfc062723c751e8b465ee728b)  -> (artifact id: '70c5b1abd4f2476eb3859edddb5fa991') in 0.020210 seconds 
========================================================================
Received Prepare
Registering precompiled user dll's ...
Registered in 0.008084 seconds.
Begin MonoManager ReloadAssembly
Symbol file LoadedFromMemory doesn't match image C:\Users\pfran\Documents\GitHub\MULT-150\Pfrancia_Hour_8\Library\PackageCache\com.unity.visualscripting@1.8.0\Editor\VisualScripting.Core\Dependencies\YamlDotNet\Unity.VisualScripting.YamlDotNet.dll
Symbol file LoadedFromMemory doesn't match image C:\Users\pfran\Documents\GitHub\MULT-150\Pfrancia_Hour_8\Library\PackageCache\com.unity.visualscripting@1.8.0\Editor\VisualScripting.Core\Dependencies\DotNetZip\Unity.VisualScripting.IonicZip.dll
Native extension for WindowsStandalone target not found
Refreshing native plugins compatible for Editor in 0.73 ms, found 3 plugins.
Preloading 0 native plugins for Editor in 0.00 ms.
Mono: successfully reloaded assembly
- Completed reload, in  3.152 seconds
Domain Reload Profiling:
	ReloadAssembly (3153ms)
		BeginReloadAssembly (2101ms)
			ExecutionOrderSort (0ms)
			DisableScriptedObjects (71ms)
			BackupInstance (0ms)
			ReleaseScriptingObjects (0ms)
			CreateAndSetChildDomain (1139ms)
		EndReloadAssembly (908ms)
			LoadAssemblies (545ms)
			RebuildTransferFunctionScriptingTraits (0ms)
			SetupTypeCache (297ms)
			ReleaseScriptCaches (1ms)
			RebuildScriptCaches (42ms)
			SetupLoadedEditorAssemblies (401ms)
				LogAssemblyErrors (0ms)
				InitializePlatformSupportModulesInManaged (7ms)
				SetLoadedEditorAssemblies (0ms)
				RefreshPlugins (1ms)
				BeforeProcessingInitializeOnLoad (77ms)
				ProcessInitializeOnLoadAttributes (264ms)
				ProcessInitializeOnLoadMethodAttributes (36ms)
				AfterProcessingInitializeOnLoad (15ms)
				EditorAssembliesLoaded (0ms)
			ExecutionOrderSort2 (0ms)
			AwakeInstancesAfterBackupRestoration (12ms)
Platform modules already initialized, skipping
Refreshing native plugins compatible for Editor in 2.19 ms, found 3 plugins.
Preloading 0 native plugins for Editor in 0.00 ms.
Unloading 3051 Unused Serialized files (Serialized files now loaded: 0)
Unloading 15 unused Assets / (24.8 KB). Loaded Objects now: 3570.
Memory consumption went from 112.0 MB to 112.0 MB.
Total: 3.048000 ms (FindLiveObjects: 0.397400 ms CreateObjectMapping: 0.141000 ms MarkObjects: 2.480900 ms  DeleteObjects: 0.027100 ms)

AssetImportParameters requested are different than current active one (requested -> active):
  custom:video-decoder-ogg-theora: a1e56fd34408186e4bbccfd4996cb3dc -> 
  custom:container-muxer-webm: aa71ff27fc2769a1b78a27578f13a17b -> 
  custom:container-demuxer-webm: 4f35f7cbe854078d1ac9338744f61a02 -> 
  custom:video-encoder-webm-vp8: eb34c28f22e8b96e1ab97ce403110664 -> 
  custom:audio-encoder-webm-vorbis: bf7c407c2cedff20999df2af8eb42d56 -> 
  custom:framework-win-MediaFoundation: 216162199b28c13a410421893ffa2e32 -> 
  custom:container-demuxer-ogg: 62fdf1f143b41e24485cea50d1cbac27 -> 
  custom:video-decoder-webm-vp8: 9c59270c3fd7afecdb556c50c9e8de78 -> 
  custom:audio-decoder-ogg-vorbis: bf7c407c2cedff20999df2af8eb42d56 -> 
========================================================================
Received Prepare
Registering precompiled user dll's ...
Registered in 0.007225 seconds.
Begin MonoManager ReloadAssembly
Symbol file LoadedFromMemory doesn't match image C:\Users\pfran\Documents\GitHub\MULT-150\Pfrancia_Hour_8\Library\PackageCache\com.unity.visualscripting@1.8.0\Editor\VisualScripting.Core\Dependencies\YamlDotNet\Unity.VisualScripting.YamlDotNet.dll
Symbol file LoadedFromMemory doesn't match image C:\Users\pfran\Documents\GitHub\MULT-150\Pfrancia_Hour_8\Library\PackageCache\com.unity.visualscripting@1.8.0\Editor\VisualScripting.Core\Dependencies\DotNetZip\Unity.VisualScripting.IonicZip.dll
Native extension for WindowsStandalone target not found
Refreshing native plugins compatible for Editor in 1.85 ms, found 3 plugins.
Preloading 0 native plugins for Editor in 0.00 ms.
Mono: successfully reloaded assembly
- Completed reload, in  2.708 seconds
Domain Reload Profiling:
	ReloadAssembly (2710ms)
		BeginReloadAssembly (350ms)
			ExecutionOrderSort (0ms)
			DisableScriptedObjects (15ms)
			BackupInstance (0ms)
			ReleaseScriptingObjects (0ms)
			CreateAndSetChildDomain (87ms)
		EndReloadAssembly (2129ms)
			LoadAssemblies (271ms)
			RebuildTransferFunctionScriptingTraits (0ms)
			SetupTypeCache (641ms)
			ReleaseScriptCaches (4ms)
			RebuildScriptCaches (100ms)
			SetupLoadedEditorAssemblies (1008ms)
				LogAssemblyErrors (0ms)
				InitializePlatformSupportModulesInManaged (15ms)
				SetLoadedEditorAssemblies (1ms)
				RefreshPlugins (2ms)
				BeforeProcessingInitializeOnLoad (150ms)
				ProcessInitializeOnLoadAttributes (717ms)
				ProcessInitializeOnLoadMethodAttributes (77ms)
				AfterProcessingInitializeOnLoad (46ms)
				EditorAssembliesLoaded (1ms)
			ExecutionOrderSort2 (0ms)
			AwakeInstancesAfterBackupRestoration (26ms)
Platform modules already initialized, skipping
Refreshing native plugins compatible for Editor in 6.39 ms, found 3 plugins.
Preloading 0 native plugins for Editor in 0.00 ms.
Unloading 3051 Unused Serialized files (Serialized files now loaded: 0)
Unloading 15 unused Assets / (24.7 KB). Loaded Objects now: 3573.
Memory consumption went from 112.0 MB to 112.0 MB.
Total: 6.809000 ms (FindLiveObjects: 0.706700 ms CreateObjectMapping: 0.174900 ms MarkObjects: 5.828800 ms  DeleteObjects: 0.094900 ms)

AssetImportParameters requested are different than current active one (requested -> active):
  custom:video-decoder-ogg-theora: a1e56fd34408186e4bbccfd4996cb3dc -> 
  custom:container-muxer-webm: aa71ff27fc2769a1b78a27578f13a17b -> 
  custom:container-demuxer-webm: 4f35f7cbe854078d1ac9338744f61a02 -> 
  custom:video-encoder-webm-vp8: eb34c28f22e8b96e1ab97ce403110664 -> 
  custom:audio-encoder-webm-vorbis: bf7c407c2cedff20999df2af8eb42d56 -> 
  custom:framework-win-MediaFoundation: 216162199b28c13a410421893ffa2e32 -> 
  custom:container-demuxer-ogg: 62fdf1f143b41e24485cea50d1cbac27 -> 
  custom:video-decoder-webm-vp8: 9c59270c3fd7afecdb556c50c9e8de78 -> 
  custom:audio-decoder-ogg-vorbis: bf7c407c2cedff20999df2af8eb42d56 -> 
========================================================================
Received Import Request.
  Time since last request: 190.746693 seconds.
  path: Assets/Scripts/Hour8/LightScript/LightToggle.cs
  artifactKey: Guid(2f9dd7cbfe65d5d43b23ffb18410c48c) Importer(815301076,1909f56bfc062723c751e8b465ee728b)
Start importing Assets/Scripts/Hour8/LightScript/LightToggle.cs using Guid(2f9dd7cbfe65d5d43b23ffb18410c48c) Importer(815301076,1909f56bfc062723c751e8b465ee728b)  -> (artifact id: '68deb9c754078b0c913bd85f22808d1a') in 0.018308 seconds 
========================================================================
Received Prepare
Registering precompiled user dll's ...
Registered in 0.006852 seconds.
Begin MonoManager ReloadAssembly
Symbol file LoadedFromMemory doesn't match image C:\Users\pfran\Documents\GitHub\MULT-150\Pfrancia_Hour_8\Library\PackageCache\com.unity.visualscripting@1.8.0\Editor\VisualScripting.Core\Dependencies\YamlDotNet\Unity.VisualScripting.YamlDotNet.dll
Symbol file LoadedFromMemory doesn't match image C:\Users\pfran\Documents\GitHub\MULT-150\Pfrancia_Hour_8\Library\PackageCache\com.unity.visualscripting@1.8.0\Editor\VisualScripting.Core\Dependencies\DotNetZip\Unity.VisualScripting.IonicZip.dll
Native extension for WindowsStandalone target not found
Refreshing native plugins compatible for Editor in 1.55 ms, found 3 plugins.
Preloading 0 native plugins for Editor in 0.00 ms.
Mono: successfully reloaded assembly
- Completed reload, in  2.182 seconds
Domain Reload Profiling:
	ReloadAssembly (2183ms)
		BeginReloadAssembly (343ms)
			ExecutionOrderSort (0ms)
			DisableScriptedObjects (10ms)
			BackupInstance (0ms)
			ReleaseScriptingObjects (0ms)
			CreateAndSetChildDomain (94ms)
		EndReloadAssembly (1617ms)
			LoadAssemblies (242ms)
			RebuildTransferFunctionScriptingTraits (0ms)
			SetupTypeCache (577ms)
			ReleaseScriptCaches (3ms)
			RebuildScriptCaches (94ms)
			SetupLoadedEditorAssemblies (654ms)
				LogAssemblyErrors (0ms)
				InitializePlatformSupportModulesInManaged (13ms)
				SetLoadedEditorAssemblies (1ms)
				RefreshPlugins (2ms)
				BeforeProcessingInitializeOnLoad (125ms)
				ProcessInitializeOnLoadAttributes (450ms)
				ProcessInitializeOnLoadMethodAttributes (42ms)
				AfterProcessingInitializeOnLoad (20ms)
				EditorAssembliesLoaded (1ms)
			ExecutionOrderSort2 (0ms)
			AwakeInstancesAfterBackupRestoration (16ms)
Platform modules already initialized, skipping
Refreshing native plugins compatible for Editor in 4.35 ms, found 3 plugins.
Preloading 0 native plugins for Editor in 0.00 ms.
Unloading 3052 Unused Serialized files (Serialized files now loaded: 0)
Unloading 15 unused Assets / (24.7 KB). Loaded Objects now: 3577.
Memory consumption went from 112.0 MB to 112.0 MB.
Total: 6.385600 ms (FindLiveObjects: 0.748300 ms CreateObjectMapping: 0.254200 ms MarkObjects: 5.246700 ms  DeleteObjects: 0.131900 ms)

AssetImportParameters requested are different than current active one (requested -> active):
  custom:video-decoder-ogg-theora: a1e56fd34408186e4bbccfd4996cb3dc -> 
  custom:container-muxer-webm: aa71ff27fc2769a1b78a27578f13a17b -> 
  custom:container-demuxer-webm: 4f35f7cbe854078d1ac9338744f61a02 -> 
  custom:video-encoder-webm-vp8: eb34c28f22e8b96e1ab97ce403110664 -> 
  custom:audio-encoder-webm-vorbis: bf7c407c2cedff20999df2af8eb42d56 -> 
  custom:framework-win-MediaFoundation: 216162199b28c13a410421893ffa2e32 -> 
  custom:container-demuxer-ogg: 62fdf1f143b41e24485cea50d1cbac27 -> 
  custom:video-decoder-webm-vp8: 9c59270c3fd7afecdb556c50c9e8de78 -> 
  custom:audio-decoder-ogg-vorbis: bf7c407c2cedff20999df2af8eb42d56 -> 
========================================================================
Received Import Request.
  Time since last request: 16.962430 seconds.
  path: Assets/Scripts/Hour8/LightScript/OnOff.cs
  artifactKey: Guid(8ac52c6e0db4130418328d1ac3862ec8) Importer(815301076,1909f56bfc062723c751e8b465ee728b)
Start importing Assets/Scripts/Hour8/LightScript/OnOff.cs using Guid(8ac52c6e0db4130418328d1ac3862ec8) Importer(815301076,1909f56bfc062723c751e8b465ee728b)  -> (artifact id: '43b7ee507ce08290f3d66f73464c6594') in 0.013550 seconds 
========================================================================
Received Prepare
Registering precompiled user dll's ...
Registered in 0.009552 seconds.
Begin MonoManager ReloadAssembly
Symbol file LoadedFromMemory doesn't match image C:\Users\pfran\Documents\GitHub\MULT-150\Pfrancia_Hour_8\Library\PackageCache\com.unity.visualscripting@1.8.0\Editor\VisualScripting.Core\Dependencies\YamlDotNet\Unity.VisualScripting.YamlDotNet.dll
Symbol file LoadedFromMemory doesn't match image C:\Users\pfran\Documents\GitHub\MULT-150\Pfrancia_Hour_8\Library\PackageCache\com.unity.visualscripting@1.8.0\Editor\VisualScripting.Core\Dependencies\DotNetZip\Unity.VisualScripting.IonicZip.dll
Native extension for WindowsStandalone target not found
Refreshing native plugins compatible for Editor in 1.50 ms, found 3 plugins.
Preloading 0 native plugins for Editor in 0.00 ms.
Mono: successfully reloaded assembly
- Completed reload, in  2.746 seconds
Domain Reload Profiling:
	ReloadAssembly (2750ms)
		BeginReloadAssembly (295ms)
			ExecutionOrderSort (0ms)
			DisableScriptedObjects (6ms)
			BackupInstance (0ms)
			ReleaseScriptingObjects (0ms)
			CreateAndSetChildDomain (52ms)
		EndReloadAssembly (2125ms)
			LoadAssemblies (325ms)
			RebuildTransferFunctionScriptingTraits (0ms)
			SetupTypeCache (965ms)
			ReleaseScriptCaches (3ms)
			RebuildScriptCaches (64ms)
			SetupLoadedEditorAssemblies (701ms)
				LogAssemblyErrors (0ms)
				InitializePlatformSupportModulesInManaged (14ms)
				SetLoadedEditorAssemblies (1ms)
				RefreshPlugins (2ms)
				BeforeProcessingInitializeOnLoad (151ms)
				ProcessInitializeOnLoadAttributes (463ms)
				ProcessInitializeOnLoadMethodAttributes (47ms)
				AfterProcessingInitializeOnLoad (22ms)
				EditorAssembliesLoaded (1ms)
			ExecutionOrderSort2 (0ms)
			AwakeInstancesAfterBackupRestoration (15ms)
Platform modules already initialized, skipping
Refreshing native plugins compatible for Editor in 2.45 ms, found 3 plugins.
Preloading 0 native plugins for Editor in 0.00 ms.
Unloading 3051 Unused Serialized files (Serialized files now loaded: 0)
Unloading 16 unused Assets / (24.7 KB). Loaded Objects now: 3579.
Memory consumption went from 112.0 MB to 112.0 MB.
Total: 8.106200 ms (FindLiveObjects: 0.907400 ms CreateObjectMapping: 0.245000 ms MarkObjects: 6.894100 ms  DeleteObjects: 0.054100 ms)

AssetImportParameters requested are different than current active one (requested -> active):
  custom:video-decoder-ogg-theora: a1e56fd34408186e4bbccfd4996cb3dc -> 
  custom:container-muxer-webm: aa71ff27fc2769a1b78a27578f13a17b -> 
  custom:container-demuxer-webm: 4f35f7cbe854078d1ac9338744f61a02 -> 
  custom:video-encoder-webm-vp8: eb34c28f22e8b96e1ab97ce403110664 -> 
  custom:audio-encoder-webm-vorbis: bf7c407c2cedff20999df2af8eb42d56 -> 
  custom:framework-win-MediaFoundation: 216162199b28c13a410421893ffa2e32 -> 
  custom:container-demuxer-ogg: 62fdf1f143b41e24485cea50d1cbac27 -> 
  custom:video-decoder-webm-vp8: 9c59270c3fd7afecdb556c50c9e8de78 -> 
  custom:audio-decoder-ogg-vorbis: bf7c407c2cedff20999df2af8eb42d56 -> 
========================================================================
Received Import Request.
  Time since last request: 68.219316 seconds.
  path: Assets/Scripts/Hour8/LightScript/LightToggle.cs
  artifactKey: Guid(2f9dd7cbfe65d5d43b23ffb18410c48c) Importer(815301076,1909f56bfc062723c751e8b465ee728b)
Start importing Assets/Scripts/Hour8/LightScript/LightToggle.cs using Guid(2f9dd7cbfe65d5d43b23ffb18410c48c) Importer(815301076,1909f56bfc062723c751e8b465ee728b)  -> (artifact id: '302b4bfe98dea6ae9e25325d0ef5125c') in 0.014560 seconds 
========================================================================
Received Prepare
Registering precompiled user dll's ...
Registered in 0.007012 seconds.
Begin MonoManager ReloadAssembly
Symbol file LoadedFromMemory doesn't match image C:\Users\pfran\Documents\GitHub\MULT-150\Pfrancia_Hour_8\Library\PackageCache\com.unity.visualscripting@1.8.0\Editor\VisualScripting.Core\Dependencies\YamlDotNet\Unity.VisualScripting.YamlDotNet.dll
Symbol file LoadedFromMemory doesn't match image C:\Users\pfran\Documents\GitHub\MULT-150\Pfrancia_Hour_8\Library\PackageCache\com.unity.visualscripting@1.8.0\Editor\VisualScripting.Core\Dependencies\DotNetZip\Unity.VisualScripting.IonicZip.dll
Native extension for WindowsStandalone target not found
Refreshing native plugins compatible for Editor in 1.41 ms, found 3 plugins.
Preloading 0 native plugins for Editor in 0.00 ms.
Mono: successfully reloaded assembly
- Completed reload, in  2.489 seconds
Domain Reload Profiling:
	ReloadAssembly (2491ms)
		BeginReloadAssembly (430ms)
			ExecutionOrderSort (0ms)
			DisableScriptedObjects (7ms)
			BackupInstance (0ms)
			ReleaseScriptingObjects (0ms)
			CreateAndSetChildDomain (108ms)
		EndReloadAssembly (1801ms)
			LoadAssemblies (343ms)
			RebuildTransferFunctionScriptingTraits (0ms)
			SetupTypeCache (575ms)
			ReleaseScriptCaches (1ms)
			RebuildScriptCaches (67ms)
			SetupLoadedEditorAssemblies (767ms)
				LogAssemblyErrors (2ms)
				InitializePlatformSupportModulesInManaged (38ms)
				SetLoadedEditorAssemblies (1ms)
				RefreshPlugins (2ms)
				BeforeProcessingInitializeOnLoad (130ms)
				ProcessInitializeOnLoadAttributes (527ms)
				ProcessInitializeOnLoadMethodAttributes (43ms)
				AfterProcessingInitializeOnLoad (24ms)
				EditorAssembliesLoaded (0ms)
			ExecutionOrderSort2 (0ms)
			AwakeInstancesAfterBackupRestoration (32ms)
Platform modules already initialized, skipping
Refreshing native plugins compatible for Editor in 9.83 ms, found 3 plugins.
Preloading 0 native plugins for Editor in 0.00 ms.
Unloading 3051 Unused Serialized files (Serialized files now loaded: 0)
Unloading 15 unused Assets / (24.8 KB). Loaded Objects now: 3582.
Memory consumption went from 112.0 MB to 112.0 MB.
Total: 9.116300 ms (FindLiveObjects: 1.935500 ms CreateObjectMapping: 0.278100 ms MarkObjects: 6.632200 ms  DeleteObjects: 0.267000 ms)

AssetImportParameters requested are different than current active one (requested -> active):
  custom:video-decoder-ogg-theora: a1e56fd34408186e4bbccfd4996cb3dc -> 
  custom:container-muxer-webm: aa71ff27fc2769a1b78a27578f13a17b -> 
  custom:container-demuxer-webm: 4f35f7cbe854078d1ac9338744f61a02 -> 
  custom:video-encoder-webm-vp8: eb34c28f22e8b96e1ab97ce403110664 -> 
  custom:audio-encoder-webm-vorbis: bf7c407c2cedff20999df2af8eb42d56 -> 
  custom:framework-win-MediaFoundation: 216162199b28c13a410421893ffa2e32 -> 
  custom:container-demuxer-ogg: 62fdf1f143b41e24485cea50d1cbac27 -> 
  custom:video-decoder-webm-vp8: 9c59270c3fd7afecdb556c50c9e8de78 -> 
  custom:audio-decoder-ogg-vorbis: bf7c407c2cedff20999df2af8eb42d56 -> 
========================================================================
Received Prepare
Registering precompiled user dll's ...
Registered in 0.009383 seconds.
Begin MonoManager ReloadAssembly
Symbol file LoadedFromMemory doesn't match image C:\Users\pfran\Documents\GitHub\MULT-150\Pfrancia_Hour_8\Library\PackageCache\com.unity.visualscripting@1.8.0\Editor\VisualScripting.Core\Dependencies\YamlDotNet\Unity.VisualScripting.YamlDotNet.dll
Symbol file LoadedFromMemory doesn't match image C:\Users\pfran\Documents\GitHub\MULT-150\Pfrancia_Hour_8\Library\PackageCache\com.unity.visualscripting@1.8.0\Editor\VisualScripting.Core\Dependencies\DotNetZip\Unity.VisualScripting.IonicZip.dll
Native extension for WindowsStandalone target not found
Refreshing native plugins compatible for Editor in 1.66 ms, found 3 plugins.
Preloading 0 native plugins for Editor in 0.00 ms.
Mono: successfully reloaded assembly
- Completed reload, in  2.020 seconds
Domain Reload Profiling:
	ReloadAssembly (2022ms)
		BeginReloadAssembly (171ms)
			ExecutionOrderSort (0ms)
			DisableScriptedObjects (6ms)
			BackupInstance (0ms)
			ReleaseScriptingObjects (0ms)
			CreateAndSetChildDomain (47ms)
		EndReloadAssembly (1737ms)
			LoadAssemblies (122ms)
			RebuildTransferFunctionScriptingTraits (0ms)
			SetupTypeCache (639ms)
			ReleaseScriptCaches (4ms)
			RebuildScriptCaches (91ms)
			SetupLoadedEditorAssemblies (713ms)
				LogAssemblyErrors (0ms)
				InitializePlatformSupportModulesInManaged (15ms)
				SetLoadedEditorAssemblies (1ms)
				RefreshPlugins (2ms)
				BeforeProcessingInitializeOnLoad (138ms)
				ProcessInitializeOnLoadAttributes (490ms)
				ProcessInitializeOnLoadMethodAttributes (42ms)
				AfterProcessingInitializeOnLoad (22ms)
				EditorAssembliesLoaded (3ms)
			ExecutionOrderSort2 (0ms)
			AwakeInstancesAfterBackupRestoration (13ms)
Platform modules already initialized, skipping
Refreshing native plugins compatible for Editor in 3.60 ms, found 3 plugins.
Preloading 0 native plugins for Editor in 0.00 ms.
Unloading 3051 Unused Serialized files (Serialized files now loaded: 0)
Unloading 15 unused Assets / (24.7 KB). Loaded Objects now: 3585.
Memory consumption went from 112.0 MB to 112.0 MB.
Total: 7.367100 ms (FindLiveObjects: 0.745700 ms CreateObjectMapping: 0.191000 ms MarkObjects: 6.353200 ms  DeleteObjects: 0.072900 ms)

AssetImportParameters requested are different than current active one (requested -> active):
  custom:video-decoder-ogg-theora: a1e56fd34408186e4bbccfd4996cb3dc -> 
  custom:container-muxer-webm: aa71ff27fc2769a1b78a27578f13a17b -> 
  custom:container-demuxer-webm: 4f35f7cbe854078d1ac9338744f61a02 -> 
  custom:video-encoder-webm-vp8: eb34c28f22e8b96e1ab97ce403110664 -> 
  custom:audio-encoder-webm-vorbis: bf7c407c2cedff20999df2af8eb42d56 -> 
  custom:framework-win-MediaFoundation: 216162199b28c13a410421893ffa2e32 -> 
  custom:container-demuxer-ogg: 62fdf1f143b41e24485cea50d1cbac27 -> 
  custom:video-decoder-webm-vp8: 9c59270c3fd7afecdb556c50c9e8de78 -> 
  custom:audio-decoder-ogg-vorbis: bf7c407c2cedff20999df2af8eb42d56 -> 
========================================================================
Received Import Request.
  Time since last request: 280.358851 seconds.
  path: Assets/Scripts/Hour8/LightScript/LightToggle.cs
  artifactKey: Guid(2f9dd7cbfe65d5d43b23ffb18410c48c) Importer(815301076,1909f56bfc062723c751e8b465ee728b)
Start importing Assets/Scripts/Hour8/LightScript/LightToggle.cs using Guid(2f9dd7cbfe65d5d43b23ffb18410c48c) Importer(815301076,1909f56bfc062723c751e8b465ee728b)  -> (artifact id: 'c25bca2e208338d0da03a0123f0d924f') in 0.015217 seconds 
========================================================================
Received Prepare
Registering precompiled user dll's ...
Registered in 0.006588 seconds.
Begin MonoManager ReloadAssembly
Symbol file LoadedFromMemory doesn't match image C:\Users\pfran\Documents\GitHub\MULT-150\Pfrancia_Hour_8\Library\PackageCache\com.unity.visualscripting@1.8.0\Editor\VisualScripting.Core\Dependencies\YamlDotNet\Unity.VisualScripting.YamlDotNet.dll
Symbol file LoadedFromMemory doesn't match image C:\Users\pfran\Documents\GitHub\MULT-150\Pfrancia_Hour_8\Library\PackageCache\com.unity.visualscripting@1.8.0\Editor\VisualScripting.Core\Dependencies\DotNetZip\Unity.VisualScripting.IonicZip.dll
Native extension for WindowsStandalone target not found
Refreshing native plugins compatible for Editor in 1.18 ms, found 3 plugins.
Preloading 0 native plugins for Editor in 0.00 ms.
Mono: successfully reloaded assembly
- Completed reload, in  1.976 seconds
Domain Reload Profiling:
	ReloadAssembly (1977ms)
		BeginReloadAssembly (173ms)
			ExecutionOrderSort (0ms)
			DisableScriptedObjects (6ms)
			BackupInstance (0ms)
			ReleaseScriptingObjects (0ms)
			CreateAndSetChildDomain (38ms)
		EndReloadAssembly (1684ms)
			LoadAssemblies (125ms)
			RebuildTransferFunctionScriptingTraits (0ms)
			SetupTypeCache (594ms)
			ReleaseScriptCaches (8ms)
			RebuildScriptCaches (136ms)
			SetupLoadedEditorAssemblies (677ms)
				LogAssemblyErrors (0ms)
				InitializePlatformSupportModulesInManaged (15ms)
				SetLoadedEditorAssemblies (1ms)
				RefreshPlugins (1ms)
				BeforeProcessingInitializeOnLoad (138ms)
				ProcessInitializeOnLoadAttributes (456ms)
				ProcessInitializeOnLoadMethodAttributes (44ms)
				AfterProcessingInitializeOnLoad (21ms)
				EditorAssembliesLoaded (1ms)
			ExecutionOrderSort2 (0ms)
			AwakeInstancesAfterBackupRestoration (15ms)
Platform modules already initialized, skipping
Refreshing native plugins compatible for Editor in 4.08 ms, found 3 plugins.
Preloading 0 native plugins for Editor in 0.00 ms.
Unloading 3051 Unused Serialized files (Serialized files now loaded: 0)
Unloading 15 unused Assets / (24.7 KB). Loaded Objects now: 3588.
Memory consumption went from 112.0 MB to 112.0 MB.
Total: 8.259100 ms (FindLiveObjects: 1.096700 ms CreateObjectMapping: 1.421300 ms MarkObjects: 5.673300 ms  DeleteObjects: 0.064600 ms)

AssetImportParameters requested are different than current active one (requested -> active):
  custom:video-decoder-ogg-theora: a1e56fd34408186e4bbccfd4996cb3dc -> 
  custom:container-muxer-webm: aa71ff27fc2769a1b78a27578f13a17b -> 
  custom:container-demuxer-webm: 4f35f7cbe854078d1ac9338744f61a02 -> 
  custom:video-encoder-webm-vp8: eb34c28f22e8b96e1ab97ce403110664 -> 
  custom:audio-encoder-webm-vorbis: bf7c407c2cedff20999df2af8eb42d56 -> 
  custom:framework-win-MediaFoundation: 216162199b28c13a410421893ffa2e32 -> 
  custom:container-demuxer-ogg: 62fdf1f143b41e24485cea50d1cbac27 -> 
  custom:video-decoder-webm-vp8: 9c59270c3fd7afecdb556c50c9e8de78 -> 
  custom:audio-decoder-ogg-vorbis: bf7c407c2cedff20999df2af8eb42d56 -> 
========================================================================
Received Prepare
Registering precompiled user dll's ...
Registered in 0.007945 seconds.
Begin MonoManager ReloadAssembly
Symbol file LoadedFromMemory doesn't match image C:\Users\pfran\Documents\GitHub\MULT-150\Pfrancia_Hour_8\Library\PackageCache\com.unity.visualscripting@1.8.0\Editor\VisualScripting.Core\Dependencies\YamlDotNet\Unity.VisualScripting.YamlDotNet.dll
Symbol file LoadedFromMemory doesn't match image C:\Users\pfran\Documents\GitHub\MULT-150\Pfrancia_Hour_8\Library\PackageCache\com.unity.visualscripting@1.8.0\Editor\VisualScripting.Core\Dependencies\DotNetZip\Unity.VisualScripting.IonicZip.dll
Native extension for WindowsStandalone target not found
Refreshing native plugins compatible for Editor in 0.60 ms, found 3 plugins.
Preloading 0 native plugins for Editor in 0.00 ms.
Mono: successfully reloaded assembly
- Completed reload, in  1.231 seconds
Domain Reload Profiling:
	ReloadAssembly (1232ms)
		BeginReloadAssembly (289ms)
			ExecutionOrderSort (0ms)
			DisableScriptedObjects (13ms)
			BackupInstance (0ms)
			ReleaseScriptingObjects (0ms)
			CreateAndSetChildDomain (78ms)
		EndReloadAssembly (821ms)
			LoadAssemblies (160ms)
			RebuildTransferFunctionScriptingTraits (0ms)
			SetupTypeCache (317ms)
			ReleaseScriptCaches (2ms)
			RebuildScriptCaches (47ms)
			SetupLoadedEditorAssemblies (313ms)
				LogAssemblyErrors (0ms)
				InitializePlatformSupportModulesInManaged (6ms)
				SetLoadedEditorAssemblies (1ms)
				RefreshPlugins (1ms)
				BeforeProcessingInitializeOnLoad (73ms)
				ProcessInitializeOnLoadAttributes (201ms)
				ProcessInitializeOnLoadMethodAttributes (19ms)
				AfterProcessingInitializeOnLoad (12ms)
				EditorAssembliesLoaded (0ms)
			ExecutionOrderSort2 (0ms)
			AwakeInstancesAfterBackupRestoration (7ms)
Platform modules already initialized, skipping
Refreshing native plugins compatible for Editor in 2.26 ms, found 3 plugins.
Preloading 0 native plugins for Editor in 0.00 ms.
Unloading 3051 Unused Serialized files (Serialized files now loaded: 0)
Unloading 15 unused Assets / (24.7 KB). Loaded Objects now: 3591.
Memory consumption went from 112.0 MB to 112.0 MB.
Total: 6.131500 ms (FindLiveObjects: 0.530600 ms CreateObjectMapping: 0.265100 ms MarkObjects: 5.228400 ms  DeleteObjects: 0.105600 ms)

AssetImportParameters requested are different than current active one (requested -> active):
  custom:video-decoder-ogg-theora: a1e56fd34408186e4bbccfd4996cb3dc -> 
  custom:container-muxer-webm: aa71ff27fc2769a1b78a27578f13a17b -> 
  custom:container-demuxer-webm: 4f35f7cbe854078d1ac9338744f61a02 -> 
  custom:video-encoder-webm-vp8: eb34c28f22e8b96e1ab97ce403110664 -> 
  custom:audio-encoder-webm-vorbis: bf7c407c2cedff20999df2af8eb42d56 -> 
  custom:framework-win-MediaFoundation: 216162199b28c13a410421893ffa2e32 -> 
  custom:container-demuxer-ogg: 62fdf1f143b41e24485cea50d1cbac27 -> 
  custom:video-decoder-webm-vp8: 9c59270c3fd7afecdb556c50c9e8de78 -> 
  custom:audio-decoder-ogg-vorbis: bf7c407c2cedff20999df2af8eb42d56 -> 
========================================================================
Received Prepare
Registering precompiled user dll's ...
Registered in 0.007229 seconds.
Begin MonoManager ReloadAssembly
Symbol file LoadedFromMemory doesn't match image C:\Users\pfran\Documents\GitHub\MULT-150\Pfrancia_Hour_8\Library\PackageCache\com.unity.visualscripting@1.8.0\Editor\VisualScripting.Core\Dependencies\YamlDotNet\Unity.VisualScripting.YamlDotNet.dll
Symbol file LoadedFromMemory doesn't match image C:\Users\pfran\Documents\GitHub\MULT-150\Pfrancia_Hour_8\Library\PackageCache\com.unity.visualscripting@1.8.0\Editor\VisualScripting.Core\Dependencies\DotNetZip\Unity.VisualScripting.IonicZip.dll
Native extension for WindowsStandalone target not found
Refreshing native plugins compatible for Editor in 2.63 ms, found 3 plugins.
Preloading 0 native plugins for Editor in 0.00 ms.
Mono: successfully reloaded assembly
- Completed reload, in  2.041 seconds
Domain Reload Profiling:
	ReloadAssembly (2042ms)
		BeginReloadAssembly (190ms)
			ExecutionOrderSort (0ms)
			DisableScriptedObjects (17ms)
			BackupInstance (0ms)
			ReleaseScriptingObjects (0ms)
			CreateAndSetChildDomain (40ms)
		EndReloadAssembly (1742ms)
			LoadAssemblies (126ms)
			RebuildTransferFunctionScriptingTraits (0ms)
			SetupTypeCache (530ms)
			ReleaseScriptCaches (3ms)
			RebuildScriptCaches (105ms)
			SetupLoadedEditorAssemblies (735ms)
				LogAssemblyErrors (0ms)
				InitializePlatformSupportModulesInManaged (21ms)
				SetLoadedEditorAssemblies (3ms)
				RefreshPlugins (3ms)
				BeforeProcessingInitializeOnLoad (227ms)
				ProcessInitializeOnLoadAttributes (422ms)
				ProcessInitializeOnLoadMethodAttributes (39ms)
				AfterProcessingInitializeOnLoad (20ms)
				EditorAssembliesLoaded (0ms)
			ExecutionOrderSort2 (0ms)
			AwakeInstancesAfterBackupRestoration (14ms)
Platform modules already initialized, skipping
Refreshing native plugins compatible for Editor in 5.77 ms, found 3 plugins.
Preloading 0 native plugins for Editor in 0.00 ms.
Unloading 3051 Unused Serialized files (Serialized files now loaded: 0)
Unloading 15 unused Assets / (24.8 KB). Loaded Objects now: 3594.
Memory consumption went from 112.0 MB to 112.0 MB.
Total: 6.085300 ms (FindLiveObjects: 0.768100 ms CreateObjectMapping: 0.099600 ms MarkObjects: 4.947400 ms  DeleteObjects: 0.266700 ms)

AssetImportParameters requested are different than current active one (requested -> active):
  custom:video-decoder-ogg-theora: a1e56fd34408186e4bbccfd4996cb3dc -> 
  custom:container-muxer-webm: aa71ff27fc2769a1b78a27578f13a17b -> 
  custom:container-demuxer-webm: 4f35f7cbe854078d1ac9338744f61a02 -> 
  custom:video-encoder-webm-vp8: eb34c28f22e8b96e1ab97ce403110664 -> 
  custom:audio-encoder-webm-vorbis: bf7c407c2cedff20999df2af8eb42d56 -> 
  custom:framework-win-MediaFoundation: 216162199b28c13a410421893ffa2e32 -> 
  custom:container-demuxer-ogg: 62fdf1f143b41e24485cea50d1cbac27 -> 
  custom:video-decoder-webm-vp8: 9c59270c3fd7afecdb556c50c9e8de78 -> 
  custom:audio-decoder-ogg-vorbis: bf7c407c2cedff20999df2af8eb42d56 -> 
========================================================================
Received Prepare
Registering precompiled user dll's ...
Registered in 0.007209 seconds.
Begin MonoManager ReloadAssembly
Symbol file LoadedFromMemory doesn't match image C:\Users\pfran\Documents\GitHub\MULT-150\Pfrancia_Hour_8\Library\PackageCache\com.unity.visualscripting@1.8.0\Editor\VisualScripting.Core\Dependencies\YamlDotNet\Unity.VisualScripting.YamlDotNet.dll
Symbol file LoadedFromMemory doesn't match image C:\Users\pfran\Documents\GitHub\MULT-150\Pfrancia_Hour_8\Library\PackageCache\com.unity.visualscripting@1.8.0\Editor\VisualScripting.Core\Dependencies\DotNetZip\Unity.VisualScripting.IonicZip.dll
Native extension for WindowsStandalone target not found
Refreshing native plugins compatible for Editor in 0.91 ms, found 3 plugins.
Preloading 0 native plugins for Editor in 0.00 ms.
Mono: successfully reloaded assembly
- Completed reload, in  1.273 seconds
Domain Reload Profiling:
	ReloadAssembly (1274ms)
		BeginReloadAssembly (214ms)
			ExecutionOrderSort (0ms)
			DisableScriptedObjects (6ms)
			BackupInstance (0ms)
			ReleaseScriptingObjects (0ms)
			CreateAndSetChildDomain (51ms)
		EndReloadAssembly (917ms)
			LoadAssemblies (155ms)
			RebuildTransferFunctionScriptingTraits (0ms)
			SetupTypeCache (379ms)
			ReleaseScriptCaches (1ms)
			RebuildScriptCaches (47ms)
			SetupLoadedEditorAssemblies (330ms)
				LogAssemblyErrors (0ms)
				InitializePlatformSupportModulesInManaged (6ms)
				SetLoadedEditorAssemblies (1ms)
				RefreshPlugins (1ms)
				BeforeProcessingInitializeOnLoad (76ms)
				ProcessInitializeOnLoadAttributes (211ms)
				ProcessInitializeOnLoadMethodAttributes (21ms)
				AfterProcessingInitializeOnLoad (13ms)
				EditorAssembliesLoaded (0ms)
			ExecutionOrderSort2 (0ms)
			AwakeInstancesAfterBackupRestoration (7ms)
Platform modules already initialized, skipping
Refreshing native plugins compatible for Editor in 2.61 ms, found 3 plugins.
Preloading 0 native plugins for Editor in 0.00 ms.
Unloading 3051 Unused Serialized files (Serialized files now loaded: 0)
Unloading 15 unused Assets / (24.6 KB). Loaded Objects now: 3597.
Memory consumption went from 112.1 MB to 112.0 MB.
Total: 3.434800 ms (FindLiveObjects: 0.287200 ms CreateObjectMapping: 0.102400 ms MarkObjects: 2.951900 ms  DeleteObjects: 0.092200 ms)

AssetImportParameters requested are different than current active one (requested -> active):
  custom:video-decoder-ogg-theora: a1e56fd34408186e4bbccfd4996cb3dc -> 
  custom:container-muxer-webm: aa71ff27fc2769a1b78a27578f13a17b -> 
  custom:container-demuxer-webm: 4f35f7cbe854078d1ac9338744f61a02 -> 
  custom:video-encoder-webm-vp8: eb34c28f22e8b96e1ab97ce403110664 -> 
  custom:audio-encoder-webm-vorbis: bf7c407c2cedff20999df2af8eb42d56 -> 
  custom:framework-win-MediaFoundation: 216162199b28c13a410421893ffa2e32 -> 
  custom:container-demuxer-ogg: 62fdf1f143b41e24485cea50d1cbac27 -> 
  custom:video-decoder-webm-vp8: 9c59270c3fd7afecdb556c50c9e8de78 -> 
  custom:audio-decoder-ogg-vorbis: bf7c407c2cedff20999df2af8eb42d56 -> 
========================================================================
Received Prepare
Registering precompiled user dll's ...
Registered in 0.006825 seconds.
Begin MonoManager ReloadAssembly
Symbol file LoadedFromMemory doesn't match image C:\Users\pfran\Documents\GitHub\MULT-150\Pfrancia_Hour_8\Library\PackageCache\com.unity.visualscripting@1.8.0\Editor\VisualScripting.Core\Dependencies\YamlDotNet\Unity.VisualScripting.YamlDotNet.dll
Symbol file LoadedFromMemory doesn't match image C:\Users\pfran\Documents\GitHub\MULT-150\Pfrancia_Hour_8\Library\PackageCache\com.unity.visualscripting@1.8.0\Editor\VisualScripting.Core\Dependencies\DotNetZip\Unity.VisualScripting.IonicZip.dll
Native extension for WindowsStandalone target not found
Refreshing native plugins compatible for Editor in 1.37 ms, found 3 plugins.
Preloading 0 native plugins for Editor in 0.00 ms.
Mono: successfully reloaded assembly
- Completed reload, in  2.158 seconds
Domain Reload Profiling:
	ReloadAssembly (2159ms)
		BeginReloadAssembly (182ms)
			ExecutionOrderSort (0ms)
			DisableScriptedObjects (6ms)
			BackupInstance (0ms)
			ReleaseScriptingObjects (0ms)
			CreateAndSetChildDomain (40ms)
		EndReloadAssembly (1859ms)
			LoadAssemblies (126ms)
			RebuildTransferFunctionScriptingTraits (0ms)
			SetupTypeCache (745ms)
			ReleaseScriptCaches (6ms)
			RebuildScriptCaches (112ms)
			SetupLoadedEditorAssemblies (701ms)
				LogAssemblyErrors (0ms)
				InitializePlatformSupportModulesInManaged (17ms)
				SetLoadedEditorAssemblies (1ms)
				RefreshPlugins (2ms)
				BeforeProcessingInitializeOnLoad (149ms)
				ProcessInitializeOnLoadAttributes (463ms)
				ProcessInitializeOnLoadMethodAttributes (44ms)
				AfterProcessingInitializeOnLoad (26ms)
				EditorAssembliesLoaded (0ms)
			ExecutionOrderSort2 (0ms)
			AwakeInstancesAfterBackupRestoration (17ms)
Platform modules already initialized, skipping
Refreshing native plugins compatible for Editor in 5.06 ms, found 3 plugins.
Preloading 0 native plugins for Editor in 0.00 ms.
Unloading 3051 Unused Serialized files (Serialized files now loaded: 0)
Unloading 15 unused Assets / (24.6 KB). Loaded Objects now: 3600.
Memory consumption went from 112.1 MB to 112.0 MB.
Total: 7.918500 ms (FindLiveObjects: 0.618900 ms CreateObjectMapping: 0.193900 ms MarkObjects: 6.698000 ms  DeleteObjects: 0.403500 ms)

AssetImportParameters requested are different than current active one (requested -> active):
  custom:video-decoder-ogg-theora: a1e56fd34408186e4bbccfd4996cb3dc -> 
  custom:container-muxer-webm: aa71ff27fc2769a1b78a27578f13a17b -> 
  custom:container-demuxer-webm: 4f35f7cbe854078d1ac9338744f61a02 -> 
  custom:video-encoder-webm-vp8: eb34c28f22e8b96e1ab97ce403110664 -> 
  custom:audio-encoder-webm-vorbis: bf7c407c2cedff20999df2af8eb42d56 -> 
  custom:framework-win-MediaFoundation: 216162199b28c13a410421893ffa2e32 -> 
  custom:container-demuxer-ogg: 62fdf1f143b41e24485cea50d1cbac27 -> 
  custom:video-decoder-webm-vp8: 9c59270c3fd7afecdb556c50c9e8de78 -> 
  custom:audio-decoder-ogg-vorbis: bf7c407c2cedff20999df2af8eb42d56 -> 
========================================================================
Received Prepare
Registering precompiled user dll's ...
Registered in 0.009080 seconds.
Begin MonoManager ReloadAssembly
Symbol file LoadedFromMemory doesn't match image C:\Users\pfran\Documents\GitHub\MULT-150\Pfrancia_Hour_8\Library\PackageCache\com.unity.visualscripting@1.8.0\Editor\VisualScripting.Core\Dependencies\YamlDotNet\Unity.VisualScripting.YamlDotNet.dll
Symbol file LoadedFromMemory doesn't match image C:\Users\pfran\Documents\GitHub\MULT-150\Pfrancia_Hour_8\Library\PackageCache\com.unity.visualscripting@1.8.0\Editor\VisualScripting.Core\Dependencies\DotNetZip\Unity.VisualScripting.IonicZip.dll
Native extension for WindowsStandalone target not found
Refreshing native plugins compatible for Editor in 0.86 ms, found 3 plugins.
Preloading 0 native plugins for Editor in 0.00 ms.
Mono: successfully reloaded assembly
- Completed reload, in  2.183 seconds
Domain Reload Profiling:
	ReloadAssembly (2184ms)
		BeginReloadAssembly (181ms)
			ExecutionOrderSort (0ms)
			DisableScriptedObjects (6ms)
			BackupInstance (0ms)
			ReleaseScriptingObjects (0ms)
			CreateAndSetChildDomain (41ms)
		EndReloadAssembly (1850ms)
			LoadAssemblies (160ms)
			RebuildTransferFunctionScriptingTraits (0ms)
			SetupTypeCache (868ms)
			ReleaseScriptCaches (3ms)
			RebuildScriptCaches (105ms)
			SetupLoadedEditorAssemblies (599ms)
				LogAssemblyErrors (0ms)
				InitializePlatformSupportModulesInManaged (13ms)
				SetLoadedEditorAssemblies (1ms)
				RefreshPlugins (1ms)
				BeforeProcessingInitializeOnLoad (141ms)
				ProcessInitializeOnLoadAttributes (380ms)
				ProcessInitializeOnLoadMethodAttributes (43ms)
				AfterProcessingInitializeOnLoad (19ms)
				EditorAssembliesLoaded (1ms)
			ExecutionOrderSort2 (0ms)
			AwakeInstancesAfterBackupRestoration (14ms)
Platform modules already initialized, skipping
Refreshing native plugins compatible for Editor in 3.77 ms, found 3 plugins.
Preloading 0 native plugins for Editor in 0.00 ms.
Unloading 3051 Unused Serialized files (Serialized files now loaded: 0)
Unloading 15 unused Assets / (24.7 KB). Loaded Objects now: 3603.
Memory consumption went from 112.1 MB to 112.0 MB.
Total: 6.493700 ms (FindLiveObjects: 0.515400 ms CreateObjectMapping: 0.327900 ms MarkObjects: 5.527200 ms  DeleteObjects: 0.120000 ms)

AssetImportParameters requested are different than current active one (requested -> active):
  custom:video-decoder-ogg-theora: a1e56fd34408186e4bbccfd4996cb3dc -> 
  custom:container-muxer-webm: aa71ff27fc2769a1b78a27578f13a17b -> 
  custom:container-demuxer-webm: 4f35f7cbe854078d1ac9338744f61a02 -> 
  custom:video-encoder-webm-vp8: eb34c28f22e8b96e1ab97ce403110664 -> 
  custom:audio-encoder-webm-vorbis: bf7c407c2cedff20999df2af8eb42d56 -> 
  custom:framework-win-MediaFoundation: 216162199b28c13a410421893ffa2e32 -> 
  custom:container-demuxer-ogg: 62fdf1f143b41e24485cea50d1cbac27 -> 
  custom:video-decoder-webm-vp8: 9c59270c3fd7afecdb556c50c9e8de78 -> 
  custom:audio-decoder-ogg-vorbis: bf7c407c2cedff20999df2af8eb42d56 -> 
========================================================================
Received Prepare
Registering precompiled user dll's ...
Registered in 0.008219 seconds.
Begin MonoManager ReloadAssembly
Symbol file LoadedFromMemory doesn't match image C:\Users\pfran\Documents\GitHub\MULT-150\Pfrancia_Hour_8\Library\PackageCache\com.unity.visualscripting@1.8.0\Editor\VisualScripting.Core\Dependencies\YamlDotNet\Unity.VisualScripting.YamlDotNet.dll
Symbol file LoadedFromMemory doesn't match image C:\Users\pfran\Documents\GitHub\MULT-150\Pfrancia_Hour_8\Library\PackageCache\com.unity.visualscripting@1.8.0\Editor\VisualScripting.Core\Dependencies\DotNetZip\Unity.VisualScripting.IonicZip.dll
Native extension for WindowsStandalone target not found
Refreshing native plugins compatible for Editor in 0.57 ms, found 3 plugins.
Preloading 0 native plugins for Editor in 0.00 ms.
Mono: successfully reloaded assembly
- Completed reload, in  1.284 seconds
Domain Reload Profiling:
	ReloadAssembly (1284ms)
		BeginReloadAssembly (187ms)
			ExecutionOrderSort (0ms)
			DisableScriptedObjects (7ms)
			BackupInstance (0ms)
			ReleaseScriptingObjects (0ms)
			CreateAndSetChildDomain (51ms)
		EndReloadAssembly (892ms)
			LoadAssemblies (173ms)
			RebuildTransferFunctionScriptingTraits (0ms)
			SetupTypeCache (331ms)
			ReleaseScriptCaches (1ms)
			RebuildScriptCaches (40ms)
			SetupLoadedEditorAssemblies (322ms)
				LogAssemblyErrors (0ms)
				InitializePlatformSupportModulesInManaged (6ms)
				SetLoadedEditorAssemblies (0ms)
				RefreshPlugins (1ms)
				BeforeProcessingInitializeOnLoad (74ms)
				ProcessInitializeOnLoadAttributes (206ms)
				ProcessInitializeOnLoadMethodAttributes (22ms)
				AfterProcessingInitializeOnLoad (13ms)
				EditorAssembliesLoaded (0ms)
			ExecutionOrderSort2 (0ms)
			AwakeInstancesAfterBackupRestoration (7ms)
Platform modules already initialized, skipping
Refreshing native plugins compatible for Editor in 2.03 ms, found 3 plugins.
Preloading 0 native plugins for Editor in 0.00 ms.
Unloading 3051 Unused Serialized files (Serialized files now loaded: 0)
Unloading 15 unused Assets / (24.7 KB). Loaded Objects now: 3606.
Memory consumption went from 112.1 MB to 112.1 MB.
Total: 3.571900 ms (FindLiveObjects: 0.394100 ms CreateObjectMapping: 0.154900 ms MarkObjects: 2.981000 ms  DeleteObjects: 0.040100 ms)

AssetImportParameters requested are different than current active one (requested -> active):
  custom:video-decoder-ogg-theora: a1e56fd34408186e4bbccfd4996cb3dc -> 
  custom:container-muxer-webm: aa71ff27fc2769a1b78a27578f13a17b -> 
  custom:container-demuxer-webm: 4f35f7cbe854078d1ac9338744f61a02 -> 
  custom:video-encoder-webm-vp8: eb34c28f22e8b96e1ab97ce403110664 -> 
  custom:audio-encoder-webm-vorbis: bf7c407c2cedff20999df2af8eb42d56 -> 
  custom:framework-win-MediaFoundation: 216162199b28c13a410421893ffa2e32 -> 
  custom:container-demuxer-ogg: 62fdf1f143b41e24485cea50d1cbac27 -> 
  custom:video-decoder-webm-vp8: 9c59270c3fd7afecdb556c50c9e8de78 -> 
  custom:audio-decoder-ogg-vorbis: bf7c407c2cedff20999df2af8eb42d56 -> 
========================================================================
Received Prepare
Registering precompiled user dll's ...
Registered in 0.007598 seconds.
Begin MonoManager ReloadAssembly
Symbol file LoadedFromMemory doesn't match image C:\Users\pfran\Documents\GitHub\MULT-150\Pfrancia_Hour_8\Library\PackageCache\com.unity.visualscripting@1.8.0\Editor\VisualScripting.Core\Dependencies\YamlDotNet\Unity.VisualScripting.YamlDotNet.dll
Symbol file LoadedFromMemory doesn't match image C:\Users\pfran\Documents\GitHub\MULT-150\Pfrancia_Hour_8\Library\PackageCache\com.unity.visualscripting@1.8.0\Editor\VisualScripting.Core\Dependencies\DotNetZip\Unity.VisualScripting.IonicZip.dll
Native extension for WindowsStandalone target not found
Refreshing native plugins compatible for Editor in 3.27 ms, found 3 plugins.
Preloading 0 native plugins for Editor in 0.00 ms.
Mono: successfully reloaded assembly
- Completed reload, in  3.242 seconds
Domain Reload Profiling:
	ReloadAssembly (3249ms)
		BeginReloadAssembly (173ms)
			ExecutionOrderSort (0ms)
			DisableScriptedObjects (6ms)
			BackupInstance (0ms)
			ReleaseScriptingObjects (0ms)
			CreateAndSetChildDomain (45ms)
		EndReloadAssembly (2950ms)
			LoadAssemblies (122ms)
			RebuildTransferFunctionScriptingTraits (0ms)
			SetupTypeCache (1144ms)
			ReleaseScriptCaches (6ms)
			RebuildScriptCaches (173ms)
			SetupLoadedEditorAssemblies (1140ms)
				LogAssemblyErrors (0ms)
				InitializePlatformSupportModulesInManaged (22ms)
				SetLoadedEditorAssemblies (1ms)
				RefreshPlugins (3ms)
				BeforeProcessingInitializeOnLoad (188ms)
				ProcessInitializeOnLoadAttributes (832ms)
				ProcessInitializeOnLoadMethodAttributes (68ms)
				AfterProcessingInitializeOnLoad (26ms)
				EditorAssembliesLoaded (0ms)
			ExecutionOrderSort2 (0ms)
			AwakeInstancesAfterBackupRestoration (16ms)
Platform modules already initialized, skipping
Refreshing native plugins compatible for Editor in 4.98 ms, found 3 plugins.
Preloading 0 native plugins for Editor in 0.00 ms.
Unloading 3051 Unused Serialized files (Serialized files now loaded: 0)
Unloading 15 unused Assets / (24.7 KB). Loaded Objects now: 3609.
Memory consumption went from 112.1 MB to 112.1 MB.
Total: 4.031100 ms (FindLiveObjects: 0.447200 ms CreateObjectMapping: 0.139200 ms MarkObjects: 3.392800 ms  DeleteObjects: 0.050400 ms)

AssetImportParameters requested are different than current active one (requested -> active):
  custom:video-decoder-ogg-theora: a1e56fd34408186e4bbccfd4996cb3dc -> 
  custom:container-muxer-webm: aa71ff27fc2769a1b78a27578f13a17b -> 
  custom:container-demuxer-webm: 4f35f7cbe854078d1ac9338744f61a02 -> 
  custom:video-encoder-webm-vp8: eb34c28f22e8b96e1ab97ce403110664 -> 
  custom:audio-encoder-webm-vorbis: bf7c407c2cedff20999df2af8eb42d56 -> 
  custom:framework-win-MediaFoundation: 216162199b28c13a410421893ffa2e32 -> 
  custom:container-demuxer-ogg: 62fdf1f143b41e24485cea50d1cbac27 -> 
  custom:video-decoder-webm-vp8: 9c59270c3fd7afecdb556c50c9e8de78 -> 
  custom:audio-decoder-ogg-vorbis: bf7c407c2cedff20999df2af8eb42d56 -> 
========================================================================
Received Prepare
Registering precompiled user dll's ...
Registered in 0.009461 seconds.
Begin MonoManager ReloadAssembly
Symbol file LoadedFromMemory doesn't match image C:\Users\pfran\Documents\GitHub\MULT-150\Pfrancia_Hour_8\Library\PackageCache\com.unity.visualscripting@1.8.0\Editor\VisualScripting.Core\Dependencies\YamlDotNet\Unity.VisualScripting.YamlDotNet.dll
Symbol file LoadedFromMemory doesn't match image C:\Users\pfran\Documents\GitHub\MULT-150\Pfrancia_Hour_8\Library\PackageCache\com.unity.visualscripting@1.8.0\Editor\VisualScripting.Core\Dependencies\DotNetZip\Unity.VisualScripting.IonicZip.dll
Native extension for WindowsStandalone target not found
Refreshing native plugins compatible for Editor in 0.62 ms, found 3 plugins.
Preloading 0 native plugins for Editor in 0.00 ms.
Mono: successfully reloaded assembly
- Completed reload, in  1.215 seconds
Domain Reload Profiling:
	ReloadAssembly (1215ms)
		BeginReloadAssembly (176ms)
			ExecutionOrderSort (0ms)
			DisableScriptedObjects (6ms)
			BackupInstance (0ms)
			ReleaseScriptingObjects (0ms)
			CreateAndSetChildDomain (34ms)
		EndReloadAssembly (921ms)
			LoadAssemblies (138ms)
			RebuildTransferFunctionScriptingTraits (0ms)
			SetupTypeCache (413ms)
			ReleaseScriptCaches (1ms)
			RebuildScriptCaches (44ms)
			SetupLoadedEditorAssemblies (311ms)
				LogAssemblyErrors (0ms)
				InitializePlatformSupportModulesInManaged (6ms)
				SetLoadedEditorAssemblies (0ms)
				RefreshPlugins (1ms)
				BeforeProcessingInitializeOnLoad (75ms)
				ProcessInitializeOnLoadAttributes (198ms)
				ProcessInitializeOnLoadMethodAttributes (19ms)
				AfterProcessingInitializeOnLoad (12ms)
				EditorAssembliesLoaded (0ms)
			ExecutionOrderSort2 (0ms)
			AwakeInstancesAfterBackupRestoration (7ms)
Platform modules already initialized, skipping
Refreshing native plugins compatible for Editor in 2.02 ms, found 3 plugins.
Preloading 0 native plugins for Editor in 0.00 ms.
Unloading 3051 Unused Serialized files (Serialized files now loaded: 0)
Unloading 15 unused Assets / (24.7 KB). Loaded Objects now: 3612.
Memory consumption went from 112.1 MB to 112.1 MB.
Total: 3.035200 ms (FindLiveObjects: 0.298500 ms CreateObjectMapping: 0.099000 ms MarkObjects: 2.598400 ms  DeleteObjects: 0.037600 ms)

AssetImportParameters requested are different than current active one (requested -> active):
  custom:video-decoder-ogg-theora: a1e56fd34408186e4bbccfd4996cb3dc -> 
  custom:container-muxer-webm: aa71ff27fc2769a1b78a27578f13a17b -> 
  custom:container-demuxer-webm: 4f35f7cbe854078d1ac9338744f61a02 -> 
  custom:video-encoder-webm-vp8: eb34c28f22e8b96e1ab97ce403110664 -> 
  custom:audio-encoder-webm-vorbis: bf7c407c2cedff20999df2af8eb42d56 -> 
  custom:framework-win-MediaFoundation: 216162199b28c13a410421893ffa2e32 -> 
  custom:container-demuxer-ogg: 62fdf1f143b41e24485cea50d1cbac27 -> 
  custom:video-decoder-webm-vp8: 9c59270c3fd7afecdb556c50c9e8de78 -> 
  custom:audio-decoder-ogg-vorbis: bf7c407c2cedff20999df2af8eb42d56 -> 
========================================================================
Received Prepare
Registering precompiled user dll's ...
Registered in 0.007977 seconds.
Begin MonoManager ReloadAssembly
Symbol file LoadedFromMemory doesn't match image C:\Users\pfran\Documents\GitHub\MULT-150\Pfrancia_Hour_8\Library\PackageCache\com.unity.visualscripting@1.8.0\Editor\VisualScripting.Core\Dependencies\YamlDotNet\Unity.VisualScripting.YamlDotNet.dll
Symbol file LoadedFromMemory doesn't match image C:\Users\pfran\Documents\GitHub\MULT-150\Pfrancia_Hour_8\Library\PackageCache\com.unity.visualscripting@1.8.0\Editor\VisualScripting.Core\Dependencies\DotNetZip\Unity.VisualScripting.IonicZip.dll
Native extension for WindowsStandalone target not found
Refreshing native plugins compatible for Editor in 1.54 ms, found 3 plugins.
Preloading 0 native plugins for Editor in 0.00 ms.
Mono: successfully reloaded assembly
- Completed reload, in  2.110 seconds
Domain Reload Profiling:
	ReloadAssembly (2113ms)
		BeginReloadAssembly (192ms)
			ExecutionOrderSort (0ms)
			DisableScriptedObjects (8ms)
			BackupInstance (0ms)
			ReleaseScriptingObjects (0ms)
			CreateAndSetChildDomain (55ms)
		EndReloadAssembly (1707ms)
			LoadAssemblies (176ms)
			RebuildTransferFunctionScriptingTraits (0ms)
			SetupTypeCache (611ms)
			ReleaseScriptCaches (3ms)
			RebuildScriptCaches (97ms)
			SetupLoadedEditorAssemblies (643ms)
				LogAssemblyErrors (0ms)
				InitializePlatformSupportModulesInManaged (13ms)
				SetLoadedEditorAssemblies (1ms)
				RefreshPlugins (2ms)
				BeforeProcessingInitializeOnLoad (137ms)
				ProcessInitializeOnLoadAttributes (421ms)
				ProcessInitializeOnLoadMethodAttributes (43ms)
				AfterProcessingInitializeOnLoad (26ms)
				EditorAssembliesLoaded (0ms)
			ExecutionOrderSort2 (0ms)
			AwakeInstancesAfterBackupRestoration (19ms)
Platform modules already initialized, skipping
Refreshing native plugins compatible for Editor in 4.96 ms, found 3 plugins.
Preloading 0 native plugins for Editor in 0.00 ms.
Unloading 3051 Unused Serialized files (Serialized files now loaded: 0)
Unloading 15 unused Assets / (24.7 KB). Loaded Objects now: 3615.
Memory consumption went from 112.1 MB to 112.1 MB.
Total: 8.872600 ms (FindLiveObjects: 1.025300 ms CreateObjectMapping: 0.360800 ms MarkObjects: 7.306400 ms  DeleteObjects: 0.176700 ms)

AssetImportParameters requested are different than current active one (requested -> active):
  custom:video-decoder-ogg-theora: a1e56fd34408186e4bbccfd4996cb3dc -> 
  custom:container-muxer-webm: aa71ff27fc2769a1b78a27578f13a17b -> 
  custom:container-demuxer-webm: 4f35f7cbe854078d1ac9338744f61a02 -> 
  custom:video-encoder-webm-vp8: eb34c28f22e8b96e1ab97ce403110664 -> 
  custom:audio-encoder-webm-vorbis: bf7c407c2cedff20999df2af8eb42d56 -> 
  custom:framework-win-MediaFoundation: 216162199b28c13a410421893ffa2e32 -> 
  custom:container-demuxer-ogg: 62fdf1f143b41e24485cea50d1cbac27 -> 
  custom:video-decoder-webm-vp8: 9c59270c3fd7afecdb556c50c9e8de78 -> 
  custom:audio-decoder-ogg-vorbis: bf7c407c2cedff20999df2af8eb42d56 -> 
========================================================================
Received Prepare
Registering precompiled user dll's ...
Registered in 0.006612 seconds.
Begin MonoManager ReloadAssembly
Symbol file LoadedFromMemory doesn't match image C:\Users\pfran\Documents\GitHub\MULT-150\Pfrancia_Hour_8\Library\PackageCache\com.unity.visualscripting@1.8.0\Editor\VisualScripting.Core\Dependencies\YamlDotNet\Unity.VisualScripting.YamlDotNet.dll
Symbol file LoadedFromMemory doesn't match image C:\Users\pfran\Documents\GitHub\MULT-150\Pfrancia_Hour_8\Library\PackageCache\com.unity.visualscripting@1.8.0\Editor\VisualScripting.Core\Dependencies\DotNetZip\Unity.VisualScripting.IonicZip.dll
Native extension for WindowsStandalone target not found
Refreshing native plugins compatible for Editor in 0.58 ms, found 3 plugins.
Preloading 0 native plugins for Editor in 0.00 ms.
Mono: successfully reloaded assembly
- Completed reload, in  1.057 seconds
Domain Reload Profiling:
	ReloadAssembly (1058ms)
		BeginReloadAssembly (174ms)
			ExecutionOrderSort (0ms)
			DisableScriptedObjects (6ms)
			BackupInstance (0ms)
			ReleaseScriptingObjects (0ms)
			CreateAndSetChildDomain (39ms)
		EndReloadAssembly (776ms)
			LoadAssemblies (114ms)
			RebuildTransferFunctionScriptingTraits (0ms)
			SetupTypeCache (286ms)
			ReleaseScriptCaches (1ms)
			RebuildScriptCaches (43ms)
			SetupLoadedEditorAssemblies (319ms)
				LogAssemblyErrors (0ms)
				InitializePlatformSupportModulesInManaged (7ms)
				SetLoadedEditorAssemblies (0ms)
				RefreshPlugins (1ms)
				BeforeProcessingInitializeOnLoad (73ms)
				ProcessInitializeOnLoadAttributes (205ms)
				ProcessInitializeOnLoadMethodAttributes (20ms)
				AfterProcessingInitializeOnLoad (12ms)
				EditorAssembliesLoaded (0ms)
			ExecutionOrderSort2 (0ms)
			AwakeInstancesAfterBackupRestoration (6ms)
Platform modules already initialized, skipping
Refreshing native plugins compatible for Editor in 2.85 ms, found 3 plugins.
Preloading 0 native plugins for Editor in 0.00 ms.
Unloading 3051 Unused Serialized files (Serialized files now loaded: 0)
Unloading 15 unused Assets / (24.7 KB). Loaded Objects now: 3618.
Memory consumption went from 112.1 MB to 112.1 MB.
Total: 2.817600 ms (FindLiveObjects: 0.309600 ms CreateObjectMapping: 0.084300 ms MarkObjects: 2.390600 ms  DeleteObjects: 0.031700 ms)

AssetImportParameters requested are different than current active one (requested -> active):
  custom:video-decoder-ogg-theora: a1e56fd34408186e4bbccfd4996cb3dc -> 
  custom:container-muxer-webm: aa71ff27fc2769a1b78a27578f13a17b -> 
  custom:container-demuxer-webm: 4f35f7cbe854078d1ac9338744f61a02 -> 
  custom:video-encoder-webm-vp8: eb34c28f22e8b96e1ab97ce403110664 -> 
  custom:audio-encoder-webm-vorbis: bf7c407c2cedff20999df2af8eb42d56 -> 
  custom:framework-win-MediaFoundation: 216162199b28c13a410421893ffa2e32 -> 
  custom:container-demuxer-ogg: 62fdf1f143b41e24485cea50d1cbac27 -> 
  custom:video-decoder-webm-vp8: 9c59270c3fd7afecdb556c50c9e8de78 -> 
  custom:audio-decoder-ogg-vorbis: bf7c407c2cedff20999df2af8eb42d56 -> 
========================================================================
Received Import Request.
  Time since last request: 1494.271987 seconds.
  path: Assets/Scripts/Hour8/Light E;On D;Off
  artifactKey: Guid(34ce19bbfcb5a9d45975d0706935df6b) Importer(815301076,1909f56bfc062723c751e8b465ee728b)
Start importing Assets/Scripts/Hour8/Light E;On D;Off using Guid(34ce19bbfcb5a9d45975d0706935df6b) Importer(815301076,1909f56bfc062723c751e8b465ee728b)  -> (artifact id: '7bfac64facc11c176fc1bf9550692cd0') in 0.014215 seconds 
========================================================================
Received Import Request.
  Time since last request: 5.598012 seconds.
  path: Assets/Scripts/Hour8/Light E;On D;Off/LightToggle.cs
  artifactKey: Guid(2f9dd7cbfe65d5d43b23ffb18410c48c) Importer(815301076,1909f56bfc062723c751e8b465ee728b)
Start importing Assets/Scripts/Hour8/Light E;On D;Off/LightToggle.cs using Guid(2f9dd7cbfe65d5d43b23ffb18410c48c) Importer(815301076,1909f56bfc062723c751e8b465ee728b)  -> (artifact id: '304d7645cd042c2f4ea0fc22927e4e5b') in 0.002719 seconds 
========================================================================
Received Prepare
Registering precompiled user dll's ...
Registered in 0.009710 seconds.
Begin MonoManager ReloadAssembly
Symbol file LoadedFromMemory doesn't match image C:\Users\pfran\Documents\GitHub\MULT-150\Pfrancia_Hour_8\Library\PackageCache\com.unity.visualscripting@1.8.0\Editor\VisualScripting.Core\Dependencies\YamlDotNet\Unity.VisualScripting.YamlDotNet.dll
Symbol file LoadedFromMemory doesn't match image C:\Users\pfran\Documents\GitHub\MULT-150\Pfrancia_Hour_8\Library\PackageCache\com.unity.visualscripting@1.8.0\Editor\VisualScripting.Core\Dependencies\DotNetZip\Unity.VisualScripting.IonicZip.dll
Native extension for WindowsStandalone target not found
Refreshing native plugins compatible for Editor in 0.62 ms, found 3 plugins.
Preloading 0 native plugins for Editor in 0.00 ms.
Mono: successfully reloaded assembly
- Completed reload, in  1.436 seconds
Domain Reload Profiling:
	ReloadAssembly (1437ms)
		BeginReloadAssembly (171ms)
			ExecutionOrderSort (0ms)
			DisableScriptedObjects (6ms)
			BackupInstance (0ms)
			ReleaseScriptingObjects (0ms)
			CreateAndSetChildDomain (41ms)
		EndReloadAssembly (1131ms)
			LoadAssemblies (122ms)
			RebuildTransferFunctionScriptingTraits (0ms)
			SetupTypeCache (487ms)
			ReleaseScriptCaches (2ms)
			RebuildScriptCaches (48ms)
			SetupLoadedEditorAssemblies (408ms)
				LogAssemblyErrors (0ms)
				InitializePlatformSupportModulesInManaged (9ms)
				SetLoadedEditorAssemblies (0ms)
				RefreshPlugins (1ms)
				BeforeProcessingInitializeOnLoad (81ms)
				ProcessInitializeOnLoadAttributes (280ms)
				ProcessInitializeOnLoadMethodAttributes (23ms)
				AfterProcessingInitializeOnLoad (14ms)
				EditorAssembliesLoaded (0ms)
			ExecutionOrderSort2 (0ms)
			AwakeInstancesAfterBackupRestoration (8ms)
Platform modules already initialized, skipping
Refreshing native plugins compatible for Editor in 2.91 ms, found 3 plugins.
Preloading 0 native plugins for Editor in 0.00 ms.
Unloading 3051 Unused Serialized files (Serialized files now loaded: 0)
Unloading 15 unused Assets / (24.7 KB). Loaded Objects now: 3621.
Memory consumption went from 112.1 MB to 112.1 MB.
Total: 3.590700 ms (FindLiveObjects: 0.415900 ms CreateObjectMapping: 0.157800 ms MarkObjects: 2.973500 ms  DeleteObjects: 0.042100 ms)

AssetImportParameters requested are different than current active one (requested -> active):
  custom:video-decoder-ogg-theora: a1e56fd34408186e4bbccfd4996cb3dc -> 
  custom:container-muxer-webm: aa71ff27fc2769a1b78a27578f13a17b -> 
  custom:container-demuxer-webm: 4f35f7cbe854078d1ac9338744f61a02 -> 
  custom:video-encoder-webm-vp8: eb34c28f22e8b96e1ab97ce403110664 -> 
  custom:audio-encoder-webm-vorbis: bf7c407c2cedff20999df2af8eb42d56 -> 
  custom:framework-win-MediaFoundation: 216162199b28c13a410421893ffa2e32 -> 
  custom:container-demuxer-ogg: 62fdf1f143b41e24485cea50d1cbac27 -> 
  custom:video-decoder-webm-vp8: 9c59270c3fd7afecdb556c50c9e8de78 -> 
  custom:audio-decoder-ogg-vorbis: bf7c407c2cedff20999df2af8eb42d56 -> 
========================================================================
Received Prepare
Registering precompiled user dll's ...
Registered in 0.008338 seconds.
Begin MonoManager ReloadAssembly
Symbol file LoadedFromMemory doesn't match image C:\Users\pfran\Documents\GitHub\MULT-150\Pfrancia_Hour_8\Library\PackageCache\com.unity.visualscripting@1.8.0\Editor\VisualScripting.Core\Dependencies\YamlDotNet\Unity.VisualScripting.YamlDotNet.dll
Symbol file LoadedFromMemory doesn't match image C:\Users\pfran\Documents\GitHub\MULT-150\Pfrancia_Hour_8\Library\PackageCache\com.unity.visualscripting@1.8.0\Editor\VisualScripting.Core\Dependencies\DotNetZip\Unity.VisualScripting.IonicZip.dll
Native extension for WindowsStandalone target not found
Refreshing native plugins compatible for Editor in 1.11 ms, found 3 plugins.
Preloading 0 native plugins for Editor in 0.00 ms.
Mono: successfully reloaded assembly
- Completed reload, in  2.374 seconds
Domain Reload Profiling:
	ReloadAssembly (2375ms)
		BeginReloadAssembly (205ms)
			ExecutionOrderSort (0ms)
			DisableScriptedObjects (7ms)
			BackupInstance (0ms)
			ReleaseScriptingObjects (0ms)
			CreateAndSetChildDomain (51ms)
		EndReloadAssembly (1963ms)
			LoadAssemblies (206ms)
			RebuildTransferFunctionScriptingTraits (0ms)
			SetupTypeCache (707ms)
			ReleaseScriptCaches (4ms)
			RebuildScriptCaches (105ms)
			SetupLoadedEditorAssemblies (760ms)
				LogAssemblyErrors (0ms)
				InitializePlatformSupportModulesInManaged (15ms)
				SetLoadedEditorAssemblies (1ms)
				RefreshPlugins (2ms)
				BeforeProcessingInitializeOnLoad (152ms)
				ProcessInitializeOnLoadAttributes (526ms)
				ProcessInitializeOnLoadMethodAttributes (40ms)
				AfterProcessingInitializeOnLoad (24ms)
				EditorAssembliesLoaded (0ms)
			ExecutionOrderSort2 (0ms)
			AwakeInstancesAfterBackupRestoration (15ms)
Platform modules already initialized, skipping
Refreshing native plugins compatible for Editor in 4.69 ms, found 3 plugins.
Preloading 0 native plugins for Editor in 0.00 ms.
Unloading 3051 Unused Serialized files (Serialized files now loaded: 0)
Unloading 15 unused Assets / (24.7 KB). Loaded Objects now: 3624.
Memory consumption went from 112.1 MB to 112.1 MB.
Total: 8.343900 ms (FindLiveObjects: 1.006600 ms CreateObjectMapping: 0.205000 ms MarkObjects: 7.082400 ms  DeleteObjects: 0.046100 ms)

AssetImportParameters requested are different than current active one (requested -> active):
  custom:video-decoder-ogg-theora: a1e56fd34408186e4bbccfd4996cb3dc -> 
  custom:container-muxer-webm: aa71ff27fc2769a1b78a27578f13a17b -> 
  custom:container-demuxer-webm: 4f35f7cbe854078d1ac9338744f61a02 -> 
  custom:video-encoder-webm-vp8: eb34c28f22e8b96e1ab97ce403110664 -> 
  custom:audio-encoder-webm-vorbis: bf7c407c2cedff20999df2af8eb42d56 -> 
  custom:framework-win-MediaFoundation: 216162199b28c13a410421893ffa2e32 -> 
  custom:container-demuxer-ogg: 62fdf1f143b41e24485cea50d1cbac27 -> 
  custom:video-decoder-webm-vp8: 9c59270c3fd7afecdb556c50c9e8de78 -> 
  custom:audio-decoder-ogg-vorbis: bf7c407c2cedff20999df2af8eb42d56 -> 
========================================================================
Received Import Request.
  Time since last request: 28.581232 seconds.
  path: Assets/Scripts/Hour8/Light E;On D;Off/LightToggle.cs
  artifactKey: Guid(2f9dd7cbfe65d5d43b23ffb18410c48c) Importer(815301076,1909f56bfc062723c751e8b465ee728b)
Start importing Assets/Scripts/Hour8/Light E;On D;Off/LightToggle.cs using Guid(2f9dd7cbfe65d5d43b23ffb18410c48c) Importer(815301076,1909f56bfc062723c751e8b465ee728b)  -> (artifact id: 'c79f7744288cf35a0bd3a6bfc588a48b') in 0.017805 seconds 
========================================================================
Received Prepare
Registering precompiled user dll's ...
Registered in 0.006805 seconds.
Begin MonoManager ReloadAssembly
Symbol file LoadedFromMemory doesn't match image C:\Users\pfran\Documents\GitHub\MULT-150\Pfrancia_Hour_8\Library\PackageCache\com.unity.visualscripting@1.8.0\Editor\VisualScripting.Core\Dependencies\YamlDotNet\Unity.VisualScripting.YamlDotNet.dll
Symbol file LoadedFromMemory doesn't match image C:\Users\pfran\Documents\GitHub\MULT-150\Pfrancia_Hour_8\Library\PackageCache\com.unity.visualscripting@1.8.0\Editor\VisualScripting.Core\Dependencies\DotNetZip\Unity.VisualScripting.IonicZip.dll
Native extension for WindowsStandalone target not found
Refreshing native plugins compatible for Editor in 0.58 ms, found 3 plugins.
Preloading 0 native plugins for Editor in 0.00 ms.
Mono: successfully reloaded assembly
- Completed reload, in  1.325 seconds
Domain Reload Profiling:
	ReloadAssembly (1326ms)
		BeginReloadAssembly (330ms)
			ExecutionOrderSort (0ms)
			DisableScriptedObjects (6ms)
			BackupInstance (0ms)
			ReleaseScriptingObjects (0ms)
			CreateAndSetChildDomain (41ms)
		EndReloadAssembly (787ms)
			LoadAssemblies (270ms)
			RebuildTransferFunctionScriptingTraits (0ms)
			SetupTypeCache (257ms)
			ReleaseScriptCaches (1ms)
			RebuildScriptCaches (66ms)
			SetupLoadedEditorAssemblies (329ms)
				LogAssemblyErrors (0ms)
				InitializePlatformSupportModulesInManaged (6ms)
				SetLoadedEditorAssemblies (0ms)
				RefreshPlugins (1ms)
				BeforeProcessingInitializeOnLoad (75ms)
				ProcessInitializeOnLoadAttributes (217ms)
				ProcessInitializeOnLoadMethodAttributes (19ms)
				AfterProcessingInitializeOnLoad (12ms)
				EditorAssembliesLoaded (0ms)
			ExecutionOrderSort2 (0ms)
			AwakeInstancesAfterBackupRestoration (8ms)
Platform modules already initialized, skipping
Refreshing native plugins compatible for Editor in 2.14 ms, found 3 plugins.
Preloading 0 native plugins for Editor in 0.00 ms.
Unloading 3051 Unused Serialized files (Serialized files now loaded: 0)
Unloading 15 unused Assets / (24.7 KB). Loaded Objects now: 3627.
Memory consumption went from 112.1 MB to 112.1 MB.
Total: 3.199200 ms (FindLiveObjects: 0.316400 ms CreateObjectMapping: 0.098800 ms MarkObjects: 2.753500 ms  DeleteObjects: 0.029100 ms)

AssetImportParameters requested are different than current active one (requested -> active):
  custom:video-decoder-ogg-theora: a1e56fd34408186e4bbccfd4996cb3dc -> 
  custom:container-muxer-webm: aa71ff27fc2769a1b78a27578f13a17b -> 
  custom:container-demuxer-webm: 4f35f7cbe854078d1ac9338744f61a02 -> 
  custom:video-encoder-webm-vp8: eb34c28f22e8b96e1ab97ce403110664 -> 
  custom:audio-encoder-webm-vorbis: bf7c407c2cedff20999df2af8eb42d56 -> 
  custom:framework-win-MediaFoundation: 216162199b28c13a410421893ffa2e32 -> 
  custom:container-demuxer-ogg: 62fdf1f143b41e24485cea50d1cbac27 -> 
  custom:video-decoder-webm-vp8: 9c59270c3fd7afecdb556c50c9e8de78 -> 
  custom:audio-decoder-ogg-vorbis: bf7c407c2cedff20999df2af8eb42d56 -> 
========================================================================
Received Prepare
Registering precompiled user dll's ...
Registered in 0.008015 seconds.
Begin MonoManager ReloadAssembly
Symbol file LoadedFromMemory doesn't match image C:\Users\pfran\Documents\GitHub\MULT-150\Pfrancia_Hour_8\Library\PackageCache\com.unity.visualscripting@1.8.0\Editor\VisualScripting.Core\Dependencies\YamlDotNet\Unity.VisualScripting.YamlDotNet.dll
Symbol file LoadedFromMemory doesn't match image C:\Users\pfran\Documents\GitHub\MULT-150\Pfrancia_Hour_8\Library\PackageCache\com.unity.visualscripting@1.8.0\Editor\VisualScripting.Core\Dependencies\DotNetZip\Unity.VisualScripting.IonicZip.dll
Native extension for WindowsStandalone target not found
Refreshing native plugins compatible for Editor in 0.61 ms, found 3 plugins.
Preloading 0 native plugins for Editor in 0.00 ms.
Mono: successfully reloaded assembly
- Completed reload, in  2.186 seconds
Domain Reload Profiling:
	ReloadAssembly (2188ms)
		BeginReloadAssembly (194ms)
			ExecutionOrderSort (0ms)
			DisableScriptedObjects (6ms)
			BackupInstance (0ms)
			ReleaseScriptingObjects (0ms)
			CreateAndSetChildDomain (49ms)
		EndReloadAssembly (1852ms)
			LoadAssemblies (140ms)
			RebuildTransferFunctionScriptingTraits (0ms)
			SetupTypeCache (674ms)
			ReleaseScriptCaches (4ms)
			RebuildScriptCaches (104ms)
			SetupLoadedEditorAssemblies (728ms)
				LogAssemblyErrors (0ms)
				InitializePlatformSupportModulesInManaged (23ms)
				SetLoadedEditorAssemblies (1ms)
				RefreshPlugins (1ms)
				BeforeProcessingInitializeOnLoad (83ms)
				ProcessInitializeOnLoadAttributes (525ms)
				ProcessInitializeOnLoadMethodAttributes (60ms)
				AfterProcessingInitializeOnLoad (34ms)
				EditorAssembliesLoaded (0ms)
			ExecutionOrderSort2 (0ms)
			AwakeInstancesAfterBackupRestoration (33ms)
Platform modules already initialized, skipping
Refreshing native plugins compatible for Editor in 8.11 ms, found 3 plugins.
Preloading 0 native plugins for Editor in 0.00 ms.
Unloading 3051 Unused Serialized files (Serialized files now loaded: 0)
Unloading 15 unused Assets / (24.8 KB). Loaded Objects now: 3630.
Memory consumption went from 112.1 MB to 112.1 MB.
Total: 9.880700 ms (FindLiveObjects: 0.946500 ms CreateObjectMapping: 0.242200 ms MarkObjects: 8.544700 ms  DeleteObjects: 0.143100 ms)

AssetImportParameters requested are different than current active one (requested -> active):
  custom:video-decoder-ogg-theora: a1e56fd34408186e4bbccfd4996cb3dc -> 
  custom:container-muxer-webm: aa71ff27fc2769a1b78a27578f13a17b -> 
  custom:container-demuxer-webm: 4f35f7cbe854078d1ac9338744f61a02 -> 
  custom:video-encoder-webm-vp8: eb34c28f22e8b96e1ab97ce403110664 -> 
  custom:audio-encoder-webm-vorbis: bf7c407c2cedff20999df2af8eb42d56 -> 
  custom:framework-win-MediaFoundation: 216162199b28c13a410421893ffa2e32 -> 
  custom:container-demuxer-ogg: 62fdf1f143b41e24485cea50d1cbac27 -> 
  custom:video-decoder-webm-vp8: 9c59270c3fd7afecdb556c50c9e8de78 -> 
  custom:audio-decoder-ogg-vorbis: bf7c407c2cedff20999df2af8eb42d56 -> 
========================================================================
Received Prepare
Registering precompiled user dll's ...
Registered in 0.010298 seconds.
Begin MonoManager ReloadAssembly
Symbol file LoadedFromMemory doesn't match image C:\Users\pfran\Documents\GitHub\MULT-150\Pfrancia_Hour_8\Library\PackageCache\com.unity.visualscripting@1.8.0\Editor\VisualScripting.Core\Dependencies\YamlDotNet\Unity.VisualScripting.YamlDotNet.dll
Symbol file LoadedFromMemory doesn't match image C:\Users\pfran\Documents\GitHub\MULT-150\Pfrancia_Hour_8\Library\PackageCache\com.unity.visualscripting@1.8.0\Editor\VisualScripting.Core\Dependencies\DotNetZip\Unity.VisualScripting.IonicZip.dll
Native extension for WindowsStandalone target not found
Refreshing native plugins compatible for Editor in 0.56 ms, found 3 plugins.
Preloading 0 native plugins for Editor in 0.00 ms.
Mono: successfully reloaded assembly
- Completed reload, in  1.225 seconds
Domain Reload Profiling:
	ReloadAssembly (1226ms)
		BeginReloadAssembly (205ms)
			ExecutionOrderSort (0ms)
			DisableScriptedObjects (5ms)
			BackupInstance (0ms)
			ReleaseScriptingObjects (0ms)
			CreateAndSetChildDomain (38ms)
		EndReloadAssembly (896ms)
			LoadAssemblies (169ms)
			RebuildTransferFunctionScriptingTraits (0ms)
			SetupTypeCache (382ms)
			ReleaseScriptCaches (1ms)
			RebuildScriptCaches (43ms)
			SetupLoadedEditorAssemblies (318ms)
				LogAssemblyErrors (0ms)
				InitializePlatformSupportModulesInManaged (6ms)
				SetLoadedEditorAssemblies (0ms)
				RefreshPlugins (1ms)
				BeforeProcessingInitializeOnLoad (72ms)
				ProcessInitializeOnLoadAttributes (207ms)
				ProcessInitializeOnLoadMethodAttributes (20ms)
				AfterProcessingInitializeOnLoad (12ms)
				EditorAssembliesLoaded (0ms)
			ExecutionOrderSort2 (0ms)
			AwakeInstancesAfterBackupRestoration (7ms)
Platform modules already initialized, skipping
Refreshing native plugins compatible for Editor in 2.13 ms, found 3 plugins.
Preloading 0 native plugins for Editor in 0.00 ms.
Unloading 3051 Unused Serialized files (Serialized files now loaded: 0)
Unloading 15 unused Assets / (24.7 KB). Loaded Objects now: 3633.
Memory consumption went from 112.2 MB to 112.1 MB.
Total: 2.834000 ms (FindLiveObjects: 0.366200 ms CreateObjectMapping: 0.107500 ms MarkObjects: 2.331200 ms  DeleteObjects: 0.027800 ms)

AssetImportParameters requested are different than current active one (requested -> active):
  custom:video-decoder-ogg-theora: a1e56fd34408186e4bbccfd4996cb3dc -> 
  custom:container-muxer-webm: aa71ff27fc2769a1b78a27578f13a17b -> 
  custom:container-demuxer-webm: 4f35f7cbe854078d1ac9338744f61a02 -> 
  custom:video-encoder-webm-vp8: eb34c28f22e8b96e1ab97ce403110664 -> 
  custom:audio-encoder-webm-vorbis: bf7c407c2cedff20999df2af8eb42d56 -> 
  custom:framework-win-MediaFoundation: 216162199b28c13a410421893ffa2e32 -> 
  custom:container-demuxer-ogg: 62fdf1f143b41e24485cea50d1cbac27 -> 
  custom:video-decoder-webm-vp8: 9c59270c3fd7afecdb556c50c9e8de78 -> 
  custom:audio-decoder-ogg-vorbis: bf7c407c2cedff20999df2af8eb42d56 -> 
========================================================================
Received Import Request.
  Time since last request: 253.580324 seconds.
  path: Assets/Scripts/Hour8/CameraControl.cs
  artifactKey: Guid(81cf0d85b3bea064abd125f081ee1d31) Importer(815301076,1909f56bfc062723c751e8b465ee728b)
Start importing Assets/Scripts/Hour8/CameraControl.cs using Guid(81cf0d85b3bea064abd125f081ee1d31) Importer(815301076,1909f56bfc062723c751e8b465ee728b)  -> (artifact id: 'a89dd4c3b811a982266badb6fcf379de') in 0.008393 seconds 
========================================================================
Received Prepare
Registering precompiled user dll's ...
Registered in 0.007644 seconds.
Begin MonoManager ReloadAssembly
Symbol file LoadedFromMemory doesn't match image C:\Users\pfran\Documents\GitHub\MULT-150\Pfrancia_Hour_8\Library\PackageCache\com.unity.visualscripting@1.8.0\Editor\VisualScripting.Core\Dependencies\YamlDotNet\Unity.VisualScripting.YamlDotNet.dll
Symbol file LoadedFromMemory doesn't match image C:\Users\pfran\Documents\GitHub\MULT-150\Pfrancia_Hour_8\Library\PackageCache\com.unity.visualscripting@1.8.0\Editor\VisualScripting.Core\Dependencies\DotNetZip\Unity.VisualScripting.IonicZip.dll
Native extension for WindowsStandalone target not found
Refreshing native plugins compatible for Editor in 1.21 ms, found 3 plugins.
Preloading 0 native plugins for Editor in 0.00 ms.
Mono: successfully reloaded assembly
- Completed reload, in  2.470 seconds
Domain Reload Profiling:
	ReloadAssembly (2472ms)
		BeginReloadAssembly (204ms)
			ExecutionOrderSort (0ms)
			DisableScriptedObjects (7ms)
			BackupInstance (0ms)
			ReleaseScriptingObjects (0ms)
			CreateAndSetChildDomain (39ms)
		EndReloadAssembly (2147ms)
			LoadAssemblies (192ms)
			RebuildTransferFunctionScriptingTraits (0ms)
			SetupTypeCache (673ms)
			ReleaseScriptCaches (3ms)
			RebuildScriptCaches (91ms)
			SetupLoadedEditorAssemblies (975ms)
				LogAssemblyErrors (0ms)
				InitializePlatformSupportModulesInManaged (16ms)
				SetLoadedEditorAssemblies (1ms)
				RefreshPlugins (1ms)
				BeforeProcessingInitializeOnLoad (322ms)
				ProcessInitializeOnLoadAttributes (535ms)
				ProcessInitializeOnLoadMethodAttributes (59ms)
				AfterProcessingInitializeOnLoad (41ms)
				EditorAssembliesLoaded (0ms)
			ExecutionOrderSort2 (0ms)
			AwakeInstancesAfterBackupRestoration (21ms)
Platform modules already initialized, skipping
Refreshing native plugins compatible for Editor in 5.45 ms, found 3 plugins.
Preloading 0 native plugins for Editor in 0.00 ms.
Unloading 3051 Unused Serialized files (Serialized files now loaded: 0)
Unloading 15 unused Assets / (24.7 KB). Loaded Objects now: 3636.
Memory consumption went from 112.2 MB to 112.1 MB.
Total: 7.080500 ms (FindLiveObjects: 0.980600 ms CreateObjectMapping: 0.184600 ms MarkObjects: 5.825000 ms  DeleteObjects: 0.086300 ms)

AssetImportParameters requested are different than current active one (requested -> active):
  custom:video-decoder-ogg-theora: a1e56fd34408186e4bbccfd4996cb3dc -> 
  custom:container-muxer-webm: aa71ff27fc2769a1b78a27578f13a17b -> 
  custom:container-demuxer-webm: 4f35f7cbe854078d1ac9338744f61a02 -> 
  custom:video-encoder-webm-vp8: eb34c28f22e8b96e1ab97ce403110664 -> 
  custom:audio-encoder-webm-vorbis: bf7c407c2cedff20999df2af8eb42d56 -> 
  custom:framework-win-MediaFoundation: 216162199b28c13a410421893ffa2e32 -> 
  custom:container-demuxer-ogg: 62fdf1f143b41e24485cea50d1cbac27 -> 
  custom:video-decoder-webm-vp8: 9c59270c3fd7afecdb556c50c9e8de78 -> 
  custom:audio-decoder-ogg-vorbis: bf7c407c2cedff20999df2af8eb42d56 -> 
========================================================================
Received Import Request.
  Time since last request: 72.535029 seconds.
  path: Assets/Scripts/Hour8/CameraControl.cs
  artifactKey: Guid(81cf0d85b3bea064abd125f081ee1d31) Importer(815301076,1909f56bfc062723c751e8b465ee728b)
Start importing Assets/Scripts/Hour8/CameraControl.cs using Guid(81cf0d85b3bea064abd125f081ee1d31) Importer(815301076,1909f56bfc062723c751e8b465ee728b)  -> (artifact id: '2ee03bf0d96b685a43f7da81fb7f2492') in 0.013527 seconds 
========================================================================
Received Prepare
Registering precompiled user dll's ...
Registered in 0.006788 seconds.
Begin MonoManager ReloadAssembly
Symbol file LoadedFromMemory doesn't match image C:\Users\pfran\Documents\GitHub\MULT-150\Pfrancia_Hour_8\Library\PackageCache\com.unity.visualscripting@1.8.0\Editor\VisualScripting.Core\Dependencies\YamlDotNet\Unity.VisualScripting.YamlDotNet.dll
Symbol file LoadedFromMemory doesn't match image C:\Users\pfran\Documents\GitHub\MULT-150\Pfrancia_Hour_8\Library\PackageCache\com.unity.visualscripting@1.8.0\Editor\VisualScripting.Core\Dependencies\DotNetZip\Unity.VisualScripting.IonicZip.dll
Native extension for WindowsStandalone target not found
Refreshing native plugins compatible for Editor in 0.75 ms, found 3 plugins.
Preloading 0 native plugins for Editor in 0.00 ms.
Mono: successfully reloaded assembly
- Completed reload, in  2.002 seconds
Domain Reload Profiling:
	ReloadAssembly (2003ms)
		BeginReloadAssembly (193ms)
			ExecutionOrderSort (0ms)
			DisableScriptedObjects (7ms)
			BackupInstance (0ms)
			ReleaseScriptingObjects (0ms)
			CreateAndSetChildDomain (42ms)
		EndReloadAssembly (1585ms)
			LoadAssemblies (162ms)
			RebuildTransferFunctionScriptingTraits (0ms)
			SetupTypeCache (629ms)
			ReleaseScriptCaches (1ms)
			RebuildScriptCaches (94ms)
			SetupLoadedEditorAssemblies (635ms)
				LogAssemblyErrors (0ms)
				InitializePlatformSupportModulesInManaged (7ms)
				SetLoadedEditorAssemblies (1ms)
				RefreshPlugins (1ms)
				BeforeProcessingInitializeOnLoad (92ms)
				ProcessInitializeOnLoadAttributes (463ms)
				ProcessInitializeOnLoadMethodAttributes (51ms)
				AfterProcessingInitializeOnLoad (21ms)
				EditorAssembliesLoaded (0ms)
			ExecutionOrderSort2 (0ms)
			AwakeInstancesAfterBackupRestoration (15ms)
Platform modules already initialized, skipping
Refreshing native plugins compatible for Editor in 8.53 ms, found 3 plugins.
Preloading 0 native plugins for Editor in 0.00 ms.
Unloading 3051 Unused Serialized files (Serialized files now loaded: 0)
Unloading 15 unused Assets / (24.7 KB). Loaded Objects now: 3639.
Memory consumption went from 112.2 MB to 112.1 MB.
Total: 6.718300 ms (FindLiveObjects: 0.782300 ms CreateObjectMapping: 0.838700 ms MarkObjects: 5.051800 ms  DeleteObjects: 0.040900 ms)

AssetImportParameters requested are different than current active one (requested -> active):
  custom:video-decoder-ogg-theora: a1e56fd34408186e4bbccfd4996cb3dc -> 
  custom:container-muxer-webm: aa71ff27fc2769a1b78a27578f13a17b -> 
  custom:container-demuxer-webm: 4f35f7cbe854078d1ac9338744f61a02 -> 
  custom:video-encoder-webm-vp8: eb34c28f22e8b96e1ab97ce403110664 -> 
  custom:audio-encoder-webm-vorbis: bf7c407c2cedff20999df2af8eb42d56 -> 
  custom:framework-win-MediaFoundation: 216162199b28c13a410421893ffa2e32 -> 
  custom:container-demuxer-ogg: 62fdf1f143b41e24485cea50d1cbac27 -> 
  custom:video-decoder-webm-vp8: 9c59270c3fd7afecdb556c50c9e8de78 -> 
  custom:audio-decoder-ogg-vorbis: bf7c407c2cedff20999df2af8eb42d56 -> 
========================================================================
Received Import Request.
  Time since last request: 8.014352 seconds.
  path: Assets/Scripts/Hour8/CameraControl.cs
  artifactKey: Guid(81cf0d85b3bea064abd125f081ee1d31) Importer(815301076,1909f56bfc062723c751e8b465ee728b)
Start importing Assets/Scripts/Hour8/CameraControl.cs using Guid(81cf0d85b3bea064abd125f081ee1d31) Importer(815301076,1909f56bfc062723c751e8b465ee728b)  -> (artifact id: 'b331bbb6bbbcc8e59255c0bba1d434e0') in 0.022192 seconds 
========================================================================
Received Prepare
Registering precompiled user dll's ...
Registered in 0.006771 seconds.
Begin MonoManager ReloadAssembly
Symbol file LoadedFromMemory doesn't match image C:\Users\pfran\Documents\GitHub\MULT-150\Pfrancia_Hour_8\Library\PackageCache\com.unity.visualscripting@1.8.0\Editor\VisualScripting.Core\Dependencies\YamlDotNet\Unity.VisualScripting.YamlDotNet.dll
Symbol file LoadedFromMemory doesn't match image C:\Users\pfran\Documents\GitHub\MULT-150\Pfrancia_Hour_8\Library\PackageCache\com.unity.visualscripting@1.8.0\Editor\VisualScripting.Core\Dependencies\DotNetZip\Unity.VisualScripting.IonicZip.dll
Native extension for WindowsStandalone target not found
Refreshing native plugins compatible for Editor in 1.05 ms, found 3 plugins.
Preloading 0 native plugins for Editor in 0.00 ms.
Mono: successfully reloaded assembly
- Completed reload, in  2.145 seconds
Domain Reload Profiling:
	ReloadAssembly (2146ms)
		BeginReloadAssembly (168ms)
			ExecutionOrderSort (0ms)
			DisableScriptedObjects (5ms)
			BackupInstance (0ms)
			ReleaseScriptingObjects (0ms)
			CreateAndSetChildDomain (41ms)
		EndReloadAssembly (1849ms)
			LoadAssemblies (132ms)
			RebuildTransferFunctionScriptingTraits (0ms)
			SetupTypeCache (710ms)
			ReleaseScriptCaches (3ms)
			RebuildScriptCaches (106ms)
			SetupLoadedEditorAssemblies (732ms)
				LogAssemblyErrors (0ms)
				InitializePlatformSupportModulesInManaged (19ms)
				SetLoadedEditorAssemblies (1ms)
				RefreshPlugins (1ms)
				BeforeProcessingInitializeOnLoad (151ms)
				ProcessInitializeOnLoadAttributes (483ms)
				ProcessInitializeOnLoadMethodAttributes (50ms)
				AfterProcessingInitializeOnLoad (26ms)
				EditorAssembliesLoaded (0ms)
			ExecutionOrderSort2 (0ms)
			AwakeInstancesAfterBackupRestoration (16ms)
Platform modules already initialized, skipping
Refreshing native plugins compatible for Editor in 5.80 ms, found 3 plugins.
Preloading 0 native plugins for Editor in 0.00 ms.
Unloading 3051 Unused Serialized files (Serialized files now loaded: 0)
Unloading 15 unused Assets / (24.7 KB). Loaded Objects now: 3642.
Memory consumption went from 112.2 MB to 112.2 MB.
Total: 6.858400 ms (FindLiveObjects: 1.327600 ms CreateObjectMapping: 0.479400 ms MarkObjects: 4.944800 ms  DeleteObjects: 0.103500 ms)

AssetImportParameters requested are different than current active one (requested -> active):
  custom:video-decoder-ogg-theora: a1e56fd34408186e4bbccfd4996cb3dc -> 
  custom:container-muxer-webm: aa71ff27fc2769a1b78a27578f13a17b -> 
  custom:container-demuxer-webm: 4f35f7cbe854078d1ac9338744f61a02 -> 
  custom:video-encoder-webm-vp8: eb34c28f22e8b96e1ab97ce403110664 -> 
  custom:audio-encoder-webm-vorbis: bf7c407c2cedff20999df2af8eb42d56 -> 
  custom:framework-win-MediaFoundation: 216162199b28c13a410421893ffa2e32 -> 
  custom:container-demuxer-ogg: 62fdf1f143b41e24485cea50d1cbac27 -> 
  custom:video-decoder-webm-vp8: 9c59270c3fd7afecdb556c50c9e8de78 -> 
  custom:audio-decoder-ogg-vorbis: bf7c407c2cedff20999df2af8eb42d56 -> 
========================================================================
Received Prepare
Registering precompiled user dll's ...
Registered in 0.008479 seconds.
Begin MonoManager ReloadAssembly
Symbol file LoadedFromMemory doesn't match image C:\Users\pfran\Documents\GitHub\MULT-150\Pfrancia_Hour_8\Library\PackageCache\com.unity.visualscripting@1.8.0\Editor\VisualScripting.Core\Dependencies\YamlDotNet\Unity.VisualScripting.YamlDotNet.dll
Symbol file LoadedFromMemory doesn't match image C:\Users\pfran\Documents\GitHub\MULT-150\Pfrancia_Hour_8\Library\PackageCache\com.unity.visualscripting@1.8.0\Editor\VisualScripting.Core\Dependencies\DotNetZip\Unity.VisualScripting.IonicZip.dll
Native extension for WindowsStandalone target not found
Refreshing native plugins compatible for Editor in 0.59 ms, found 3 plugins.
Preloading 0 native plugins for Editor in 0.00 ms.
Mono: successfully reloaded assembly
- Completed reload, in  1.240 seconds
Domain Reload Profiling:
	ReloadAssembly (1241ms)
		BeginReloadAssembly (188ms)
			ExecutionOrderSort (0ms)
			DisableScriptedObjects (7ms)
			BackupInstance (0ms)
			ReleaseScriptingObjects (0ms)
			CreateAndSetChildDomain (43ms)
		EndReloadAssembly (915ms)
			LoadAssemblies (131ms)
			RebuildTransferFunctionScriptingTraits (0ms)
			SetupTypeCache (382ms)
			ReleaseScriptCaches (1ms)
			RebuildScriptCaches (42ms)
			SetupLoadedEditorAssemblies (349ms)
				LogAssemblyErrors (0ms)
				InitializePlatformSupportModulesInManaged (7ms)
				SetLoadedEditorAssemblies (0ms)
				RefreshPlugins (1ms)
				BeforeProcessingInitializeOnLoad (73ms)
				ProcessInitializeOnLoadAttributes (225ms)
				ProcessInitializeOnLoadMethodAttributes (21ms)
				AfterProcessingInitializeOnLoad (22ms)
				EditorAssembliesLoaded (0ms)
			ExecutionOrderSort2 (0ms)
			AwakeInstancesAfterBackupRestoration (9ms)
Platform modules already initialized, skipping
Refreshing native plugins compatible for Editor in 2.03 ms, found 3 plugins.
Preloading 0 native plugins for Editor in 0.00 ms.
Unloading 3051 Unused Serialized files (Serialized files now loaded: 0)
Unloading 15 unused Assets / (24.7 KB). Loaded Objects now: 3645.
Memory consumption went from 112.2 MB to 112.2 MB.
Total: 4.775000 ms (FindLiveObjects: 0.340900 ms CreateObjectMapping: 0.098700 ms MarkObjects: 4.285600 ms  DeleteObjects: 0.048000 ms)

AssetImportParameters requested are different than current active one (requested -> active):
  custom:video-decoder-ogg-theora: a1e56fd34408186e4bbccfd4996cb3dc -> 
  custom:container-muxer-webm: aa71ff27fc2769a1b78a27578f13a17b -> 
  custom:container-demuxer-webm: 4f35f7cbe854078d1ac9338744f61a02 -> 
  custom:video-encoder-webm-vp8: eb34c28f22e8b96e1ab97ce403110664 -> 
  custom:audio-encoder-webm-vorbis: bf7c407c2cedff20999df2af8eb42d56 -> 
  custom:framework-win-MediaFoundation: 216162199b28c13a410421893ffa2e32 -> 
  custom:container-demuxer-ogg: 62fdf1f143b41e24485cea50d1cbac27 -> 
  custom:video-decoder-webm-vp8: 9c59270c3fd7afecdb556c50c9e8de78 -> 
  custom:audio-decoder-ogg-vorbis: bf7c407c2cedff20999df2af8eb42d56 -> 
========================================================================
Received Prepare
Registering precompiled user dll's ...
Registered in 0.008736 seconds.
Begin MonoManager ReloadAssembly
Symbol file LoadedFromMemory doesn't match image C:\Users\pfran\Documents\GitHub\MULT-150\Pfrancia_Hour_8\Library\PackageCache\com.unity.visualscripting@1.8.0\Editor\VisualScripting.Core\Dependencies\YamlDotNet\Unity.VisualScripting.YamlDotNet.dll
Symbol file LoadedFromMemory doesn't match image C:\Users\pfran\Documents\GitHub\MULT-150\Pfrancia_Hour_8\Library\PackageCache\com.unity.visualscripting@1.8.0\Editor\VisualScripting.Core\Dependencies\DotNetZip\Unity.VisualScripting.IonicZip.dll
Native extension for WindowsStandalone target not found
Refreshing native plugins compatible for Editor in 1.29 ms, found 3 plugins.
Preloading 0 native plugins for Editor in 0.00 ms.
Mono: successfully reloaded assembly
- Completed reload, in  2.105 seconds
Domain Reload Profiling:
	ReloadAssembly (2107ms)
		BeginReloadAssembly (179ms)
			ExecutionOrderSort (0ms)
			DisableScriptedObjects (7ms)
			BackupInstance (0ms)
			ReleaseScriptingObjects (0ms)
			CreateAndSetChildDomain (43ms)
		EndReloadAssembly (1812ms)
			LoadAssemblies (124ms)
			RebuildTransferFunctionScriptingTraits (0ms)
			SetupTypeCache (677ms)
			ReleaseScriptCaches (2ms)
			RebuildScriptCaches (101ms)
			SetupLoadedEditorAssemblies (737ms)
				LogAssemblyErrors (0ms)
				InitializePlatformSupportModulesInManaged (11ms)
				SetLoadedEditorAssemblies (1ms)
				RefreshPlugins (1ms)
				BeforeProcessingInitializeOnLoad (175ms)
				ProcessInitializeOnLoadAttributes (489ms)
				ProcessInitializeOnLoadMethodAttributes (36ms)
				AfterProcessingInitializeOnLoad (23ms)
				EditorAssembliesLoaded (1ms)
			ExecutionOrderSort2 (0ms)
			AwakeInstancesAfterBackupRestoration (33ms)
Platform modules already initialized, skipping
Refreshing native plugins compatible for Editor in 3.81 ms, found 3 plugins.
Preloading 0 native plugins for Editor in 0.00 ms.
Unloading 3051 Unused Serialized files (Serialized files now loaded: 0)
Unloading 15 unused Assets / (24.6 KB). Loaded Objects now: 3648.
Memory consumption went from 112.2 MB to 112.2 MB.
Total: 8.090900 ms (FindLiveObjects: 0.874700 ms CreateObjectMapping: 0.169500 ms MarkObjects: 6.992400 ms  DeleteObjects: 0.052700 ms)

AssetImportParameters requested are different than current active one (requested -> active):
  custom:video-decoder-ogg-theora: a1e56fd34408186e4bbccfd4996cb3dc -> 
  custom:container-muxer-webm: aa71ff27fc2769a1b78a27578f13a17b -> 
  custom:container-demuxer-webm: 4f35f7cbe854078d1ac9338744f61a02 -> 
  custom:video-encoder-webm-vp8: eb34c28f22e8b96e1ab97ce403110664 -> 
  custom:audio-encoder-webm-vorbis: bf7c407c2cedff20999df2af8eb42d56 -> 
  custom:framework-win-MediaFoundation: 216162199b28c13a410421893ffa2e32 -> 
  custom:container-demuxer-ogg: 62fdf1f143b41e24485cea50d1cbac27 -> 
  custom:video-decoder-webm-vp8: 9c59270c3fd7afecdb556c50c9e8de78 -> 
  custom:audio-decoder-ogg-vorbis: bf7c407c2cedff20999df2af8eb42d56 -> 
========================================================================
Received Prepare
Registering precompiled user dll's ...
Registered in 0.007219 seconds.
Begin MonoManager ReloadAssembly
Symbol file LoadedFromMemory doesn't match image C:\Users\pfran\Documents\GitHub\MULT-150\Pfrancia_Hour_8\Library\PackageCache\com.unity.visualscripting@1.8.0\Editor\VisualScripting.Core\Dependencies\YamlDotNet\Unity.VisualScripting.YamlDotNet.dll
Symbol file LoadedFromMemory doesn't match image C:\Users\pfran\Documents\GitHub\MULT-150\Pfrancia_Hour_8\Library\PackageCache\com.unity.visualscripting@1.8.0\Editor\VisualScripting.Core\Dependencies\DotNetZip\Unity.VisualScripting.IonicZip.dll
Native extension for WindowsStandalone target not found
Refreshing native plugins compatible for Editor in 0.58 ms, found 3 plugins.
Preloading 0 native plugins for Editor in 0.00 ms.
Mono: successfully reloaded assembly
- Completed reload, in  1.159 seconds
Domain Reload Profiling:
	ReloadAssembly (1161ms)
		BeginReloadAssembly (183ms)
			ExecutionOrderSort (0ms)
			DisableScriptedObjects (7ms)
			BackupInstance (0ms)
			ReleaseScriptingObjects (0ms)
			CreateAndSetChildDomain (40ms)
		EndReloadAssembly (861ms)
			LoadAssemblies (131ms)
			RebuildTransferFunctionScriptingTraits (0ms)
			SetupTypeCache (369ms)
			ReleaseScriptCaches (2ms)
			RebuildScriptCaches (51ms)
			SetupLoadedEditorAssemblies (310ms)
				LogAssemblyErrors (0ms)
				InitializePlatformSupportModulesInManaged (6ms)
				SetLoadedEditorAssemblies (1ms)
				RefreshPlugins (1ms)
				BeforeProcessingInitializeOnLoad (73ms)
				ProcessInitializeOnLoadAttributes (199ms)
				ProcessInitializeOnLoadMethodAttributes (19ms)
				AfterProcessingInitializeOnLoad (12ms)
				EditorAssembliesLoaded (0ms)
			ExecutionOrderSort2 (0ms)
			AwakeInstancesAfterBackupRestoration (6ms)
Platform modules already initialized, skipping
Refreshing native plugins compatible for Editor in 2.37 ms, found 3 plugins.
Preloading 0 native plugins for Editor in 0.00 ms.
Unloading 3051 Unused Serialized files (Serialized files now loaded: 0)
Unloading 15 unused Assets / (24.7 KB). Loaded Objects now: 3651.
Memory consumption went from 112.2 MB to 112.2 MB.
Total: 4.453900 ms (FindLiveObjects: 0.515600 ms CreateObjectMapping: 0.109900 ms MarkObjects: 3.771300 ms  DeleteObjects: 0.053100 ms)

AssetImportParameters requested are different than current active one (requested -> active):
  custom:video-decoder-ogg-theora: a1e56fd34408186e4bbccfd4996cb3dc -> 
  custom:container-muxer-webm: aa71ff27fc2769a1b78a27578f13a17b -> 
  custom:container-demuxer-webm: 4f35f7cbe854078d1ac9338744f61a02 -> 
  custom:video-encoder-webm-vp8: eb34c28f22e8b96e1ab97ce403110664 -> 
  custom:audio-encoder-webm-vorbis: bf7c407c2cedff20999df2af8eb42d56 -> 
  custom:framework-win-MediaFoundation: 216162199b28c13a410421893ffa2e32 -> 
  custom:container-demuxer-ogg: 62fdf1f143b41e24485cea50d1cbac27 -> 
  custom:video-decoder-webm-vp8: 9c59270c3fd7afecdb556c50c9e8de78 -> 
  custom:audio-decoder-ogg-vorbis: bf7c407c2cedff20999df2af8eb42d56 -> 
========================================================================
Received Import Request.
  Time since last request: 144.542579 seconds.
  path: Assets/Scripts/Hour8/CameraControl.cs
  artifactKey: Guid(81cf0d85b3bea064abd125f081ee1d31) Importer(815301076,1909f56bfc062723c751e8b465ee728b)
Start importing Assets/Scripts/Hour8/CameraControl.cs using Guid(81cf0d85b3bea064abd125f081ee1d31) Importer(815301076,1909f56bfc062723c751e8b465ee728b)  -> (artifact id: '001ee06765d9a9227491caa89f8a0617') in 0.011534 seconds 
========================================================================
Received Prepare
Registering precompiled user dll's ...
Registered in 0.007816 seconds.
Begin MonoManager ReloadAssembly
Symbol file LoadedFromMemory doesn't match image C:\Users\pfran\Documents\GitHub\MULT-150\Pfrancia_Hour_8\Library\PackageCache\com.unity.visualscripting@1.8.0\Editor\VisualScripting.Core\Dependencies\YamlDotNet\Unity.VisualScripting.YamlDotNet.dll
Symbol file LoadedFromMemory doesn't match image C:\Users\pfran\Documents\GitHub\MULT-150\Pfrancia_Hour_8\Library\PackageCache\com.unity.visualscripting@1.8.0\Editor\VisualScripting.Core\Dependencies\DotNetZip\Unity.VisualScripting.IonicZip.dll
Native extension for WindowsStandalone target not found
Refreshing native plugins compatible for Editor in 1.54 ms, found 3 plugins.
Preloading 0 native plugins for Editor in 0.00 ms.
Mono: successfully reloaded assembly
- Completed reload, in  2.152 seconds
Domain Reload Profiling:
	ReloadAssembly (2153ms)
		BeginReloadAssembly (169ms)
			ExecutionOrderSort (0ms)
			DisableScriptedObjects (7ms)
			BackupInstance (0ms)
			ReleaseScriptingObjects (0ms)
			CreateAndSetChildDomain (37ms)
		EndReloadAssembly (1868ms)
			LoadAssemblies (158ms)
			RebuildTransferFunctionScriptingTraits (0ms)
			SetupTypeCache (888ms)
			ReleaseScriptCaches (4ms)
			RebuildScriptCaches (80ms)
			SetupLoadedEditorAssemblies (618ms)
				LogAssemblyErrors (0ms)
				InitializePlatformSupportModulesInManaged (15ms)
				SetLoadedEditorAssemblies (1ms)
				RefreshPlugins (2ms)
				BeforeProcessingInitializeOnLoad (139ms)
				ProcessInitializeOnLoadAttributes (396ms)
				ProcessInitializeOnLoadMethodAttributes (42ms)
				AfterProcessingInitializeOnLoad (23ms)
				EditorAssembliesLoaded (0ms)
			ExecutionOrderSort2 (0ms)
			AwakeInstancesAfterBackupRestoration (16ms)
Platform modules already initialized, skipping
Refreshing native plugins compatible for Editor in 4.00 ms, found 3 plugins.
Preloading 0 native plugins for Editor in 0.00 ms.
Unloading 3051 Unused Serialized files (Serialized files now loaded: 0)
Unloading 15 unused Assets / (24.6 KB). Loaded Objects now: 3654.
Memory consumption went from 112.2 MB to 112.2 MB.
Total: 6.727700 ms (FindLiveObjects: 0.779300 ms CreateObjectMapping: 0.153300 ms MarkObjects: 5.688400 ms  DeleteObjects: 0.102900 ms)

AssetImportParameters requested are different than current active one (requested -> active):
  custom:video-decoder-ogg-theora: a1e56fd34408186e4bbccfd4996cb3dc -> 
  custom:container-muxer-webm: aa71ff27fc2769a1b78a27578f13a17b -> 
  custom:container-demuxer-webm: 4f35f7cbe854078d1ac9338744f61a02 -> 
  custom:video-encoder-webm-vp8: eb34c28f22e8b96e1ab97ce403110664 -> 
  custom:audio-encoder-webm-vorbis: bf7c407c2cedff20999df2af8eb42d56 -> 
  custom:framework-win-MediaFoundation: 216162199b28c13a410421893ffa2e32 -> 
  custom:container-demuxer-ogg: 62fdf1f143b41e24485cea50d1cbac27 -> 
  custom:video-decoder-webm-vp8: 9c59270c3fd7afecdb556c50c9e8de78 -> 
  custom:audio-decoder-ogg-vorbis: bf7c407c2cedff20999df2af8eb42d56 -> 
