Using pre-set license
Built from '2021.3/staging' branch; Version is '2021.3.25f1 (68ef2c4f8861) revision 6876972'; Using compiler version '192829333'; Build Type 'Release'
OS: 'Windows 11  (10.0.26100) 64bit Core' Language: 'en' Physical Memory: 7567 MB
BatchMode: 1, IsHumanControllingUs: 0, StartBugReporterOnCrash: 0, Is64bit: 1, IsPro: 1

COMMAND LINE ARGUMENTS:
C:\Program Files\Unity\Hub\Editor\2021.3.25f1\Editor\Unity.exe
-adb2
-batchMode
-noUpm
-name
AssetImportWorker0
-projectPath
C:/Users/pfran/Documents/GitHub/MULT-150/PFrancia_demo/pfrancia_hour5
-logFile
Logs/AssetImportWorker0.log
-srvPort
49770
Successfully changed project path to: C:/Users/pfran/Documents/GitHub/MULT-150/PFrancia_demo/pfrancia_hour5
C:/Users/pfran/Documents/GitHub/MULT-150/PFrancia_demo/pfrancia_hour5
[UnityMemory] Configuration Parameters - Can be set up in boot.config
    "memorysetup-bucket-allocator-granularity=16"
    "memorysetup-bucket-allocator-bucket-count=8"
    "memorysetup-bucket-allocator-block-size=33554432"
    "memorysetup-bucket-allocator-block-count=8"
    "memorysetup-main-allocator-block-size=16777216"
    "memorysetup-thread-allocator-block-size=16777216"
    "memorysetup-gfx-main-allocator-block-size=16777216"
    "memorysetup-gfx-thread-allocator-block-size=16777216"
    "memorysetup-cache-allocator-block-size=4194304"
    "memorysetup-typetree-allocator-block-size=2097152"
    "memorysetup-profiler-bucket-allocator-granularity=16"
    "memorysetup-profiler-bucket-allocator-bucket-count=8"
    "memorysetup-profiler-bucket-allocator-block-size=33554432"
    "memorysetup-profiler-bucket-allocator-block-count=8"
    "memorysetup-profiler-allocator-block-size=16777216"
    "memorysetup-profiler-editor-allocator-block-size=1048576"
    "memorysetup-temp-allocator-size-main=16777216"
    "memorysetup-job-temp-allocator-block-size=2097152"
    "memorysetup-job-temp-allocator-block-size-background=1048576"
    "memorysetup-job-temp-allocator-reduction-small-platforms=262144"
    "memorysetup-temp-allocator-size-background-worker=32768"
    "memorysetup-temp-allocator-size-job-worker=262144"
    "memorysetup-temp-allocator-size-preload-manager=33554432"
    "memorysetup-temp-allocator-size-nav-mesh-worker=65536"
    "memorysetup-temp-allocator-size-audio-worker=65536"
    "memorysetup-temp-allocator-size-cloud-worker=32768"
    "memorysetup-temp-allocator-size-gi-baking-worker=262144"
    "memorysetup-temp-allocator-size-gfx=262144"
Player connection [26500] Host "[IP] 192.168.100.171 [Port] 0 [Flags] 2 [Guid] 4132259774 [EditorId] 4132259774 [Version] 1048832 [Id] WindowsEditor(7,DESKTOP-7A3CQID) [Debug] 1 [PackageName] WindowsEditor [ProjectName] Editor" joined multi-casting on [225.0.0.222:54997]...

Player connection [26500] Host "[IP] 192.168.100.171 [Port] 0 [Flags] 2 [Guid] 4132259774 [EditorId] 4132259774 [Version] 1048832 [Id] WindowsEditor(7,DESKTOP-7A3CQID) [Debug] 1 [PackageName] WindowsEditor [ProjectName] Editor" joined alternative multi-casting on [225.0.0.222:34997]...

Refreshing native plugins compatible for Editor in 193.56 ms, found 3 plugins.
Preloading 0 native plugins for Editor in 0.00 ms.
Initialize engine version: 2021.3.25f1 (68ef2c4f8861)
[Subsystems] Discovering subsystems at path C:/Program Files/Unity/Hub/Editor/2021.3.25f1/Editor/Data/Resources/UnitySubsystems
[Subsystems] Discovering subsystems at path C:/Users/pfran/Documents/GitHub/MULT-150/PFrancia_demo/pfrancia_hour5/Assets
GfxDevice: creating device client; threaded=0; jobified=0
Direct3D:
    Version:  Direct3D 11.0 [level 11.1]
    Renderer: AMD Radeon(TM) Graphics (ID=0x1636)
    Vendor:   ATI
    VRAM:     3783 MB
    Driver:   31.0.12044.3
Initialize mono
Mono path[0] = 'C:/Program Files/Unity/Hub/Editor/2021.3.25f1/Editor/Data/Managed'
Mono path[1] = 'C:/Program Files/Unity/Hub/Editor/2021.3.25f1/Editor/Data/MonoBleedingEdge/lib/mono/unityjit-win32'
Mono config path = 'C:/Program Files/Unity/Hub/Editor/2021.3.25f1/Editor/Data/MonoBleedingEdge/etc'
Using monoOptions --debugger-agent=transport=dt_socket,embedding=1,server=y,suspend=n,address=127.0.0.1:56568
Begin MonoManager ReloadAssembly
Registering precompiled unity dll's ...
Register platform support module: C:/Program Files/Unity/Hub/Editor/2021.3.25f1/Editor/Data/PlaybackEngines/WindowsStandaloneSupport/UnityEditor.WindowsStandalone.Extensions.dll
Registered in 0.009818 seconds.
Native extension for WindowsStandalone target not found
Refreshing native plugins compatible for Editor in 89.25 ms, found 3 plugins.
Preloading 0 native plugins for Editor in 0.00 ms.
Mono: successfully reloaded assembly
- Completed reload, in  0.854 seconds
Domain Reload Profiling:
	ReloadAssembly (855ms)
		BeginReloadAssembly (174ms)
			ExecutionOrderSort (0ms)
			DisableScriptedObjects (0ms)
			BackupInstance (0ms)
			ReleaseScriptingObjects (0ms)
			CreateAndSetChildDomain (2ms)
		EndReloadAssembly (545ms)
			LoadAssemblies (169ms)
			RebuildTransferFunctionScriptingTraits (1ms)
			SetupTypeCache (122ms)
			ReleaseScriptCaches (0ms)
			RebuildScriptCaches (36ms)
			SetupLoadedEditorAssemblies (324ms)
				LogAssemblyErrors (0ms)
				InitializePlatformSupportModulesInManaged (10ms)
				SetLoadedEditorAssemblies (0ms)
				RefreshPlugins (89ms)
				BeforeProcessingInitializeOnLoad (3ms)
				ProcessInitializeOnLoadAttributes (165ms)
				ProcessInitializeOnLoadMethodAttributes (56ms)
				AfterProcessingInitializeOnLoad (0ms)
				EditorAssembliesLoaded (0ms)
			ExecutionOrderSort2 (0ms)
			AwakeInstancesAfterBackupRestoration (0ms)
Platform modules already initialized, skipping
Registering precompiled user dll's ...
Registered in 0.021858 seconds.
Begin MonoManager ReloadAssembly
Symbol file LoadedFromMemory doesn't match image C:\Users\pfran\Documents\GitHub\MULT-150\PFrancia_demo\pfrancia_hour5\Library\PackageCache\com.unity.visualscripting@1.8.0\Editor\VisualScripting.Core\Dependencies\YamlDotNet\Unity.VisualScripting.YamlDotNet.dll
Symbol file LoadedFromMemory doesn't match image C:\Users\pfran\Documents\GitHub\MULT-150\PFrancia_demo\pfrancia_hour5\Library\PackageCache\com.unity.visualscripting@1.8.0\Editor\VisualScripting.Core\Dependencies\DotNetZip\Unity.VisualScripting.IonicZip.dll
Native extension for WindowsStandalone target not found
Refreshing native plugins compatible for Editor in 0.85 ms, found 3 plugins.
Preloading 0 native plugins for Editor in 0.00 ms.
Mono: successfully reloaded assembly
- Completed reload, in  1.214 seconds
Domain Reload Profiling:
	ReloadAssembly (1215ms)
		BeginReloadAssembly (138ms)
			ExecutionOrderSort (0ms)
			DisableScriptedObjects (5ms)
			BackupInstance (0ms)
			ReleaseScriptingObjects (0ms)
			CreateAndSetChildDomain (24ms)
		EndReloadAssembly (946ms)
			LoadAssemblies (153ms)
			RebuildTransferFunctionScriptingTraits (0ms)
			SetupTypeCache (308ms)
			ReleaseScriptCaches (1ms)
			RebuildScriptCaches (56ms)
			SetupLoadedEditorAssemblies (401ms)
				LogAssemblyErrors (0ms)
				InitializePlatformSupportModulesInManaged (6ms)
				SetLoadedEditorAssemblies (0ms)
				RefreshPlugins (1ms)
				BeforeProcessingInitializeOnLoad (97ms)
				ProcessInitializeOnLoadAttributes (264ms)
				ProcessInitializeOnLoadMethodAttributes (22ms)
				AfterProcessingInitializeOnLoad (11ms)
				EditorAssembliesLoaded (0ms)
			ExecutionOrderSort2 (0ms)
			AwakeInstancesAfterBackupRestoration (8ms)
Platform modules already initialized, skipping
========================================================================
Worker process is ready to serve import requests
Launched and connected shader compiler UnityShaderCompiler.exe after 0.13 seconds
Refreshing native plugins compatible for Editor in 0.95 ms, found 3 plugins.
Preloading 0 native plugins for Editor in 0.00 ms.
Unloading 3049 Unused Serialized files (Serialized files now loaded: 0)
Unloading 22 unused Assets / (56.1 KB). Loaded Objects now: 3511.
Memory consumption went from 107.4 MB to 107.4 MB.
Total: 7.121000 ms (FindLiveObjects: 0.384000 ms CreateObjectMapping: 0.106000 ms MarkObjects: 6.545700 ms  DeleteObjects: 0.083800 ms)

AssetImportParameters requested are different than current active one (requested -> active):
  custom:video-decoder-ogg-theora: a1e56fd34408186e4bbccfd4996cb3dc -> 
  custom:container-muxer-webm: aa71ff27fc2769a1b78a27578f13a17b -> 
  custom:container-demuxer-webm: 4f35f7cbe854078d1ac9338744f61a02 -> 
  custom:video-encoder-webm-vp8: eb34c28f22e8b96e1ab97ce403110664 -> 
  custom:audio-encoder-webm-vorbis: bf7c407c2cedff20999df2af8eb42d56 -> 
  custom:framework-win-MediaFoundation: 216162199b28c13a410421893ffa2e32 -> 
  custom:container-demuxer-ogg: 62fdf1f143b41e24485cea50d1cbac27 -> 
  custom:video-decoder-webm-vp8: 9c59270c3fd7afecdb556c50c9e8de78 -> 
  custom:audio-decoder-ogg-vorbis: bf7c407c2cedff20999df2af8eb42d56 -> 
========================================================================
Received Import Request.
  Time since last request: 1413113.312939 seconds.
  path: Packages/com.unity.ide.visualstudio/package.json
  artifactKey: Guid(656f74f6edaa396458412b9e3903d8cd) Importer(815301076,1909f56bfc062723c751e8b465ee728b)
Start importing Packages/com.unity.ide.visualstudio/package.json using Guid(656f74f6edaa396458412b9e3903d8cd) Importer(815301076,1909f56bfc062723c751e8b465ee728b)  -> (artifact id: 'eff850170263018e676487eecccf3901') in 0.068597 seconds 
========================================================================
Received Import Request.
  Time since last request: 0.000045 seconds.
  path: Packages/com.unity.test-framework/package.json
  artifactKey: Guid(d6a2e6e4803de7b43baacdc355fc144d) Importer(815301076,1909f56bfc062723c751e8b465ee728b)
Start importing Packages/com.unity.test-framework/package.json using Guid(d6a2e6e4803de7b43baacdc355fc144d) Importer(815301076,1909f56bfc062723c751e8b465ee728b)  -> (artifact id: 'e18898ccc8b096ee8f2e6704cc6568de') in 0.010399 seconds 
========================================================================
Received Import Request.
  Time since last request: 0.000086 seconds.
  path: Packages/com.unity.testtools.codecoverage/package.json
  artifactKey: Guid(ba7d60725b0ec604698819352642be89) Importer(815301076,1909f56bfc062723c751e8b465ee728b)
Start importing Packages/com.unity.testtools.codecoverage/package.json using Guid(ba7d60725b0ec604698819352642be89) Importer(815301076,1909f56bfc062723c751e8b465ee728b)  -> (artifact id: '18ee6f5bb8249b29692961783c4c26c0') in 0.006666 seconds 
========================================================================
Received Import Request.
  Time since last request: 0.000026 seconds.
  path: Packages/com.unity.performance.profile-analyzer/package.json
  artifactKey: Guid(478e38cbe30254f8c868840b4e2f32e1) Importer(815301076,1909f56bfc062723c751e8b465ee728b)
Start importing Packages/com.unity.performance.profile-analyzer/package.json using Guid(478e38cbe30254f8c868840b4e2f32e1) Importer(815301076,1909f56bfc062723c751e8b465ee728b)  -> (artifact id: '7704c67f382ec1bdbfc9ae25517022ba') in 0.010245 seconds 
========================================================================
Received Import Request.
  Time since last request: 0.000097 seconds.
  path: Packages/com.unity.ide.vscode/package.json
  artifactKey: Guid(ffc6271f08270b64ca0aae9c49235d81) Importer(815301076,1909f56bfc062723c751e8b465ee728b)
Start importing Packages/com.unity.ide.vscode/package.json using Guid(ffc6271f08270b64ca0aae9c49235d81) Importer(815301076,1909f56bfc062723c751e8b465ee728b)  -> (artifact id: '9797d3eb575af519a91cff9ea5b73f84') in 0.012136 seconds 
========================================================================
Received Import Request.
  Time since last request: 0.000025 seconds.
  path: Packages/com.unity.visualscripting/package.json
  artifactKey: Guid(545a9d2bc7370224f8d14c22f2f580e0) Importer(815301076,1909f56bfc062723c751e8b465ee728b)
Start importing Packages/com.unity.visualscripting/package.json using Guid(545a9d2bc7370224f8d14c22f2f580e0) Importer(815301076,1909f56bfc062723c751e8b465ee728b)  -> (artifact id: '802ca2141556239ed6a1d27f6470288f') in 0.005092 seconds 
========================================================================
Received Import Request.
  Time since last request: 0.000059 seconds.
  path: Packages/com.unity.ide.rider/package.json
  artifactKey: Guid(66c95bb3c74257f41bae2622511dc02d) Importer(815301076,1909f56bfc062723c751e8b465ee728b)
Start importing Packages/com.unity.ide.rider/package.json using Guid(66c95bb3c74257f41bae2622511dc02d) Importer(815301076,1909f56bfc062723c751e8b465ee728b)  -> (artifact id: '46ea55fd9cff27eb13443556f55cf08c') in 0.003606 seconds 
========================================================================
Received Import Request.
  Time since last request: 707.625510 seconds.
  path: Assets/New Terrain.asset
  artifactKey: Guid(ed8025ebd327fd543a641fb5f557d757) Importer(815301076,1909f56bfc062723c751e8b465ee728b)
Start importing Assets/New Terrain.asset using Guid(ed8025ebd327fd543a641fb5f557d757) Importer(815301076,1909f56bfc062723c751e8b465ee728b)  -> (artifact id: '08c8e8597f9c57703ce4b75ab9f261d0') in 0.049175 seconds 
========================================================================
Received Import Request.
  Time since last request: 294.033340 seconds.
  path: Assets
  artifactKey: Guid(00000000000000001000000000000000) Importer(815301076,1909f56bfc062723c751e8b465ee728b)
Start importing Assets using Guid(00000000000000001000000000000000) Importer(815301076,1909f56bfc062723c751e8b465ee728b)  -> (artifact id: '79842766b460edbeab6a34051e857a80') in 0.002617 seconds 
========================================================================
Received Import Request.
  Time since last request: 164.627528 seconds.
  path: Assets/Hour 4 Files.zip
  artifactKey: Guid(ac1d8efcac23b3240b5d7c4ca7b68035) Importer(815301076,1909f56bfc062723c751e8b465ee728b)
Start importing Assets/Hour 4 Files.zip using Guid(ac1d8efcac23b3240b5d7c4ca7b68035) Importer(815301076,1909f56bfc062723c751e8b465ee728b)  -> (artifact id: '14a75c4ba22812641573ef50cf1faaee') in 0.026421 seconds 
========================================================================
Received Prepare
Registering precompiled user dll's ...
Registered in 0.007656 seconds.
Begin MonoManager ReloadAssembly
Symbol file LoadedFromMemory doesn't match image C:\Users\pfran\Documents\GitHub\MULT-150\PFrancia_demo\pfrancia_hour5\Library\PackageCache\com.unity.visualscripting@1.8.0\Editor\VisualScripting.Core\Dependencies\YamlDotNet\Unity.VisualScripting.YamlDotNet.dll
Symbol file LoadedFromMemory doesn't match image C:\Users\pfran\Documents\GitHub\MULT-150\PFrancia_demo\pfrancia_hour5\Library\PackageCache\com.unity.visualscripting@1.8.0\Editor\VisualScripting.Core\Dependencies\DotNetZip\Unity.VisualScripting.IonicZip.dll
Native extension for WindowsStandalone target not found
Refreshing native plugins compatible for Editor in 0.60 ms, found 3 plugins.
Preloading 0 native plugins for Editor in 0.00 ms.
Mono: successfully reloaded assembly
- Completed reload, in  1.360 seconds
Domain Reload Profiling:
	ReloadAssembly (1361ms)
		BeginReloadAssembly (345ms)
			ExecutionOrderSort (0ms)
			DisableScriptedObjects (14ms)
			BackupInstance (0ms)
			ReleaseScriptingObjects (0ms)
			CreateAndSetChildDomain (112ms)
		EndReloadAssembly (860ms)
			LoadAssemblies (130ms)
			RebuildTransferFunctionScriptingTraits (0ms)
			SetupTypeCache (303ms)
			ReleaseScriptCaches (1ms)
			RebuildScriptCaches (46ms)
			SetupLoadedEditorAssemblies (360ms)
				LogAssemblyErrors (0ms)
				InitializePlatformSupportModulesInManaged (8ms)
				SetLoadedEditorAssemblies (1ms)
				RefreshPlugins (1ms)
				BeforeProcessingInitializeOnLoad (81ms)
				ProcessInitializeOnLoadAttributes (235ms)
				ProcessInitializeOnLoadMethodAttributes (21ms)
				AfterProcessingInitializeOnLoad (13ms)
				EditorAssembliesLoaded (0ms)
			ExecutionOrderSort2 (0ms)
			AwakeInstancesAfterBackupRestoration (6ms)
Platform modules already initialized, skipping
Refreshing native plugins compatible for Editor in 2.12 ms, found 3 plugins.
Preloading 0 native plugins for Editor in 0.00 ms.
Unloading 3044 Unused Serialized files (Serialized files now loaded: 0)
Unloading 17 unused Assets / (0.5 MB). Loaded Objects now: 3518.
Memory consumption went from 108.0 MB to 107.5 MB.
Total: 3.794000 ms (FindLiveObjects: 0.302900 ms CreateObjectMapping: 0.102900 ms MarkObjects: 3.077600 ms  DeleteObjects: 0.308800 ms)

AssetImportParameters requested are different than current active one (requested -> active):
  custom:video-decoder-ogg-theora: a1e56fd34408186e4bbccfd4996cb3dc -> 
  custom:container-muxer-webm: aa71ff27fc2769a1b78a27578f13a17b -> 
  custom:container-demuxer-webm: 4f35f7cbe854078d1ac9338744f61a02 -> 
  custom:video-encoder-webm-vp8: eb34c28f22e8b96e1ab97ce403110664 -> 
  custom:audio-encoder-webm-vorbis: bf7c407c2cedff20999df2af8eb42d56 -> 
  custom:framework-win-MediaFoundation: 216162199b28c13a410421893ffa2e32 -> 
  custom:container-demuxer-ogg: 62fdf1f143b41e24485cea50d1cbac27 -> 
  custom:video-decoder-webm-vp8: 9c59270c3fd7afecdb556c50c9e8de78 -> 
  custom:audio-decoder-ogg-vorbis: bf7c407c2cedff20999df2af8eb42d56 -> 
========================================================================
Received Import Request.
  Time since last request: 35.325411 seconds.
  path: Assets/Scenes
  artifactKey: Guid(6ea315d0fd7389c41b19996891e99ae3) Importer(815301076,1909f56bfc062723c751e8b465ee728b)
Start importing Assets/Scenes using Guid(6ea315d0fd7389c41b19996891e99ae3) Importer(815301076,1909f56bfc062723c751e8b465ee728b)  -> (artifact id: 'b8193726cff86800c54781cdc6d54904') in 0.015314 seconds 
========================================================================
Received Import Request.
  Time since last request: 7.036253 seconds.
  path: Assets/pfrancia_Flashlight_Explorer
  artifactKey: Guid(6ea315d0fd7389c41b19996891e99ae3) Importer(815301076,1909f56bfc062723c751e8b465ee728b)
Start importing Assets/pfrancia_Flashlight_Explorer using Guid(6ea315d0fd7389c41b19996891e99ae3) Importer(815301076,1909f56bfc062723c751e8b465ee728b)  -> (artifact id: '7b9b2459de04a3983de74d517ce02f37') in 0.002476 seconds 
========================================================================
Received Import Request.
  Time since last request: 26.824226 seconds.
  path: Assets/FirstPersonCharacter
  artifactKey: Guid(2ef4bf11b45866e4ca562ee9df2e7085) Importer(815301076,1909f56bfc062723c751e8b465ee728b)
Start importing Assets/FirstPersonCharacter using Guid(2ef4bf11b45866e4ca562ee9df2e7085) Importer(815301076,1909f56bfc062723c751e8b465ee728b)  -> (artifact id: '71574f7901cd84fd46dac3bbeac560b3') in 0.008240 seconds 
========================================================================
Received Import Request.
  Time since last request: 0.083582 seconds.
  path: Assets/FirstPersonCharacter/FPSController.prefab
  artifactKey: Guid(5e9e851c0e142814dac026a256ba2ac0) Importer(815301076,1909f56bfc062723c751e8b465ee728b)
Start importing Assets/FirstPersonCharacter/FPSController.prefab using Guid(5e9e851c0e142814dac026a256ba2ac0) Importer(815301076,1909f56bfc062723c751e8b465ee728b)  -> (artifact id: '629624f06e06cc19ebbdb11a4655f1a7') in 0.045660 seconds 
========================================================================
Received Prepare
Registering precompiled user dll's ...
Registered in 0.006313 seconds.
Begin MonoManager ReloadAssembly
Symbol file LoadedFromMemory doesn't match image C:\Users\pfran\Documents\GitHub\MULT-150\PFrancia_demo\pfrancia_hour5\Library\PackageCache\com.unity.visualscripting@1.8.0\Editor\VisualScripting.Core\Dependencies\YamlDotNet\Unity.VisualScripting.YamlDotNet.dll
Symbol file LoadedFromMemory doesn't match image C:\Users\pfran\Documents\GitHub\MULT-150\PFrancia_demo\pfrancia_hour5\Library\PackageCache\com.unity.visualscripting@1.8.0\Editor\VisualScripting.Core\Dependencies\DotNetZip\Unity.VisualScripting.IonicZip.dll
Native extension for WindowsStandalone target not found
Refreshing native plugins compatible for Editor in 1.11 ms, found 3 plugins.
Preloading 0 native plugins for Editor in 0.00 ms.
Mono: successfully reloaded assembly
- Completed reload, in  2.495 seconds
Domain Reload Profiling:
	ReloadAssembly (2497ms)
		BeginReloadAssembly (417ms)
			ExecutionOrderSort (0ms)
			DisableScriptedObjects (11ms)
			BackupInstance (0ms)
			ReleaseScriptingObjects (0ms)
			CreateAndSetChildDomain (104ms)
		EndReloadAssembly (1766ms)
			LoadAssemblies (337ms)
			RebuildTransferFunctionScriptingTraits (0ms)
			SetupTypeCache (664ms)
			ReleaseScriptCaches (2ms)
			RebuildScriptCaches (95ms)
			SetupLoadedEditorAssemblies (668ms)
				LogAssemblyErrors (0ms)
				InitializePlatformSupportModulesInManaged (13ms)
				SetLoadedEditorAssemblies (1ms)
				RefreshPlugins (1ms)
				BeforeProcessingInitializeOnLoad (148ms)
				ProcessInitializeOnLoadAttributes (468ms)
				ProcessInitializeOnLoadMethodAttributes (23ms)
				AfterProcessingInitializeOnLoad (13ms)
				EditorAssembliesLoaded (1ms)
			ExecutionOrderSort2 (0ms)
			AwakeInstancesAfterBackupRestoration (14ms)
Platform modules already initialized, skipping
Refreshing native plugins compatible for Editor in 3.06 ms, found 3 plugins.
Preloading 0 native plugins for Editor in 0.00 ms.
Unloading 3044 Unused Serialized files (Serialized files now loaded: 0)
Unloading 15 unused Assets / (24.6 KB). Loaded Objects now: 3521.
Memory consumption went from 107.5 MB to 107.5 MB.
Total: 5.449800 ms (FindLiveObjects: 0.772100 ms CreateObjectMapping: 0.164700 ms MarkObjects: 4.399800 ms  DeleteObjects: 0.109200 ms)

AssetImportParameters requested are different than current active one (requested -> active):
  custom:video-decoder-ogg-theora: a1e56fd34408186e4bbccfd4996cb3dc -> 
  custom:container-muxer-webm: aa71ff27fc2769a1b78a27578f13a17b -> 
  custom:container-demuxer-webm: 4f35f7cbe854078d1ac9338744f61a02 -> 
  custom:video-encoder-webm-vp8: eb34c28f22e8b96e1ab97ce403110664 -> 
  custom:audio-encoder-webm-vorbis: bf7c407c2cedff20999df2af8eb42d56 -> 
  custom:framework-win-MediaFoundation: 216162199b28c13a410421893ffa2e32 -> 
  custom:container-demuxer-ogg: 62fdf1f143b41e24485cea50d1cbac27 -> 
  custom:video-decoder-webm-vp8: 9c59270c3fd7afecdb556c50c9e8de78 -> 
  custom:audio-decoder-ogg-vorbis: bf7c407c2cedff20999df2af8eb42d56 -> 
========================================================================
Received Prepare
Registering precompiled user dll's ...
Registered in 0.007497 seconds.
Begin MonoManager ReloadAssembly
Symbol file LoadedFromMemory doesn't match image C:\Users\pfran\Documents\GitHub\MULT-150\PFrancia_demo\pfrancia_hour5\Library\PackageCache\com.unity.visualscripting@1.8.0\Editor\VisualScripting.Core\Dependencies\YamlDotNet\Unity.VisualScripting.YamlDotNet.dll
Symbol file LoadedFromMemory doesn't match image C:\Users\pfran\Documents\GitHub\MULT-150\PFrancia_demo\pfrancia_hour5\Library\PackageCache\com.unity.visualscripting@1.8.0\Editor\VisualScripting.Core\Dependencies\DotNetZip\Unity.VisualScripting.IonicZip.dll
Native extension for WindowsStandalone target not found
Refreshing native plugins compatible for Editor in 6.05 ms, found 3 plugins.
Preloading 0 native plugins for Editor in 0.00 ms.
Mono: successfully reloaded assembly
- Completed reload, in  3.265 seconds
Domain Reload Profiling:
	ReloadAssembly (3266ms)
		BeginReloadAssembly (199ms)
			ExecutionOrderSort (0ms)
			DisableScriptedObjects (8ms)
			BackupInstance (0ms)
			ReleaseScriptingObjects (0ms)
			CreateAndSetChildDomain (48ms)
		EndReloadAssembly (2570ms)
			LoadAssemblies (233ms)
			RebuildTransferFunctionScriptingTraits (0ms)
			SetupTypeCache (1054ms)
			ReleaseScriptCaches (2ms)
			RebuildScriptCaches (154ms)
			SetupLoadedEditorAssemblies (892ms)
				LogAssemblyErrors (0ms)
				InitializePlatformSupportModulesInManaged (17ms)
				SetLoadedEditorAssemblies (1ms)
				RefreshPlugins (6ms)
				BeforeProcessingInitializeOnLoad (203ms)
				ProcessInitializeOnLoadAttributes (570ms)
				ProcessInitializeOnLoadMethodAttributes (54ms)
				AfterProcessingInitializeOnLoad (38ms)
				EditorAssembliesLoaded (1ms)
			ExecutionOrderSort2 (0ms)
			AwakeInstancesAfterBackupRestoration (18ms)
Platform modules already initialized, skipping
Refreshing native plugins compatible for Editor in 5.56 ms, found 3 plugins.
Preloading 0 native plugins for Editor in 0.00 ms.
Unloading 3044 Unused Serialized files (Serialized files now loaded: 0)
Unloading 15 unused Assets / (24.6 KB). Loaded Objects now: 3524.
Memory consumption went from 107.5 MB to 107.5 MB.
Total: 7.554700 ms (FindLiveObjects: 1.088200 ms CreateObjectMapping: 0.331800 ms MarkObjects: 6.051600 ms  DeleteObjects: 0.079100 ms)

AssetImportParameters requested are different than current active one (requested -> active):
  custom:video-decoder-ogg-theora: a1e56fd34408186e4bbccfd4996cb3dc -> 
  custom:container-muxer-webm: aa71ff27fc2769a1b78a27578f13a17b -> 
  custom:container-demuxer-webm: 4f35f7cbe854078d1ac9338744f61a02 -> 
  custom:video-encoder-webm-vp8: eb34c28f22e8b96e1ab97ce403110664 -> 
  custom:audio-encoder-webm-vorbis: bf7c407c2cedff20999df2af8eb42d56 -> 
  custom:framework-win-MediaFoundation: 216162199b28c13a410421893ffa2e32 -> 
  custom:container-demuxer-ogg: 62fdf1f143b41e24485cea50d1cbac27 -> 
  custom:video-decoder-webm-vp8: 9c59270c3fd7afecdb556c50c9e8de78 -> 
  custom:audio-decoder-ogg-vorbis: bf7c407c2cedff20999df2af8eb42d56 -> 
========================================================================
Received Prepare
Registering precompiled user dll's ...
Registered in 0.007718 seconds.
Begin MonoManager ReloadAssembly
Symbol file LoadedFromMemory doesn't match image C:\Users\pfran\Documents\GitHub\MULT-150\PFrancia_demo\pfrancia_hour5\Library\PackageCache\com.unity.visualscripting@1.8.0\Editor\VisualScripting.Core\Dependencies\YamlDotNet\Unity.VisualScripting.YamlDotNet.dll
Symbol file LoadedFromMemory doesn't match image C:\Users\pfran\Documents\GitHub\MULT-150\PFrancia_demo\pfrancia_hour5\Library\PackageCache\com.unity.visualscripting@1.8.0\Editor\VisualScripting.Core\Dependencies\DotNetZip\Unity.VisualScripting.IonicZip.dll
Native extension for WindowsStandalone target not found
Refreshing native plugins compatible for Editor in 1.75 ms, found 3 plugins.
Preloading 0 native plugins for Editor in 0.00 ms.
Mono: successfully reloaded assembly
- Completed reload, in  2.039 seconds
Domain Reload Profiling:
	ReloadAssembly (2041ms)
		BeginReloadAssembly (187ms)
			ExecutionOrderSort (0ms)
			DisableScriptedObjects (6ms)
			BackupInstance (0ms)
			ReleaseScriptingObjects (0ms)
			CreateAndSetChildDomain (59ms)
		EndReloadAssembly (1739ms)
			LoadAssemblies (139ms)
			RebuildTransferFunctionScriptingTraits (0ms)
			SetupTypeCache (640ms)
			ReleaseScriptCaches (4ms)
			RebuildScriptCaches (99ms)
			SetupLoadedEditorAssemblies (687ms)
				LogAssemblyErrors (0ms)
				InitializePlatformSupportModulesInManaged (15ms)
				SetLoadedEditorAssemblies (1ms)
				RefreshPlugins (2ms)
				BeforeProcessingInitializeOnLoad (198ms)
				ProcessInitializeOnLoadAttributes (410ms)
				ProcessInitializeOnLoadMethodAttributes (41ms)
				AfterProcessingInitializeOnLoad (20ms)
				EditorAssembliesLoaded (0ms)
			ExecutionOrderSort2 (0ms)
			AwakeInstancesAfterBackupRestoration (15ms)
Platform modules already initialized, skipping
Refreshing native plugins compatible for Editor in 3.94 ms, found 3 plugins.
Preloading 0 native plugins for Editor in 0.00 ms.
Unloading 3044 Unused Serialized files (Serialized files now loaded: 0)
Unloading 15 unused Assets / (24.7 KB). Loaded Objects now: 3527.
Memory consumption went from 107.5 MB to 107.5 MB.
Total: 8.586800 ms (FindLiveObjects: 0.733900 ms CreateObjectMapping: 0.154200 ms MarkObjects: 7.616800 ms  DeleteObjects: 0.079200 ms)

AssetImportParameters requested are different than current active one (requested -> active):
  custom:video-decoder-ogg-theora: a1e56fd34408186e4bbccfd4996cb3dc -> 
  custom:container-muxer-webm: aa71ff27fc2769a1b78a27578f13a17b -> 
  custom:container-demuxer-webm: 4f35f7cbe854078d1ac9338744f61a02 -> 
  custom:video-encoder-webm-vp8: eb34c28f22e8b96e1ab97ce403110664 -> 
  custom:audio-encoder-webm-vorbis: bf7c407c2cedff20999df2af8eb42d56 -> 
  custom:framework-win-MediaFoundation: 216162199b28c13a410421893ffa2e32 -> 
  custom:container-demuxer-ogg: 62fdf1f143b41e24485cea50d1cbac27 -> 
  custom:video-decoder-webm-vp8: 9c59270c3fd7afecdb556c50c9e8de78 -> 
  custom:audio-decoder-ogg-vorbis: bf7c407c2cedff20999df2af8eb42d56 -> 
========================================================================
Received Import Request.
  Time since last request: 574.529261 seconds.
  path: Assets/FirstPersonCharacter/New Material.mat
  artifactKey: Guid(46529e43b26413343b6786f0f65d67f6) Importer(815301076,1909f56bfc062723c751e8b465ee728b)
Start importing Assets/FirstPersonCharacter/New Material.mat using Guid(46529e43b26413343b6786f0f65d67f6) Importer(815301076,1909f56bfc062723c751e8b465ee728b)  -> (artifact id: '52da44db617ede077615677ff618f8a9') in 0.476971 seconds 
========================================================================
Received Prepare
Registering precompiled user dll's ...
Registered in 0.006841 seconds.
Begin MonoManager ReloadAssembly
Symbol file LoadedFromMemory doesn't match image C:\Users\pfran\Documents\GitHub\MULT-150\PFrancia_demo\pfrancia_hour5\Library\PackageCache\com.unity.visualscripting@1.8.0\Editor\VisualScripting.Core\Dependencies\YamlDotNet\Unity.VisualScripting.YamlDotNet.dll
Symbol file LoadedFromMemory doesn't match image C:\Users\pfran\Documents\GitHub\MULT-150\PFrancia_demo\pfrancia_hour5\Library\PackageCache\com.unity.visualscripting@1.8.0\Editor\VisualScripting.Core\Dependencies\DotNetZip\Unity.VisualScripting.IonicZip.dll
Native extension for WindowsStandalone target not found
Refreshing native plugins compatible for Editor in 1.25 ms, found 3 plugins.
Preloading 0 native plugins for Editor in 0.00 ms.
Mono: successfully reloaded assembly
- Completed reload, in  1.966 seconds
Domain Reload Profiling:
	ReloadAssembly (1967ms)
		BeginReloadAssembly (164ms)
			ExecutionOrderSort (0ms)
			DisableScriptedObjects (6ms)
			BackupInstance (0ms)
			ReleaseScriptingObjects (0ms)
			CreateAndSetChildDomain (39ms)
		EndReloadAssembly (1654ms)
			LoadAssemblies (160ms)
			RebuildTransferFunctionScriptingTraits (0ms)
			SetupTypeCache (657ms)
			ReleaseScriptCaches (2ms)
			RebuildScriptCaches (62ms)
			SetupLoadedEditorAssemblies (630ms)
				LogAssemblyErrors (0ms)
				InitializePlatformSupportModulesInManaged (16ms)
				SetLoadedEditorAssemblies (1ms)
				RefreshPlugins (1ms)
				BeforeProcessingInitializeOnLoad (130ms)
				ProcessInitializeOnLoadAttributes (421ms)
				ProcessInitializeOnLoadMethodAttributes (41ms)
				AfterProcessingInitializeOnLoad (20ms)
				EditorAssembliesLoaded (0ms)
			ExecutionOrderSort2 (0ms)
			AwakeInstancesAfterBackupRestoration (13ms)
Platform modules already initialized, skipping
Refreshing native plugins compatible for Editor in 4.88 ms, found 3 plugins.
Preloading 0 native plugins for Editor in 0.00 ms.
Unloading 3044 Unused Serialized files (Serialized files now loaded: 0)
Unloading 15 unused Assets / (24.8 KB). Loaded Objects now: 3570.
Memory consumption went from 112.2 MB to 112.2 MB.
Total: 7.190400 ms (FindLiveObjects: 0.462400 ms CreateObjectMapping: 0.268500 ms MarkObjects: 6.399500 ms  DeleteObjects: 0.057300 ms)

AssetImportParameters requested are different than current active one (requested -> active):
  custom:video-decoder-ogg-theora: a1e56fd34408186e4bbccfd4996cb3dc -> 
  custom:container-muxer-webm: aa71ff27fc2769a1b78a27578f13a17b -> 
  custom:container-demuxer-webm: 4f35f7cbe854078d1ac9338744f61a02 -> 
  custom:video-encoder-webm-vp8: eb34c28f22e8b96e1ab97ce403110664 -> 
  custom:audio-encoder-webm-vorbis: bf7c407c2cedff20999df2af8eb42d56 -> 
  custom:framework-win-MediaFoundation: 216162199b28c13a410421893ffa2e32 -> 
  custom:container-demuxer-ogg: 62fdf1f143b41e24485cea50d1cbac27 -> 
  custom:video-decoder-webm-vp8: 9c59270c3fd7afecdb556c50c9e8de78 -> 
  custom:audio-decoder-ogg-vorbis: bf7c407c2cedff20999df2af8eb42d56 -> 
========================================================================
Received Prepare
Registering precompiled user dll's ...
Registered in 0.016432 seconds.
Begin MonoManager ReloadAssembly
Symbol file LoadedFromMemory doesn't match image C:\Users\pfran\Documents\GitHub\MULT-150\PFrancia_demo\pfrancia_hour5\Library\PackageCache\com.unity.visualscripting@1.8.0\Editor\VisualScripting.Core\Dependencies\YamlDotNet\Unity.VisualScripting.YamlDotNet.dll
Symbol file LoadedFromMemory doesn't match image C:\Users\pfran\Documents\GitHub\MULT-150\PFrancia_demo\pfrancia_hour5\Library\PackageCache\com.unity.visualscripting@1.8.0\Editor\VisualScripting.Core\Dependencies\DotNetZip\Unity.VisualScripting.IonicZip.dll
Native extension for WindowsStandalone target not found
Refreshing native plugins compatible for Editor in 1.51 ms, found 3 plugins.
Preloading 0 native plugins for Editor in 0.00 ms.
Mono: successfully reloaded assembly
- Completed reload, in  2.095 seconds
Domain Reload Profiling:
	ReloadAssembly (2096ms)
		BeginReloadAssembly (178ms)
			ExecutionOrderSort (0ms)
			DisableScriptedObjects (7ms)
			BackupInstance (0ms)
			ReleaseScriptingObjects (0ms)
			CreateAndSetChildDomain (41ms)
		EndReloadAssembly (1711ms)
			LoadAssemblies (226ms)
			RebuildTransferFunctionScriptingTraits (0ms)
			SetupTypeCache (555ms)
			ReleaseScriptCaches (2ms)
			RebuildScriptCaches (90ms)
			SetupLoadedEditorAssemblies (684ms)
				LogAssemblyErrors (0ms)
				InitializePlatformSupportModulesInManaged (14ms)
				SetLoadedEditorAssemblies (1ms)
				RefreshPlugins (2ms)
				BeforeProcessingInitializeOnLoad (133ms)
				ProcessInitializeOnLoadAttributes (466ms)
				ProcessInitializeOnLoadMethodAttributes (44ms)
				AfterProcessingInitializeOnLoad (24ms)
				EditorAssembliesLoaded (1ms)
			ExecutionOrderSort2 (0ms)
			AwakeInstancesAfterBackupRestoration (17ms)
Platform modules already initialized, skipping
Refreshing native plugins compatible for Editor in 7.05 ms, found 3 plugins.
Preloading 0 native plugins for Editor in 0.00 ms.
Unloading 3044 Unused Serialized files (Serialized files now loaded: 0)
Unloading 15 unused Assets / (24.7 KB). Loaded Objects now: 3573.
Memory consumption went from 112.2 MB to 112.2 MB.
Total: 6.501200 ms (FindLiveObjects: 0.935000 ms CreateObjectMapping: 0.430400 ms MarkObjects: 5.001700 ms  DeleteObjects: 0.131000 ms)

AssetImportParameters requested are different than current active one (requested -> active):
  custom:video-decoder-ogg-theora: a1e56fd34408186e4bbccfd4996cb3dc -> 
  custom:container-muxer-webm: aa71ff27fc2769a1b78a27578f13a17b -> 
  custom:container-demuxer-webm: 4f35f7cbe854078d1ac9338744f61a02 -> 
  custom:video-encoder-webm-vp8: eb34c28f22e8b96e1ab97ce403110664 -> 
  custom:audio-encoder-webm-vorbis: bf7c407c2cedff20999df2af8eb42d56 -> 
  custom:framework-win-MediaFoundation: 216162199b28c13a410421893ffa2e32 -> 
  custom:container-demuxer-ogg: 62fdf1f143b41e24485cea50d1cbac27 -> 
  custom:video-decoder-webm-vp8: 9c59270c3fd7afecdb556c50c9e8de78 -> 
  custom:audio-decoder-ogg-vorbis: bf7c407c2cedff20999df2af8eb42d56 -> 
========================================================================
Received Prepare
Registering precompiled user dll's ...
Registered in 0.007803 seconds.
Begin MonoManager ReloadAssembly
Symbol file LoadedFromMemory doesn't match image C:\Users\pfran\Documents\GitHub\MULT-150\PFrancia_demo\pfrancia_hour5\Library\PackageCache\com.unity.visualscripting@1.8.0\Editor\VisualScripting.Core\Dependencies\YamlDotNet\Unity.VisualScripting.YamlDotNet.dll
Symbol file LoadedFromMemory doesn't match image C:\Users\pfran\Documents\GitHub\MULT-150\PFrancia_demo\pfrancia_hour5\Library\PackageCache\com.unity.visualscripting@1.8.0\Editor\VisualScripting.Core\Dependencies\DotNetZip\Unity.VisualScripting.IonicZip.dll
Native extension for WindowsStandalone target not found
Refreshing native plugins compatible for Editor in 1.65 ms, found 3 plugins.
Preloading 0 native plugins for Editor in 0.00 ms.
Mono: successfully reloaded assembly
- Completed reload, in  3.329 seconds
Domain Reload Profiling:
	ReloadAssembly (3332ms)
		BeginReloadAssembly (737ms)
			ExecutionOrderSort (0ms)
			DisableScriptedObjects (17ms)
			BackupInstance (0ms)
			ReleaseScriptingObjects (0ms)
			CreateAndSetChildDomain (305ms)
		EndReloadAssembly (2231ms)
			LoadAssemblies (400ms)
			RebuildTransferFunctionScriptingTraits (0ms)
			SetupTypeCache (871ms)
			ReleaseScriptCaches (4ms)
			RebuildScriptCaches (138ms)
			SetupLoadedEditorAssemblies (818ms)
				LogAssemblyErrors (0ms)
				InitializePlatformSupportModulesInManaged (19ms)
				SetLoadedEditorAssemblies (3ms)
				RefreshPlugins (2ms)
				BeforeProcessingInitializeOnLoad (232ms)
				ProcessInitializeOnLoadAttributes (487ms)
				ProcessInitializeOnLoadMethodAttributes (53ms)
				AfterProcessingInitializeOnLoad (23ms)
				EditorAssembliesLoaded (0ms)
			ExecutionOrderSort2 (0ms)
			AwakeInstancesAfterBackupRestoration (16ms)
Platform modules already initialized, skipping
Refreshing native plugins compatible for Editor in 12.11 ms, found 3 plugins.
Preloading 0 native plugins for Editor in 0.00 ms.
Unloading 3044 Unused Serialized files (Serialized files now loaded: 0)
Unloading 15 unused Assets / (24.8 KB). Loaded Objects now: 3576.
Memory consumption went from 112.2 MB to 112.2 MB.
Total: 7.805900 ms (FindLiveObjects: 1.386100 ms CreateObjectMapping: 0.298600 ms MarkObjects: 6.024100 ms  DeleteObjects: 0.094600 ms)

AssetImportParameters requested are different than current active one (requested -> active):
  custom:video-decoder-ogg-theora: a1e56fd34408186e4bbccfd4996cb3dc -> 
  custom:container-muxer-webm: aa71ff27fc2769a1b78a27578f13a17b -> 
  custom:container-demuxer-webm: 4f35f7cbe854078d1ac9338744f61a02 -> 
  custom:video-encoder-webm-vp8: eb34c28f22e8b96e1ab97ce403110664 -> 
  custom:audio-encoder-webm-vorbis: bf7c407c2cedff20999df2af8eb42d56 -> 
  custom:framework-win-MediaFoundation: 216162199b28c13a410421893ffa2e32 -> 
  custom:container-demuxer-ogg: 62fdf1f143b41e24485cea50d1cbac27 -> 
  custom:video-decoder-webm-vp8: 9c59270c3fd7afecdb556c50c9e8de78 -> 
  custom:audio-decoder-ogg-vorbis: bf7c407c2cedff20999df2af8eb42d56 -> 
========================================================================
Received Import Request.
  Time since last request: 2232.284465 seconds.
  path: Assets/New Terrain 1.asset
  artifactKey: Guid(e1b6d8034ecd85240bae0cea57577e01) Importer(815301076,1909f56bfc062723c751e8b465ee728b)
Start importing Assets/New Terrain 1.asset using Guid(e1b6d8034ecd85240bae0cea57577e01) Importer(815301076,1909f56bfc062723c751e8b465ee728b)  -> (artifact id: '881cc351c7c4a3718c105a801764f1a9') in 0.069575 seconds 
========================================================================
Received Import Request.
  Time since last request: 0.000038 seconds.
  path: Assets/New Terrain 2.asset
  artifactKey: Guid(3df2480d86428ac4b9de06d5e505f27e) Importer(815301076,1909f56bfc062723c751e8b465ee728b)
Start importing Assets/New Terrain 2.asset using Guid(3df2480d86428ac4b9de06d5e505f27e) Importer(815301076,1909f56bfc062723c751e8b465ee728b)  -> (artifact id: '272a6028b2391862cccf8b84a8185578') in 0.013212 seconds 
========================================================================
Received Import Request.
  Time since last request: 24.709166 seconds.
  path: Assets/New Terrain.asset
  artifactKey: Guid(ed8025ebd327fd543a641fb5f557d757) Importer(815301076,1909f56bfc062723c751e8b465ee728b)
Start importing Assets/New Terrain.asset using Guid(ed8025ebd327fd543a641fb5f557d757) Importer(815301076,1909f56bfc062723c751e8b465ee728b)  -> (artifact id: '96d78f6f32f7b24ada85596f607320eb') in 0.007540 seconds 
========================================================================
Received Prepare
Registering precompiled user dll's ...
Registered in 0.016588 seconds.
Begin MonoManager ReloadAssembly
Symbol file LoadedFromMemory doesn't match image C:\Users\pfran\Documents\GitHub\MULT-150\PFrancia_demo\pfrancia_hour5\Library\PackageCache\com.unity.visualscripting@1.8.0\Editor\VisualScripting.Core\Dependencies\YamlDotNet\Unity.VisualScripting.YamlDotNet.dll
Symbol file LoadedFromMemory doesn't match image C:\Users\pfran\Documents\GitHub\MULT-150\PFrancia_demo\pfrancia_hour5\Library\PackageCache\com.unity.visualscripting@1.8.0\Editor\VisualScripting.Core\Dependencies\DotNetZip\Unity.VisualScripting.IonicZip.dll
Native extension for WindowsStandalone target not found
Refreshing native plugins compatible for Editor in 1.13 ms, found 3 plugins.
Preloading 0 native plugins for Editor in 0.00 ms.
Mono: successfully reloaded assembly
- Completed reload, in  2.008 seconds
Domain Reload Profiling:
	ReloadAssembly (2009ms)
		BeginReloadAssembly (175ms)
			ExecutionOrderSort (0ms)
			DisableScriptedObjects (5ms)
			BackupInstance (0ms)
			ReleaseScriptingObjects (0ms)
			CreateAndSetChildDomain (38ms)
		EndReloadAssembly (1707ms)
			LoadAssemblies (147ms)
			RebuildTransferFunctionScriptingTraits (0ms)
			SetupTypeCache (604ms)
			ReleaseScriptCaches (2ms)
			RebuildScriptCaches (137ms)
			SetupLoadedEditorAssemblies (684ms)
				LogAssemblyErrors (0ms)
				InitializePlatformSupportModulesInManaged (15ms)
				SetLoadedEditorAssemblies (1ms)
				RefreshPlugins (1ms)
				BeforeProcessingInitializeOnLoad (142ms)
				ProcessInitializeOnLoadAttributes (459ms)
				ProcessInitializeOnLoadMethodAttributes (43ms)
				AfterProcessingInitializeOnLoad (22ms)
				EditorAssembliesLoaded (1ms)
			ExecutionOrderSort2 (0ms)
			AwakeInstancesAfterBackupRestoration (16ms)
Platform modules already initialized, skipping
Refreshing native plugins compatible for Editor in 6.50 ms, found 3 plugins.
Preloading 0 native plugins for Editor in 0.00 ms.
Unloading 3044 Unused Serialized files (Serialized files now loaded: 0)
Unloading 17 unused Assets / (0.5 MB). Loaded Objects now: 3579.
Memory consumption went from 112.7 MB to 112.2 MB.
Total: 10.160400 ms (FindLiveObjects: 2.954800 ms CreateObjectMapping: 0.659700 ms MarkObjects: 5.782300 ms  DeleteObjects: 0.760900 ms)

AssetImportParameters requested are different than current active one (requested -> active):
  custom:video-decoder-ogg-theora: a1e56fd34408186e4bbccfd4996cb3dc -> 
  custom:container-muxer-webm: aa71ff27fc2769a1b78a27578f13a17b -> 
  custom:container-demuxer-webm: 4f35f7cbe854078d1ac9338744f61a02 -> 
  custom:video-encoder-webm-vp8: eb34c28f22e8b96e1ab97ce403110664 -> 
  custom:audio-encoder-webm-vorbis: bf7c407c2cedff20999df2af8eb42d56 -> 
  custom:framework-win-MediaFoundation: 216162199b28c13a410421893ffa2e32 -> 
  custom:container-demuxer-ogg: 62fdf1f143b41e24485cea50d1cbac27 -> 
  custom:video-decoder-webm-vp8: 9c59270c3fd7afecdb556c50c9e8de78 -> 
  custom:audio-decoder-ogg-vorbis: bf7c407c2cedff20999df2af8eb42d56 -> 
========================================================================
Received Prepare
Registering precompiled user dll's ...
Registered in 0.010488 seconds.
Begin MonoManager ReloadAssembly
Symbol file LoadedFromMemory doesn't match image C:\Users\pfran\Documents\GitHub\MULT-150\PFrancia_demo\pfrancia_hour5\Library\PackageCache\com.unity.visualscripting@1.8.0\Editor\VisualScripting.Core\Dependencies\YamlDotNet\Unity.VisualScripting.YamlDotNet.dll
Symbol file LoadedFromMemory doesn't match image C:\Users\pfran\Documents\GitHub\MULT-150\PFrancia_demo\pfrancia_hour5\Library\PackageCache\com.unity.visualscripting@1.8.0\Editor\VisualScripting.Core\Dependencies\DotNetZip\Unity.VisualScripting.IonicZip.dll
Native extension for WindowsStandalone target not found
Refreshing native plugins compatible for Editor in 1.23 ms, found 3 plugins.
Preloading 0 native plugins for Editor in 0.00 ms.
Mono: successfully reloaded assembly
- Completed reload, in  2.243 seconds
Domain Reload Profiling:
	ReloadAssembly (2244ms)
		BeginReloadAssembly (204ms)
			ExecutionOrderSort (0ms)
			DisableScriptedObjects (6ms)
			BackupInstance (0ms)
			ReleaseScriptingObjects (0ms)
			CreateAndSetChildDomain (36ms)
		EndReloadAssembly (1830ms)
			LoadAssemblies (252ms)
			RebuildTransferFunctionScriptingTraits (0ms)
			SetupTypeCache (699ms)
			ReleaseScriptCaches (4ms)
			RebuildScriptCaches (102ms)
			SetupLoadedEditorAssemblies (649ms)
				LogAssemblyErrors (0ms)
				InitializePlatformSupportModulesInManaged (16ms)
				SetLoadedEditorAssemblies (1ms)
				RefreshPlugins (2ms)
				BeforeProcessingInitializeOnLoad (134ms)
				ProcessInitializeOnLoadAttributes (431ms)
				ProcessInitializeOnLoadMethodAttributes (44ms)
				AfterProcessingInitializeOnLoad (21ms)
				EditorAssembliesLoaded (0ms)
			ExecutionOrderSort2 (0ms)
			AwakeInstancesAfterBackupRestoration (15ms)
Platform modules already initialized, skipping
Refreshing native plugins compatible for Editor in 5.04 ms, found 3 plugins.
Preloading 0 native plugins for Editor in 0.00 ms.
Unloading 3044 Unused Serialized files (Serialized files now loaded: 0)
Unloading 15 unused Assets / (24.7 KB). Loaded Objects now: 3582.
Memory consumption went from 112.2 MB to 112.2 MB.
Total: 7.715800 ms (FindLiveObjects: 0.653600 ms CreateObjectMapping: 0.299200 ms MarkObjects: 6.659500 ms  DeleteObjects: 0.100400 ms)

AssetImportParameters requested are different than current active one (requested -> active):
  custom:video-decoder-ogg-theora: a1e56fd34408186e4bbccfd4996cb3dc -> 
  custom:container-muxer-webm: aa71ff27fc2769a1b78a27578f13a17b -> 
  custom:container-demuxer-webm: 4f35f7cbe854078d1ac9338744f61a02 -> 
  custom:video-encoder-webm-vp8: eb34c28f22e8b96e1ab97ce403110664 -> 
  custom:audio-encoder-webm-vorbis: bf7c407c2cedff20999df2af8eb42d56 -> 
  custom:framework-win-MediaFoundation: 216162199b28c13a410421893ffa2e32 -> 
  custom:container-demuxer-ogg: 62fdf1f143b41e24485cea50d1cbac27 -> 
  custom:video-decoder-webm-vp8: 9c59270c3fd7afecdb556c50c9e8de78 -> 
  custom:audio-decoder-ogg-vorbis: bf7c407c2cedff20999df2af8eb42d56 -> 
========================================================================
Received Import Request.
  Time since last request: 646.580966 seconds.
  path: Assets/FirstPersonCharacter/New Material.mat
  artifactKey: Guid(46529e43b26413343b6786f0f65d67f6) Importer(815301076,1909f56bfc062723c751e8b465ee728b)
Start importing Assets/FirstPersonCharacter/New Material.mat using Guid(46529e43b26413343b6786f0f65d67f6) Importer(815301076,1909f56bfc062723c751e8b465ee728b)  -> (artifact id: 'a62e1a141e8fe8631e17e7867051cbf4') in 0.116829 seconds 
========================================================================
Received Prepare
Registering precompiled user dll's ...
Registered in 0.006780 seconds.
Begin MonoManager ReloadAssembly
Symbol file LoadedFromMemory doesn't match image C:\Users\pfran\Documents\GitHub\MULT-150\PFrancia_demo\pfrancia_hour5\Library\PackageCache\com.unity.visualscripting@1.8.0\Editor\VisualScripting.Core\Dependencies\YamlDotNet\Unity.VisualScripting.YamlDotNet.dll
Symbol file LoadedFromMemory doesn't match image C:\Users\pfran\Documents\GitHub\MULT-150\PFrancia_demo\pfrancia_hour5\Library\PackageCache\com.unity.visualscripting@1.8.0\Editor\VisualScripting.Core\Dependencies\DotNetZip\Unity.VisualScripting.IonicZip.dll
Native extension for WindowsStandalone target not found
Refreshing native plugins compatible for Editor in 0.67 ms, found 3 plugins.
Preloading 0 native plugins for Editor in 0.00 ms.
Mono: successfully reloaded assembly
- Completed reload, in  1.546 seconds
Domain Reload Profiling:
	ReloadAssembly (1547ms)
		BeginReloadAssembly (165ms)
			ExecutionOrderSort (0ms)
			DisableScriptedObjects (6ms)
			BackupInstance (0ms)
			ReleaseScriptingObjects (0ms)
			CreateAndSetChildDomain (39ms)
		EndReloadAssembly (961ms)
			LoadAssemblies (119ms)
			RebuildTransferFunctionScriptingTraits (0ms)
			SetupTypeCache (390ms)
			ReleaseScriptCaches (1ms)
			RebuildScriptCaches (54ms)
			SetupLoadedEditorAssemblies (331ms)
				LogAssemblyErrors (0ms)
				InitializePlatformSupportModulesInManaged (6ms)
				SetLoadedEditorAssemblies (0ms)
				RefreshPlugins (1ms)
				BeforeProcessingInitializeOnLoad (76ms)
				ProcessInitializeOnLoadAttributes (214ms)
				ProcessInitializeOnLoadMethodAttributes (20ms)
				AfterProcessingInitializeOnLoad (14ms)
				EditorAssembliesLoaded (0ms)
			ExecutionOrderSort2 (0ms)
			AwakeInstancesAfterBackupRestoration (7ms)
Platform modules already initialized, skipping
Refreshing native plugins compatible for Editor in 2.77 ms, found 3 plugins.
Preloading 0 native plugins for Editor in 0.00 ms.
Unloading 3058 Unused Serialized files (Serialized files now loaded: 0)
Unloading 19 unused Assets / (455.8 KB). Loaded Objects now: 3596.
Memory consumption went from 113.8 MB to 113.3 MB.
Total: 3.336600 ms (FindLiveObjects: 0.471100 ms CreateObjectMapping: 0.090900 ms MarkObjects: 2.535500 ms  DeleteObjects: 0.236600 ms)

AssetImportParameters requested are different than current active one (requested -> active):
  custom:video-decoder-ogg-theora: a1e56fd34408186e4bbccfd4996cb3dc -> 
  custom:container-muxer-webm: aa71ff27fc2769a1b78a27578f13a17b -> 
  custom:container-demuxer-webm: 4f35f7cbe854078d1ac9338744f61a02 -> 
  custom:video-encoder-webm-vp8: eb34c28f22e8b96e1ab97ce403110664 -> 
  custom:audio-encoder-webm-vorbis: bf7c407c2cedff20999df2af8eb42d56 -> 
  custom:framework-win-MediaFoundation: 216162199b28c13a410421893ffa2e32 -> 
  custom:container-demuxer-ogg: 62fdf1f143b41e24485cea50d1cbac27 -> 
  custom:video-decoder-webm-vp8: 9c59270c3fd7afecdb556c50c9e8de78 -> 
  custom:audio-decoder-ogg-vorbis: bf7c407c2cedff20999df2af8eb42d56 -> 
========================================================================
Received Import Request.
  Time since last request: 22.298967 seconds.
  path: Assets/FirstPersonCharacter/New Material.mat
  artifactKey: Guid(46529e43b26413343b6786f0f65d67f6) Importer(815301076,1909f56bfc062723c751e8b465ee728b)
Start importing Assets/FirstPersonCharacter/New Material.mat using Guid(46529e43b26413343b6786f0f65d67f6) Importer(815301076,1909f56bfc062723c751e8b465ee728b)  -> (artifact id: '9d3fcc67c8aed439ecfc6a4bfda6de4d') in 0.085678 seconds 
========================================================================
Received Import Request.
  Time since last request: 105.423447 seconds.
  path: Assets/Environment/SpeedTree/Broadleaf/Broadleaf_Desktop_Atlas.tga
  artifactKey: Guid(d20e5329bb2905844a1ae38b80640d3f) Importer(815301076,1909f56bfc062723c751e8b465ee728b)
Start importing Assets/Environment/SpeedTree/Broadleaf/Broadleaf_Desktop_Atlas.tga using Guid(d20e5329bb2905844a1ae38b80640d3f) Importer(815301076,1909f56bfc062723c751e8b465ee728b)  -> (artifact id: 'a1ef997eb0149ee8d599ba9d024d7b47') in 0.043793 seconds 
========================================================================
Received Import Request.
  Time since last request: 0.000048 seconds.
  path: Assets/Environment/SpeedTree/Broadleaf/Broadleaf_Desktop_Atlas_Billboards_Normal.tga
  artifactKey: Guid(0ec79c3d1dd0fb640b7f3f72ebb28f74) Importer(815301076,1909f56bfc062723c751e8b465ee728b)
Start importing Assets/Environment/SpeedTree/Broadleaf/Broadleaf_Desktop_Atlas_Billboards_Normal.tga using Guid(0ec79c3d1dd0fb640b7f3f72ebb28f74) Importer(815301076,1909f56bfc062723c751e8b465ee728b)  -> (artifact id: '4314c38e3b465c0bcd07b603d708772e') in 0.028588 seconds 
========================================================================
Received Import Request.
  Time since last request: 0.000039 seconds.
  path: Assets/Environment/SpeedTree/Broadleaf/Broadleaf_Desktop_Atlas_Specular.tga
  artifactKey: Guid(d954891cb9e58434d86e01d839ed4997) Importer(815301076,1909f56bfc062723c751e8b465ee728b)
Start importing Assets/Environment/SpeedTree/Broadleaf/Broadleaf_Desktop_Atlas_Specular.tga using Guid(d954891cb9e58434d86e01d839ed4997) Importer(815301076,1909f56bfc062723c751e8b465ee728b)  -> (artifact id: '0345bda91b383def06e5eab20ccb90e2') in 0.018982 seconds 
========================================================================
Received Import Request.
  Time since last request: 0.000036 seconds.
  path: Assets/Environment/SpeedTree/Broadleaf/Broadleaf_Desktop_Atlas_Billboards.tga
  artifactKey: Guid(951aab9a19f551f4385d0ceafdaf19b4) Importer(815301076,1909f56bfc062723c751e8b465ee728b)
Start importing Assets/Environment/SpeedTree/Broadleaf/Broadleaf_Desktop_Atlas_Billboards.tga using Guid(951aab9a19f551f4385d0ceafdaf19b4) Importer(815301076,1909f56bfc062723c751e8b465ee728b)  -> (artifact id: '4e569d06f4360ead15d1db16435a7d36') in 0.017853 seconds 
========================================================================
Received Import Request.
  Time since last request: 0.000038 seconds.
  path: Assets/Environment/SpeedTree/Broadleaf/Broadleaf_Mobile_Atlas_Billboards.tga
  artifactKey: Guid(bc6e7e1374ff3e1459f65bf72da64c85) Importer(815301076,1909f56bfc062723c751e8b465ee728b)
Start importing Assets/Environment/SpeedTree/Broadleaf/Broadleaf_Mobile_Atlas_Billboards.tga using Guid(bc6e7e1374ff3e1459f65bf72da64c85) Importer(815301076,1909f56bfc062723c751e8b465ee728b)  -> (artifact id: '8319c5292b4c1c5298094440ae50c6dd') in 0.014050 seconds 
========================================================================
Received Import Request.
  Time since last request: 0.000043 seconds.
  path: Assets/Environment/SpeedTree/Broadleaf/Broadleaf_Desktop_Atlas_Normal.tga
  artifactKey: Guid(b552931caa1b3ea418b9ba90cbd1333e) Importer(815301076,1909f56bfc062723c751e8b465ee728b)
Start importing Assets/Environment/SpeedTree/Broadleaf/Broadleaf_Desktop_Atlas_Normal.tga using Guid(b552931caa1b3ea418b9ba90cbd1333e) Importer(815301076,1909f56bfc062723c751e8b465ee728b)  -> (artifact id: '256c7cbcebd240317888b9e94161b81c') in 0.015558 seconds 
========================================================================
Received Import Request.
  Time since last request: 0.000034 seconds.
  path: Assets/Environment/SpeedTree/Broadleaf/Broadleaf_Mobile_Atlas.tga
  artifactKey: Guid(2c116325e19b8a04d916864cc540ec2d) Importer(815301076,1909f56bfc062723c751e8b465ee728b)
Start importing Assets/Environment/SpeedTree/Broadleaf/Broadleaf_Mobile_Atlas.tga using Guid(2c116325e19b8a04d916864cc540ec2d) Importer(815301076,1909f56bfc062723c751e8b465ee728b)  -> (artifact id: 'd6c3df7bd8e3780a63ed4fbd77be4e0d') in 0.023265 seconds 
========================================================================
Received Import Request.
  Time since last request: 0.000029 seconds.
  path: Assets/Environment/SpeedTree/Broadleaf/Broadleaf_Mobile_Atlas_Billboards_Normal.tga
  artifactKey: Guid(c9de3ae2361df6c469caeb2024321cbf) Importer(815301076,1909f56bfc062723c751e8b465ee728b)
Start importing Assets/Environment/SpeedTree/Broadleaf/Broadleaf_Mobile_Atlas_Billboards_Normal.tga using Guid(c9de3ae2361df6c469caeb2024321cbf) Importer(815301076,1909f56bfc062723c751e8b465ee728b)  -> (artifact id: '1c68a001d62bf3c291fc3b66e933fa4b') in 0.013521 seconds 
========================================================================
Received Import Request.
  Time since last request: 0.896636 seconds.
  path: Assets/Environment/SpeedTree/Broadleaf/Broadleaf_Mobile_Atlas_Normal.tga
  artifactKey: Guid(be053ea3235ccb64a889bf0b15c2764b) Importer(815301076,1909f56bfc062723c751e8b465ee728b)
Start importing Assets/Environment/SpeedTree/Broadleaf/Broadleaf_Mobile_Atlas_Normal.tga using Guid(be053ea3235ccb64a889bf0b15c2764b) Importer(815301076,1909f56bfc062723c751e8b465ee728b)  -> (artifact id: 'dcbb7e152fa669d376ff88eb372be5d4') in 0.038988 seconds 
========================================================================
Received Import Request.
  Time since last request: 0.000029 seconds.
  path: Assets/Environment/SpeedTree/Broadleaf/Broadleaf_Mobile_Atlas_Specular.tga
  artifactKey: Guid(45cab4c9b31009748999eec1556926b3) Importer(815301076,1909f56bfc062723c751e8b465ee728b)
Start importing Assets/Environment/SpeedTree/Broadleaf/Broadleaf_Mobile_Atlas_Specular.tga using Guid(45cab4c9b31009748999eec1556926b3) Importer(815301076,1909f56bfc062723c751e8b465ee728b)  -> (artifact id: '52bcdbb9c00304c863f8f93fe21a93c1') in 0.016577 seconds 
========================================================================
Received Import Request.
  Time since last request: 0.023863 seconds.
  path: Assets/Environment/SpeedTree/Broadleaf/BroadleafBark.tga
  artifactKey: Guid(2c1c27ec8c3b75a4c80a795adc9ca788) Importer(815301076,1909f56bfc062723c751e8b465ee728b)
Start importing Assets/Environment/SpeedTree/Broadleaf/BroadleafBark.tga using Guid(2c1c27ec8c3b75a4c80a795adc9ca788) Importer(815301076,1909f56bfc062723c751e8b465ee728b)  -> (artifact id: 'a94caf09d700cfc0e94e487be7f21d1d') in 0.013053 seconds 
========================================================================
Received Import Request.
  Time since last request: 0.000021 seconds.
  path: Assets/Environment/SpeedTree/Broadleaf/Broadleaves_Card_Desktop_Normal.tga
  artifactKey: Guid(f0d8945c7972e4747aa776e16494fa37) Importer(815301076,1909f56bfc062723c751e8b465ee728b)
Start importing Assets/Environment/SpeedTree/Broadleaf/Broadleaves_Card_Desktop_Normal.tga using Guid(f0d8945c7972e4747aa776e16494fa37) Importer(815301076,1909f56bfc062723c751e8b465ee728b)  -> (artifact id: '6501172d1da9f660e7f765d90635afaa') in 0.013685 seconds 
========================================================================
Received Import Request.
  Time since last request: 0.000032 seconds.
  path: Assets/Environment/SpeedTree/Broadleaf/Broadleaves_Card_Desktop.tga
  artifactKey: Guid(ea60173ceac07334c91568c48cc765cd) Importer(815301076,1909f56bfc062723c751e8b465ee728b)
Start importing Assets/Environment/SpeedTree/Broadleaf/Broadleaves_Card_Desktop.tga using Guid(ea60173ceac07334c91568c48cc765cd) Importer(815301076,1909f56bfc062723c751e8b465ee728b)  -> (artifact id: '0abe6bcfb04f561c445d2e571da8b942') in 0.014040 seconds 
========================================================================
Received Import Request.
  Time since last request: 0.000040 seconds.
  path: Assets/Environment/SpeedTree/Broadleaf/BroadleafBark_Normal.tga
  artifactKey: Guid(34f07406286974e4ca236867d8d58b51) Importer(815301076,1909f56bfc062723c751e8b465ee728b)
Start importing Assets/Environment/SpeedTree/Broadleaf/BroadleafBark_Normal.tga using Guid(34f07406286974e4ca236867d8d58b51) Importer(815301076,1909f56bfc062723c751e8b465ee728b)  -> (artifact id: '64cf5fc479931311b0e2cfa4496ae57c') in 0.013556 seconds 
========================================================================
Received Import Request.
  Time since last request: 56.746591 seconds.
  path: Packages/com.unity.collab-proxy/Editor/PlasticSCM/Assets/Images/d_iconemptygravatar@2x.png
  artifactKey: Guid(0ac55f9f886d827408c102bdf33c5ff7) Importer(815301076,1909f56bfc062723c751e8b465ee728b)
Start importing Packages/com.unity.collab-proxy/Editor/PlasticSCM/Assets/Images/d_iconemptygravatar@2x.png using Guid(0ac55f9f886d827408c102bdf33c5ff7) Importer(815301076,1909f56bfc062723c751e8b465ee728b)  -> (artifact id: '4be51f032cd29bc8dba72ffabc88e432') in 0.070668 seconds 
========================================================================
Received Import Request.
  Time since last request: 0.000038 seconds.
  path: Packages/com.unity.timeline/Editor/StyleSheets/Images/LightSkin/TimelineDisabledBackground.png
  artifactKey: Guid(0304baf8d224f3e47b22d872c8dcd412) Importer(815301076,1909f56bfc062723c751e8b465ee728b)
Start importing Packages/com.unity.timeline/Editor/StyleSheets/Images/LightSkin/TimelineDisabledBackground.png using Guid(0304baf8d224f3e47b22d872c8dcd412) Importer(815301076,1909f56bfc062723c751e8b465ee728b)  -> (artifact id: 'f9731456a8f8964253cd67116b41945b') in 0.015739 seconds 
========================================================================
Received Import Request.
  Time since last request: 0.000038 seconds.
  path: Assets/Environment/TerrainAssets/SurfaceTextures/GrassRockyAlbedo.psd
  artifactKey: Guid(440eb36db91ca410f800ff3cfe43572f) Importer(815301076,1909f56bfc062723c751e8b465ee728b)
Start importing Assets/Environment/TerrainAssets/SurfaceTextures/GrassRockyAlbedo.psd using Guid(440eb36db91ca410f800ff3cfe43572f) Importer(815301076,1909f56bfc062723c751e8b465ee728b)  -> (artifact id: '229de9b95a72a584333143170ac8132e') in 0.017247 seconds 
========================================================================
Received Import Request.
  Time since last request: 0.000036 seconds.
  path: Packages/com.unity.collab-proxy/Editor/PlasticSCM/Assets/Images/iconemptygravatar.png
  artifactKey: Guid(91976e8b9ce0f0341838727acd55621c) Importer(815301076,1909f56bfc062723c751e8b465ee728b)
Start importing Packages/com.unity.collab-proxy/Editor/PlasticSCM/Assets/Images/iconemptygravatar.png using Guid(91976e8b9ce0f0341838727acd55621c) Importer(815301076,1909f56bfc062723c751e8b465ee728b)  -> (artifact id: '4034413cc8a238199a3d3e4ec52ef304') in 0.012475 seconds 
========================================================================
Received Import Request.
  Time since last request: 0.000033 seconds.
  path: Assets/Environment/TerrainAssets/BillboardTextures/GrassFrond01AlbedoAlpha.psd
  artifactKey: Guid(2c528fec5d95e4ac28cf46399b887662) Importer(815301076,1909f56bfc062723c751e8b465ee728b)
Start importing Assets/Environment/TerrainAssets/BillboardTextures/GrassFrond01AlbedoAlpha.psd using Guid(2c528fec5d95e4ac28cf46399b887662) Importer(815301076,1909f56bfc062723c751e8b465ee728b)  -> (artifact id: '46d8f9b2ab48a87d54853c0e03ce3093') in 0.012748 seconds 
========================================================================
Received Import Request.
  Time since last request: 0.000041 seconds.
  path: Assets/Environment/TerrainAssets/BillboardTextures/GrassFrond02AlbedoAlpha.psd
  artifactKey: Guid(d6cdc79ec19714fcd980ca3f6ac01a0a) Importer(815301076,1909f56bfc062723c751e8b465ee728b)
Start importing Assets/Environment/TerrainAssets/BillboardTextures/GrassFrond02AlbedoAlpha.psd using Guid(d6cdc79ec19714fcd980ca3f6ac01a0a) Importer(815301076,1909f56bfc062723c751e8b465ee728b)  -> (artifact id: '254748f2d9da2aa8bc23e1e9bb85d64e') in 0.012316 seconds 
========================================================================
Received Import Request.
  Time since last request: 0.000036 seconds.
  path: Packages/com.unity.timeline/Editor/StyleSheets/Images/DarkSkin/TimelineDisabledBackground.png
  artifactKey: Guid(412f73153f3a3c549b67b2a847741145) Importer(815301076,1909f56bfc062723c751e8b465ee728b)
Start importing Packages/com.unity.timeline/Editor/StyleSheets/Images/DarkSkin/TimelineDisabledBackground.png using Guid(412f73153f3a3c549b67b2a847741145) Importer(815301076,1909f56bfc062723c751e8b465ee728b)  -> (artifact id: 'd1be5b026463ed0e74a4080fe20ad367') in 0.012861 seconds 
========================================================================
Received Import Request.
  Time since last request: 0.000060 seconds.
  path: Assets/Environment/TerrainAssets/SurfaceTextures/GrassHillAlbedo.psd
  artifactKey: Guid(c6e0767b1f8c34890ac245217f4b9731) Importer(815301076,1909f56bfc062723c751e8b465ee728b)
Start importing Assets/Environment/TerrainAssets/SurfaceTextures/GrassHillAlbedo.psd using Guid(c6e0767b1f8c34890ac245217f4b9731) Importer(815301076,1909f56bfc062723c751e8b465ee728b)  -> (artifact id: '56428c62d9544b87812c73ae7ee43c0f') in 0.014631 seconds 
========================================================================
Received Import Request.
  Time since last request: 0.000028 seconds.
  path: Packages/com.unity.collab-proxy/Editor/PlasticSCM/Assets/Images/iconemptygravatar@2x.png
  artifactKey: Guid(da545229eea36164d8b8cba2f75a1143) Importer(815301076,1909f56bfc062723c751e8b465ee728b)
Start importing Packages/com.unity.collab-proxy/Editor/PlasticSCM/Assets/Images/iconemptygravatar@2x.png using Guid(da545229eea36164d8b8cba2f75a1143) Importer(815301076,1909f56bfc062723c751e8b465ee728b)  -> (artifact id: 'c5bfdd4e44639214477f69da9f46d945') in 0.015206 seconds 
========================================================================
Received Import Request.
  Time since last request: 0.197669 seconds.
  path: Assets/Environment/Water (Basic)/Textures/WaterBasicDaytimeGradient.psd
  artifactKey: Guid(047330f39d11745ad0004adb8d76c639) Importer(815301076,1909f56bfc062723c751e8b465ee728b)
Start importing Assets/Environment/Water (Basic)/Textures/WaterBasicDaytimeGradient.psd using Guid(047330f39d11745ad0004adb8d76c639) Importer(815301076,1909f56bfc062723c751e8b465ee728b)  -> (artifact id: 'a27933bf879bb77f89f5766146b7ba6e') in 0.012484 seconds 
========================================================================
Received Import Request.
  Time since last request: 0.000027 seconds.
  path: Assets/Environment/Water (Basic)/Textures/WaterBasicNighttimeGradient.psd
  artifactKey: Guid(8403d3349d112ba4d000be1be39e7c39) Importer(815301076,1909f56bfc062723c751e8b465ee728b)
Start importing Assets/Environment/Water (Basic)/Textures/WaterBasicNighttimeGradient.psd using Guid(8403d3349d112ba4d000be1be39e7c39) Importer(815301076,1909f56bfc062723c751e8b465ee728b)  -> (artifact id: 'e1147480408da60767d67e287861ab09') in 0.012646 seconds 
========================================================================
Received Import Request.
  Time since last request: 2.143858 seconds.
  path: Assets/FirstPersonCharacter/NewBrush.brush
  artifactKey: Guid(70cecd32b352a5f42ac739c0418b3992) Importer(815301076,1909f56bfc062723c751e8b465ee728b)
Start importing Assets/FirstPersonCharacter/NewBrush.brush using Guid(70cecd32b352a5f42ac739c0418b3992) Importer(815301076,1909f56bfc062723c751e8b465ee728b)  -> (artifact id: 'f054408c0314522aa47f66005a82ba03') in 0.024455 seconds 
========================================================================
Received Import Request.
  Time since last request: 38.198215 seconds.
  path: Packages/com.unity.timeline/Editor/StyleSheets/Images/Shared/TimelineGroupBackground.png
  artifactKey: Guid(6ca5daa3415451940921fa7e2c3db9e8) Importer(815301076,1909f56bfc062723c751e8b465ee728b)
Start importing Packages/com.unity.timeline/Editor/StyleSheets/Images/Shared/TimelineGroupBackground.png using Guid(6ca5daa3415451940921fa7e2c3db9e8) Importer(815301076,1909f56bfc062723c751e8b465ee728b)  -> (artifact id: '63c3e564cf82c22db86586172fba9281') in 0.031533 seconds 
========================================================================
Received Import Request.
  Time since last request: 0.414882 seconds.
  path: Assets/Environment/Water/Water/Textures/WaterProDaytimeGradient.psd
  artifactKey: Guid(ab97f9ab7c2ce724ebc9446060a819a4) Importer(815301076,1909f56bfc062723c751e8b465ee728b)
Start importing Assets/Environment/Water/Water/Textures/WaterProDaytimeGradient.psd using Guid(ab97f9ab7c2ce724ebc9446060a819a4) Importer(815301076,1909f56bfc062723c751e8b465ee728b)  -> (artifact id: 'f323db16d308ddfd70f8469aaa5ef386') in 0.011066 seconds 
========================================================================
Received Import Request.
  Time since last request: 0.000037 seconds.
  path: Assets/Environment/Water/Water/Textures/WaterProNighttimeGradient.psd
  artifactKey: Guid(b725b62cfc9d04e4886735ab2a8107d1) Importer(815301076,1909f56bfc062723c751e8b465ee728b)
Start importing Assets/Environment/Water/Water/Textures/WaterProNighttimeGradient.psd using Guid(b725b62cfc9d04e4886735ab2a8107d1) Importer(815301076,1909f56bfc062723c751e8b465ee728b)  -> (artifact id: '5afeda66fa85c2fd91a0f94d163f71ee') in 0.031944 seconds 
========================================================================
Received Import Request.
  Time since last request: 20.041087 seconds.
  path: Packages/com.unity.collab-proxy/Editor/PlasticSCM/Assets/Images/d_iconemptygravatar.png
  artifactKey: Guid(9aebd705574f9e642aef1e5f59b3e4d8) Importer(815301076,1909f56bfc062723c751e8b465ee728b)
Start importing Packages/com.unity.collab-proxy/Editor/PlasticSCM/Assets/Images/d_iconemptygravatar.png using Guid(9aebd705574f9e642aef1e5f59b3e4d8) Importer(815301076,1909f56bfc062723c751e8b465ee728b)  -> (artifact id: '44e4baacd1dc2df17373783811bf0bd3') in 0.014580 seconds 
========================================================================
Received Prepare
Registering precompiled user dll's ...
Registered in 0.016723 seconds.
Begin MonoManager ReloadAssembly
Symbol file LoadedFromMemory doesn't match image C:\Users\pfran\Documents\GitHub\MULT-150\PFrancia_demo\pfrancia_hour5\Library\PackageCache\com.unity.visualscripting@1.8.0\Editor\VisualScripting.Core\Dependencies\YamlDotNet\Unity.VisualScripting.YamlDotNet.dll
Symbol file LoadedFromMemory doesn't match image C:\Users\pfran\Documents\GitHub\MULT-150\PFrancia_demo\pfrancia_hour5\Library\PackageCache\com.unity.visualscripting@1.8.0\Editor\VisualScripting.Core\Dependencies\DotNetZip\Unity.VisualScripting.IonicZip.dll
Native extension for WindowsStandalone target not found
Refreshing native plugins compatible for Editor in 1.32 ms, found 3 plugins.
Preloading 0 native plugins for Editor in 0.00 ms.
Mono: successfully reloaded assembly
- Completed reload, in  2.395 seconds
Domain Reload Profiling:
	ReloadAssembly (2396ms)
		BeginReloadAssembly (373ms)
			ExecutionOrderSort (0ms)
			DisableScriptedObjects (9ms)
			BackupInstance (0ms)
			ReleaseScriptingObjects (0ms)
			CreateAndSetChildDomain (107ms)
		EndReloadAssembly (1790ms)
			LoadAssemblies (262ms)
			RebuildTransferFunctionScriptingTraits (0ms)
			SetupTypeCache (631ms)
			ReleaseScriptCaches (4ms)
			RebuildScriptCaches (96ms)
			SetupLoadedEditorAssemblies (731ms)
				LogAssemblyErrors (0ms)
				InitializePlatformSupportModulesInManaged (17ms)
				SetLoadedEditorAssemblies (2ms)
				RefreshPlugins (2ms)
				BeforeProcessingInitializeOnLoad (156ms)
				ProcessInitializeOnLoadAttributes (488ms)
				ProcessInitializeOnLoadMethodAttributes (44ms)
				AfterProcessingInitializeOnLoad (21ms)
				EditorAssembliesLoaded (0ms)
			ExecutionOrderSort2 (0ms)
			AwakeInstancesAfterBackupRestoration (16ms)
Platform modules already initialized, skipping
Refreshing native plugins compatible for Editor in 4.17 ms, found 3 plugins.
Preloading 0 native plugins for Editor in 0.00 ms.
Unloading 3057 Unused Serialized files (Serialized files now loaded: 0)
Unloading 19 unused Assets / (449.4 KB). Loaded Objects now: 3612.
Memory consumption went from 113.8 MB to 113.4 MB.
Total: 9.295100 ms (FindLiveObjects: 0.555100 ms CreateObjectMapping: 0.343300 ms MarkObjects: 7.605400 ms  DeleteObjects: 0.789300 ms)

AssetImportParameters requested are different than current active one (requested -> active):
  custom:video-decoder-ogg-theora: a1e56fd34408186e4bbccfd4996cb3dc -> 
  custom:container-muxer-webm: aa71ff27fc2769a1b78a27578f13a17b -> 
  custom:container-demuxer-webm: 4f35f7cbe854078d1ac9338744f61a02 -> 
  custom:video-encoder-webm-vp8: eb34c28f22e8b96e1ab97ce403110664 -> 
  custom:audio-encoder-webm-vorbis: bf7c407c2cedff20999df2af8eb42d56 -> 
  custom:framework-win-MediaFoundation: 216162199b28c13a410421893ffa2e32 -> 
  custom:container-demuxer-ogg: 62fdf1f143b41e24485cea50d1cbac27 -> 
  custom:video-decoder-webm-vp8: 9c59270c3fd7afecdb556c50c9e8de78 -> 
  custom:audio-decoder-ogg-vorbis: bf7c407c2cedff20999df2af8eb42d56 -> 
========================================================================
Received Prepare
Registering precompiled user dll's ...
Registered in 0.011288 seconds.
Begin MonoManager ReloadAssembly
Symbol file LoadedFromMemory doesn't match image C:\Users\pfran\Documents\GitHub\MULT-150\PFrancia_demo\pfrancia_hour5\Library\PackageCache\com.unity.visualscripting@1.8.0\Editor\VisualScripting.Core\Dependencies\YamlDotNet\Unity.VisualScripting.YamlDotNet.dll
Symbol file LoadedFromMemory doesn't match image C:\Users\pfran\Documents\GitHub\MULT-150\PFrancia_demo\pfrancia_hour5\Library\PackageCache\com.unity.visualscripting@1.8.0\Editor\VisualScripting.Core\Dependencies\DotNetZip\Unity.VisualScripting.IonicZip.dll
Native extension for WindowsStandalone target not found
Refreshing native plugins compatible for Editor in 3.25 ms, found 3 plugins.
Preloading 0 native plugins for Editor in 0.00 ms.
Mono: successfully reloaded assembly
- Completed reload, in  2.416 seconds
Domain Reload Profiling:
	ReloadAssembly (2417ms)
		BeginReloadAssembly (198ms)
			ExecutionOrderSort (0ms)
			DisableScriptedObjects (5ms)
			BackupInstance (0ms)
			ReleaseScriptingObjects (0ms)
			CreateAndSetChildDomain (38ms)
		EndReloadAssembly (2108ms)
			LoadAssemblies (130ms)
			RebuildTransferFunctionScriptingTraits (0ms)
			SetupTypeCache (807ms)
			ReleaseScriptCaches (3ms)
			RebuildScriptCaches (98ms)
			SetupLoadedEditorAssemblies (888ms)
				LogAssemblyErrors (0ms)
				InitializePlatformSupportModulesInManaged (18ms)
				SetLoadedEditorAssemblies (1ms)
				RefreshPlugins (3ms)
				BeforeProcessingInitializeOnLoad (190ms)
				ProcessInitializeOnLoadAttributes (616ms)
				ProcessInitializeOnLoadMethodAttributes (40ms)
				AfterProcessingInitializeOnLoad (18ms)
				EditorAssembliesLoaded (0ms)
			ExecutionOrderSort2 (0ms)
			AwakeInstancesAfterBackupRestoration (17ms)
Platform modules already initialized, skipping
Refreshing native plugins compatible for Editor in 8.36 ms, found 3 plugins.
Preloading 0 native plugins for Editor in 0.00 ms.
Unloading 3057 Unused Serialized files (Serialized files now loaded: 0)
Unloading 19 unused Assets / (425.8 KB). Loaded Objects now: 3615.
Memory consumption went from 113.8 MB to 113.4 MB.
Total: 6.471000 ms (FindLiveObjects: 0.453600 ms CreateObjectMapping: 0.142300 ms MarkObjects: 5.302800 ms  DeleteObjects: 0.570300 ms)

AssetImportParameters requested are different than current active one (requested -> active):
  custom:video-decoder-ogg-theora: a1e56fd34408186e4bbccfd4996cb3dc -> 
  custom:container-muxer-webm: aa71ff27fc2769a1b78a27578f13a17b -> 
  custom:container-demuxer-webm: 4f35f7cbe854078d1ac9338744f61a02 -> 
  custom:video-encoder-webm-vp8: eb34c28f22e8b96e1ab97ce403110664 -> 
  custom:audio-encoder-webm-vorbis: bf7c407c2cedff20999df2af8eb42d56 -> 
  custom:framework-win-MediaFoundation: 216162199b28c13a410421893ffa2e32 -> 
  custom:container-demuxer-ogg: 62fdf1f143b41e24485cea50d1cbac27 -> 
  custom:video-decoder-webm-vp8: 9c59270c3fd7afecdb556c50c9e8de78 -> 
  custom:audio-decoder-ogg-vorbis: bf7c407c2cedff20999df2af8eb42d56 -> 
========================================================================
Received Import Request.
  Time since last request: 513.134090 seconds.
  path: Assets/Environment/SpeedTree/Broadleaf/Broadleaf_Desktop.spm
  artifactKey: Guid(c91c1eb85782d5748ace27eb4d7415bb) Importer(815301076,1909f56bfc062723c751e8b465ee728b)
Start importing Assets/Environment/SpeedTree/Broadleaf/Broadleaf_Desktop.spm using Guid(c91c1eb85782d5748ace27eb4d7415bb) Importer(815301076,1909f56bfc062723c751e8b465ee728b)  -> (artifact id: 'd5f8f4ab674f49eaf28baf2ab9a9b4f8') in 2.411888 seconds 
========================================================================
Received Import Request.
  Time since last request: 0.000056 seconds.
  path: Assets/Environment/Water (Basic)/Prefabs/WaterBasicDaytime.prefab
  artifactKey: Guid(9485b0c79d11e2e4d0007da98d76c639) Importer(815301076,1909f56bfc062723c751e8b465ee728b)
Start importing Assets/Environment/Water (Basic)/Prefabs/WaterBasicDaytime.prefab using Guid(9485b0c79d11e2e4d0007da98d76c639) Importer(815301076,1909f56bfc062723c751e8b465ee728b)  -> (artifact id: '4af2b344a18a805afbda866b66e7b6c1') in 0.053234 seconds 
========================================================================
Received Import Request.
  Time since last request: 0.000049 seconds.
  path: Assets/Environment/Water/Water/Prefabs/WaterProDaytime.prefab
  artifactKey: Guid(780611a67e8e941a2b3aa96e5915a793) Importer(815301076,1909f56bfc062723c751e8b465ee728b)
Start importing Assets/Environment/Water/Water/Prefabs/WaterProDaytime.prefab using Guid(780611a67e8e941a2b3aa96e5915a793) Importer(815301076,1909f56bfc062723c751e8b465ee728b)  -> (artifact id: '49b62b99a305c5d2e2f52c04db8e25df') in 0.054326 seconds 
========================================================================
Received Import Request.
  Time since last request: 0.000056 seconds.
  path: Assets/Environment/Water (Basic)/Models/WaterBasicPlane.fbx
  artifactKey: Guid(ce8d79c79d11b8f9d00076e98d76c639) Importer(815301076,1909f56bfc062723c751e8b465ee728b)
Start importing Assets/Environment/Water (Basic)/Models/WaterBasicPlane.fbx using Guid(ce8d79c79d11b8f9d00076e98d76c639) Importer(815301076,1909f56bfc062723c751e8b465ee728b)  -> (artifact id: '57af54723cbcd108b6eb07e0b16d2129') in 0.123040 seconds 
========================================================================
Received Import Request.
  Time since last request: 0.000031 seconds.
  path: Assets/Environment/Water (Basic)/Prefabs/WaterBasicNightime.prefab
  artifactKey: Guid(6b436d069d11415d1100ab9b44295342) Importer(815301076,1909f56bfc062723c751e8b465ee728b)
Start importing Assets/Environment/Water (Basic)/Prefabs/WaterBasicNightime.prefab using Guid(6b436d069d11415d1100ab9b44295342) Importer(815301076,1909f56bfc062723c751e8b465ee728b)  -> (artifact id: 'ea5079b5d2c49cd8eaa1c2ea07371f00') in 0.025039 seconds 
========================================================================
Received Import Request.
  Time since last request: 0.000032 seconds.
  path: Assets/Environment/SpeedTree/Palm/Palm_Desktop.spm
  artifactKey: Guid(d027af1092f6b434090f040565e7e656) Importer(815301076,1909f56bfc062723c751e8b465ee728b)
Start importing Assets/Environment/SpeedTree/Palm/Palm_Desktop.spm using Guid(d027af1092f6b434090f040565e7e656) Importer(815301076,1909f56bfc062723c751e8b465ee728b)  -> (artifact id: '47591bea93f6454f68d489d042cd8458') in 0.089540 seconds 
========================================================================
Received Import Request.
  Time since last request: 0.000051 seconds.
  path: Assets/Environment/Water/Water/Prefabs/WaterProNighttime.prefab
  artifactKey: Guid(bcae914220acd4907840a029bb9d9aec) Importer(815301076,1909f56bfc062723c751e8b465ee728b)
Start importing Assets/Environment/Water/Water/Prefabs/WaterProNighttime.prefab using Guid(bcae914220acd4907840a029bb9d9aec) Importer(815301076,1909f56bfc062723c751e8b465ee728b)  -> (artifact id: '984d0bf151ba8f837f26349998eca193') in 0.022998 seconds 
========================================================================
Received Import Request.
  Time since last request: 0.000030 seconds.
  path: Assets/Environment/Water/Water4/Prefabs/Water4Simple.prefab
  artifactKey: Guid(843740dbe549a4a6ba9556d1b80001f5) Importer(815301076,1909f56bfc062723c751e8b465ee728b)
Start importing Assets/Environment/Water/Water4/Prefabs/Water4Simple.prefab using Guid(843740dbe549a4a6ba9556d1b80001f5) Importer(815301076,1909f56bfc062723c751e8b465ee728b)  -> (artifact id: 'fab36f9606b8b739dd8b0e18a3779492') in 0.084705 seconds 
========================================================================
Received Import Request.
  Time since last request: 0.000028 seconds.
  path: Assets/Environment/Water/Water/Models/WaterPlane.fbx
  artifactKey: Guid(ba6a41dc489914734857bb5924eb70ad) Importer(815301076,1909f56bfc062723c751e8b465ee728b)
Start importing Assets/Environment/Water/Water/Models/WaterPlane.fbx using Guid(ba6a41dc489914734857bb5924eb70ad) Importer(815301076,1909f56bfc062723c751e8b465ee728b)  -> (artifact id: '7422c7fb0fb24e2a9903d6404032dd7e') in 0.263708 seconds 
========================================================================
Received Import Request.
  Time since last request: 0.000035 seconds.
  path: Assets/Environment/Water/Water4/Prefabs/Water4Advanced.prefab
  artifactKey: Guid(b544816461f324e56a39767fdeb5b114) Importer(815301076,1909f56bfc062723c751e8b465ee728b)
Start importing Assets/Environment/Water/Water4/Prefabs/Water4Advanced.prefab using Guid(b544816461f324e56a39767fdeb5b114) Importer(815301076,1909f56bfc062723c751e8b465ee728b)  -> (artifact id: '07d27e10d22960c165db4d5043c1e363') in 0.085200 seconds 
========================================================================
Received Import Request.
  Time since last request: 0.000033 seconds.
  path: Assets/Environment/SpeedTree/Broadleaf/Broadleaf_Mobile.spm
  artifactKey: Guid(6aab193b7693b5e4c9741f1917d2987c) Importer(815301076,1909f56bfc062723c751e8b465ee728b)
Start importing Assets/Environment/SpeedTree/Broadleaf/Broadleaf_Mobile.spm using Guid(6aab193b7693b5e4c9741f1917d2987c) Importer(815301076,1909f56bfc062723c751e8b465ee728b)  -> (artifact id: 'a3bf4a39e900a282ae932d64077a5bf0') in 0.078032 seconds 
========================================================================
Received Import Request.
  Time since last request: 0.000026 seconds.
  path: Assets/Environment/Water/Water4/Models/OceanPlane.FBX
  artifactKey: Guid(681e41ee1260343b395ca58745c94870) Importer(815301076,1909f56bfc062723c751e8b465ee728b)
Start importing Assets/Environment/Water/Water4/Models/OceanPlane.FBX using Guid(681e41ee1260343b395ca58745c94870) Importer(815301076,1909f56bfc062723c751e8b465ee728b)  -> (artifact id: '7652ad3285b58af674888322584e3854') in 0.030156 seconds 
========================================================================
Received Import Request.
  Time since last request: 0.000025 seconds.
  path: Assets/Environment/SpeedTree/Conifer/Conifer_Desktop.spm
  artifactKey: Guid(469edab27ab6d004d84af2c4a851bd7f) Importer(815301076,1909f56bfc062723c751e8b465ee728b)
Start importing Assets/Environment/SpeedTree/Conifer/Conifer_Desktop.spm using Guid(469edab27ab6d004d84af2c4a851bd7f) Importer(815301076,1909f56bfc062723c751e8b465ee728b)  -> (artifact id: '2d4062c9d4561556eb083e69ec4891a2') in 0.090870 seconds 
========================================================================
Received Import Request.
  Time since last request: 81.745322 seconds.
  path: Assets/Environment/SpeedTree/Broadleaf/Broadleaves_Card_Desktop_Spec.tga
  artifactKey: Guid(6308da3d0ff986b42be3b0a6ea5b6fae) Importer(815301076,1909f56bfc062723c751e8b465ee728b)
Start importing Assets/Environment/SpeedTree/Broadleaf/Broadleaves_Card_Desktop_Spec.tga using Guid(6308da3d0ff986b42be3b0a6ea5b6fae) Importer(815301076,1909f56bfc062723c751e8b465ee728b)  -> (artifact id: '8de5098481efd91bab841055c22b92fe') in 0.041544 seconds 
========================================================================
Received Import Request.
  Time since last request: 0.000032 seconds.
  path: Assets/Environment/SpeedTree/Broadleaf/Broadleaves_Desktop.tga
  artifactKey: Guid(306f8f570579fb3448d141a63029ef94) Importer(815301076,1909f56bfc062723c751e8b465ee728b)
Start importing Assets/Environment/SpeedTree/Broadleaf/Broadleaves_Desktop.tga using Guid(306f8f570579fb3448d141a63029ef94) Importer(815301076,1909f56bfc062723c751e8b465ee728b)  -> (artifact id: 'e82fc1cfd2d2524b704f83ebbd36a222') in 0.017999 seconds 
========================================================================
Received Import Request.
  Time since last request: 0.000061 seconds.
  path: Assets/Environment/SpeedTree/Broadleaf/Broadleaves_Desktop_Spec.tga
  artifactKey: Guid(30586af2d47849140b2d533bb6f75eaa) Importer(815301076,1909f56bfc062723c751e8b465ee728b)
Start importing Assets/Environment/SpeedTree/Broadleaf/Broadleaves_Desktop_Spec.tga using Guid(30586af2d47849140b2d533bb6f75eaa) Importer(815301076,1909f56bfc062723c751e8b465ee728b)  -> (artifact id: 'fcf95ac412f38bdac0c6a4ebe4d9a5ee') in 0.016818 seconds 
========================================================================
Received Import Request.
  Time since last request: 0.000038 seconds.
  path: Assets/Environment/SpeedTree/Broadleaf/Broadleaves_Desktop_Normal.tga
  artifactKey: Guid(e7b2d3eeb0a4d694792c93a8ab87e4a4) Importer(815301076,1909f56bfc062723c751e8b465ee728b)
Start importing Assets/Environment/SpeedTree/Broadleaf/Broadleaves_Desktop_Normal.tga using Guid(e7b2d3eeb0a4d694792c93a8ab87e4a4) Importer(815301076,1909f56bfc062723c751e8b465ee728b)  -> (artifact id: '4426457112b7458a09aa2cb1a86f7997') in 0.015988 seconds 
========================================================================
Received Import Request.
  Time since last request: 0.249279 seconds.
  path: Assets/Environment/SpeedTree/Broadleaf/Broadleaves_Mobile.tga
  artifactKey: Guid(b063a9f2b9f645b40948a32b447c738f) Importer(815301076,1909f56bfc062723c751e8b465ee728b)
Start importing Assets/Environment/SpeedTree/Broadleaf/Broadleaves_Mobile.tga using Guid(b063a9f2b9f645b40948a32b447c738f) Importer(815301076,1909f56bfc062723c751e8b465ee728b)  -> (artifact id: '0086fd741d78c88d73e49beb4626cbb1') in 0.023067 seconds 
========================================================================
Received Import Request.
  Time since last request: 0.000039 seconds.
  path: Assets/Environment/SpeedTree/Broadleaf/Broadleaves_Mobile_Spec.tga
  artifactKey: Guid(db2f1c62933fa1745a9eb8479b15698b) Importer(815301076,1909f56bfc062723c751e8b465ee728b)
Start importing Assets/Environment/SpeedTree/Broadleaf/Broadleaves_Mobile_Spec.tga using Guid(db2f1c62933fa1745a9eb8479b15698b) Importer(815301076,1909f56bfc062723c751e8b465ee728b)  -> (artifact id: '3e1c7a2dec106ce8d21f4e58ab56b3fc') in 0.014663 seconds 
========================================================================
Received Import Request.
  Time since last request: 0.000061 seconds.
  path: Packages/com.unity.textmeshpro/Editor Resources/Textures/btn_AlignBaseLine_Light.psd
  artifactKey: Guid(18775b51e3bd42299fd30bd036ea982f) Importer(815301076,1909f56bfc062723c751e8b465ee728b)
Start importing Packages/com.unity.textmeshpro/Editor Resources/Textures/btn_AlignBaseLine_Light.psd using Guid(18775b51e3bd42299fd30bd036ea982f) Importer(815301076,1909f56bfc062723c751e8b465ee728b)  -> (artifact id: '8adec73b42a83bc312b199e7eb8a67f5') in 0.012947 seconds 
========================================================================
Received Import Request.
  Time since last request: 0.000039 seconds.
  path: Packages/com.unity.textmeshpro/Editor Resources/Textures/btn_AlignBottom.psd
  artifactKey: Guid(ca51b19024094d1b87f3e07edb0a75fb) Importer(815301076,1909f56bfc062723c751e8b465ee728b)
Start importing Packages/com.unity.textmeshpro/Editor Resources/Textures/btn_AlignBottom.psd using Guid(ca51b19024094d1b87f3e07edb0a75fb) Importer(815301076,1909f56bfc062723c751e8b465ee728b)  -> (artifact id: '7bda1bd4c0665ab2153b896efc6bd852') in 0.017281 seconds 
========================================================================
Received Import Request.
  Time since last request: 0.000029 seconds.
  path: Packages/com.unity.textmeshpro/Editor Resources/Textures/btn_AlignCapLine.psd
  artifactKey: Guid(0d9a36012a224080966c7b55896aa0f9) Importer(815301076,1909f56bfc062723c751e8b465ee728b)
Start importing Packages/com.unity.textmeshpro/Editor Resources/Textures/btn_AlignCapLine.psd using Guid(0d9a36012a224080966c7b55896aa0f9) Importer(815301076,1909f56bfc062723c751e8b465ee728b)  -> (artifact id: 'cc92f8eb4b65ad9d0d0c6ddb164ca819') in 0.013584 seconds 
========================================================================
Received Import Request.
  Time since last request: 0.000061 seconds.
  path: Packages/com.unity.textmeshpro/Editor Resources/Textures/btn_AlignCenter.psd
  artifactKey: Guid(81ed8c76d2bc4a4c95d092c98af4e58f) Importer(815301076,1909f56bfc062723c751e8b465ee728b)
Start importing Packages/com.unity.textmeshpro/Editor Resources/Textures/btn_AlignCenter.psd using Guid(81ed8c76d2bc4a4c95d092c98af4e58f) Importer(815301076,1909f56bfc062723c751e8b465ee728b)  -> (artifact id: '581f2a6065f9cc860054789267eae295') in 0.011651 seconds 
========================================================================
Received Import Request.
  Time since last request: 0.000037 seconds.
  path: Packages/com.unity.textmeshpro/Editor Resources/Textures/btn_AlignBottom_Light.psd
  artifactKey: Guid(585b70cb75dd43efbfead809c30a1731) Importer(815301076,1909f56bfc062723c751e8b465ee728b)
Start importing Packages/com.unity.textmeshpro/Editor Resources/Textures/btn_AlignBottom_Light.psd using Guid(585b70cb75dd43efbfead809c30a1731) Importer(815301076,1909f56bfc062723c751e8b465ee728b)  -> (artifact id: 'a5b896bed7a7e877b9cf5a3f2cfa7dfd') in 0.011765 seconds 
========================================================================
Received Import Request.
  Time since last request: 0.000037 seconds.
  path: Assets/Environment/SpeedTree/Broadleaf/Broadleaves_Mobile_Normal.tga
  artifactKey: Guid(7bdd8cb386e0b554b84cb783663bb4fc) Importer(815301076,1909f56bfc062723c751e8b465ee728b)
Start importing Assets/Environment/SpeedTree/Broadleaf/Broadleaves_Mobile_Normal.tga using Guid(7bdd8cb386e0b554b84cb783663bb4fc) Importer(815301076,1909f56bfc062723c751e8b465ee728b)  -> (artifact id: 'c12356171f4e4afeebfd79ff3bc3ed33') in 0.016184 seconds 
========================================================================
Received Import Request.
  Time since last request: 0.000032 seconds.
  path: Packages/com.unity.textmeshpro/Editor Resources/Textures/btn_AlignBaseLine.psd
  artifactKey: Guid(8bc445bb79654bf496c92d0407840a92) Importer(815301076,1909f56bfc062723c751e8b465ee728b)
Start importing Packages/com.unity.textmeshpro/Editor Resources/Textures/btn_AlignBaseLine.psd using Guid(8bc445bb79654bf496c92d0407840a92) Importer(815301076,1909f56bfc062723c751e8b465ee728b)  -> (artifact id: '9ded2a31ebd20ef3b2ea2f579614b108') in 0.012158 seconds 
========================================================================
Received Import Request.
  Time since last request: 0.000100 seconds.
  path: Packages/com.unity.textmeshpro/Editor Resources/Textures/btn_AlignCapLine_Light.psd
  artifactKey: Guid(49679f302ac6408697f6b9314a38985c) Importer(815301076,1909f56bfc062723c751e8b465ee728b)
Start importing Packages/com.unity.textmeshpro/Editor Resources/Textures/btn_AlignCapLine_Light.psd using Guid(49679f302ac6408697f6b9314a38985c) Importer(815301076,1909f56bfc062723c751e8b465ee728b)  -> (artifact id: '31933fc135bb4d4a0baf3a3ffde433d9') in 0.015250 seconds 
========================================================================
Received Import Request.
  Time since last request: 0.115605 seconds.
  path: Packages/com.unity.textmeshpro/Editor Resources/Textures/btn_AlignCenter_Light.psd
  artifactKey: Guid(6ace62d30f494c948b71d5594afce11d) Importer(815301076,1909f56bfc062723c751e8b465ee728b)
Start importing Packages/com.unity.textmeshpro/Editor Resources/Textures/btn_AlignCenter_Light.psd using Guid(6ace62d30f494c948b71d5594afce11d) Importer(815301076,1909f56bfc062723c751e8b465ee728b)  -> (artifact id: '899843b855b4b04352c674ad3909bd8a') in 0.020076 seconds 
========================================================================
Received Import Request.
  Time since last request: 0.000839 seconds.
  path: Packages/com.unity.textmeshpro/Editor Resources/Textures/btn_AlignJustified.psd
  artifactKey: Guid(92027f7f8cfc4feaa477da0dc38d3d46) Importer(815301076,1909f56bfc062723c751e8b465ee728b)
Start importing Packages/com.unity.textmeshpro/Editor Resources/Textures/btn_AlignJustified.psd using Guid(92027f7f8cfc4feaa477da0dc38d3d46) Importer(815301076,1909f56bfc062723c751e8b465ee728b)  -> (artifact id: '2703422c06863b773a0c3974ce9c97e3') in 0.010447 seconds 
========================================================================
Received Import Request.
  Time since last request: 0.000036 seconds.
  path: Packages/com.unity.textmeshpro/Editor Resources/Textures/btn_AlignFlush_Light.psd
  artifactKey: Guid(64b9fad609434c489c32b1cdf2004a1c) Importer(815301076,1909f56bfc062723c751e8b465ee728b)
Start importing Packages/com.unity.textmeshpro/Editor Resources/Textures/btn_AlignFlush_Light.psd using Guid(64b9fad609434c489c32b1cdf2004a1c) Importer(815301076,1909f56bfc062723c751e8b465ee728b)  -> (artifact id: '357648ed049330289a25b8766f168ef4') in 0.014006 seconds 
========================================================================
Received Import Request.
  Time since last request: 0.000031 seconds.
  path: Packages/com.unity.textmeshpro/Editor Resources/Textures/btn_AlignCenterGeo.psd
  artifactKey: Guid(c76700ea0062413d9f69409b4e9e151b) Importer(815301076,1909f56bfc062723c751e8b465ee728b)
Start importing Packages/com.unity.textmeshpro/Editor Resources/Textures/btn_AlignCenterGeo.psd using Guid(c76700ea0062413d9f69409b4e9e151b) Importer(815301076,1909f56bfc062723c751e8b465ee728b)  -> (artifact id: '9999cf0cd4802b21f76313d763efcc08') in 0.013152 seconds 
========================================================================
Received Import Request.
  Time since last request: 0.000072 seconds.
  path: Packages/com.unity.textmeshpro/Editor Resources/Textures/btn_AlignFlush.psd
  artifactKey: Guid(691475c57a824010be0c6f474caeb7e1) Importer(815301076,1909f56bfc062723c751e8b465ee728b)
Start importing Packages/com.unity.textmeshpro/Editor Resources/Textures/btn_AlignFlush.psd using Guid(691475c57a824010be0c6f474caeb7e1) Importer(815301076,1909f56bfc062723c751e8b465ee728b)  -> (artifact id: '41108fcf25eb19a457fddd238008b5c2') in 0.009878 seconds 
========================================================================
Received Import Request.
  Time since last request: 0.000106 seconds.
  path: Packages/com.unity.textmeshpro/Editor Resources/Textures/btn_AlignLeft.psd
  artifactKey: Guid(9288066c33474b94b6ee5465f4df1cc0) Importer(815301076,1909f56bfc062723c751e8b465ee728b)
Start importing Packages/com.unity.textmeshpro/Editor Resources/Textures/btn_AlignLeft.psd using Guid(9288066c33474b94b6ee5465f4df1cc0) Importer(815301076,1909f56bfc062723c751e8b465ee728b)  -> (artifact id: 'c70760fa7f9574ed5899689942947ad4') in 0.012861 seconds 
========================================================================
Received Import Request.
  Time since last request: 0.000036 seconds.
  path: Packages/com.unity.textmeshpro/Editor Resources/Textures/btn_AlignMidLine.psd
  artifactKey: Guid(c2f7f6a88b4c4f20a53deb72f3d9144c) Importer(815301076,1909f56bfc062723c751e8b465ee728b)
Start importing Packages/com.unity.textmeshpro/Editor Resources/Textures/btn_AlignMidLine.psd using Guid(c2f7f6a88b4c4f20a53deb72f3d9144c) Importer(815301076,1909f56bfc062723c751e8b465ee728b)  -> (artifact id: 'faa7ceb052880a25bcd90a005bdffe8c') in 0.011595 seconds 
========================================================================
Received Import Request.
  Time since last request: 0.000031 seconds.
  path: Packages/com.unity.textmeshpro/Editor Resources/Textures/btn_AlignLeft_Light.psd
  artifactKey: Guid(12736c98af174f91827a26b66d2b01b9) Importer(815301076,1909f56bfc062723c751e8b465ee728b)
Start importing Packages/com.unity.textmeshpro/Editor Resources/Textures/btn_AlignLeft_Light.psd using Guid(12736c98af174f91827a26b66d2b01b9) Importer(815301076,1909f56bfc062723c751e8b465ee728b)  -> (artifact id: '0f7f3c9d023f9f27b1513f1c301b0ecb') in 0.020609 seconds 
========================================================================
Received Import Request.
  Time since last request: 0.000031 seconds.
  path: Packages/com.unity.textmeshpro/Editor Resources/Textures/btn_AlignCenterGeo_Light.psd
  artifactKey: Guid(35ff0937876540d3bd4b6a941df62a92) Importer(815301076,1909f56bfc062723c751e8b465ee728b)
Start importing Packages/com.unity.textmeshpro/Editor Resources/Textures/btn_AlignCenterGeo_Light.psd using Guid(35ff0937876540d3bd4b6a941df62a92) Importer(815301076,1909f56bfc062723c751e8b465ee728b)  -> (artifact id: 'e1c06fc9a7bc8ffdb5911308475eaea9') in 0.012038 seconds 
========================================================================
Received Import Request.
  Time since last request: 0.000038 seconds.
  path: Packages/com.unity.textmeshpro/Editor Resources/Textures/btn_AlignMiddle_Light.psd
  artifactKey: Guid(066619c9c9c84f89acb1b48c11a7efe2) Importer(815301076,1909f56bfc062723c751e8b465ee728b)
Start importing Packages/com.unity.textmeshpro/Editor Resources/Textures/btn_AlignMiddle_Light.psd using Guid(066619c9c9c84f89acb1b48c11a7efe2) Importer(815301076,1909f56bfc062723c751e8b465ee728b)  -> (artifact id: '872840c0d49ebfe85b014e55459f83a3') in 0.009018 seconds 
========================================================================
Received Import Request.
  Time since last request: 0.000048 seconds.
  path: Packages/com.unity.textmeshpro/Editor Resources/Textures/btn_AlignJustified_Light.psd
  artifactKey: Guid(fa6bd40a216346b783a4cce741d277a5) Importer(815301076,1909f56bfc062723c751e8b465ee728b)
Start importing Packages/com.unity.textmeshpro/Editor Resources/Textures/btn_AlignJustified_Light.psd using Guid(fa6bd40a216346b783a4cce741d277a5) Importer(815301076,1909f56bfc062723c751e8b465ee728b)  -> (artifact id: '30f14cec9c0ed16ccdd1d67082040be5') in 0.015414 seconds 
========================================================================
Received Import Request.
  Time since last request: 0.000027 seconds.
  path: Packages/com.unity.textmeshpro/Editor Resources/Textures/btn_AlignMiddle.psd
  artifactKey: Guid(41b96614b2e6494ba995ddcd252d11ae) Importer(815301076,1909f56bfc062723c751e8b465ee728b)
Start importing Packages/com.unity.textmeshpro/Editor Resources/Textures/btn_AlignMiddle.psd using Guid(41b96614b2e6494ba995ddcd252d11ae) Importer(815301076,1909f56bfc062723c751e8b465ee728b)  -> (artifact id: 'c47ec90cdfa3369855fcdbfc623a0922') in 0.013735 seconds 
========================================================================
Received Import Request.
  Time since last request: 0.313904 seconds.
  path: Packages/com.unity.textmeshpro/Editor Resources/Textures/btn_AlignMidline_Light.psd
  artifactKey: Guid(bb42b2d967d6427983c901a4ffc8ecd9) Importer(815301076,1909f56bfc062723c751e8b465ee728b)
Start importing Packages/com.unity.textmeshpro/Editor Resources/Textures/btn_AlignMidline_Light.psd using Guid(bb42b2d967d6427983c901a4ffc8ecd9) Importer(815301076,1909f56bfc062723c751e8b465ee728b)  -> (artifact id: 'e14aad5120344aeba400e0b6358ffd7f') in 0.029900 seconds 
========================================================================
Received Import Request.
  Time since last request: 0.000035 seconds.
  path: Packages/com.unity.textmeshpro/Editor Resources/Textures/btn_AlignRight_Light.psd
  artifactKey: Guid(e05ace3bd15740cda0bad60d89092a5b) Importer(815301076,1909f56bfc062723c751e8b465ee728b)
Start importing Packages/com.unity.textmeshpro/Editor Resources/Textures/btn_AlignRight_Light.psd using Guid(e05ace3bd15740cda0bad60d89092a5b) Importer(815301076,1909f56bfc062723c751e8b465ee728b)  -> (artifact id: 'be5e714d5a5c5bafbc28c0441e2e9488') in 0.013307 seconds 
========================================================================
Received Import Request.
  Time since last request: 0.000033 seconds.
  path: Packages/com.unity.textmeshpro/Editor Resources/Textures/btn_AlignRight.psd
  artifactKey: Guid(342a0f8aca7f4f0691338912faec0494) Importer(815301076,1909f56bfc062723c751e8b465ee728b)
Start importing Packages/com.unity.textmeshpro/Editor Resources/Textures/btn_AlignRight.psd using Guid(342a0f8aca7f4f0691338912faec0494) Importer(815301076,1909f56bfc062723c751e8b465ee728b)  -> (artifact id: 'b1a82a7997156e660fae143ee1d71766') in 0.012228 seconds 
========================================================================
Received Import Request.
  Time since last request: 0.000050 seconds.
  path: Packages/com.unity.textmeshpro/Editor Resources/Textures/btn_AlignTop_Light.psd
  artifactKey: Guid(ed041e68439749a69d0efa0e3d896c2e) Importer(815301076,1909f56bfc062723c751e8b465ee728b)
Start importing Packages/com.unity.textmeshpro/Editor Resources/Textures/btn_AlignTop_Light.psd using Guid(ed041e68439749a69d0efa0e3d896c2e) Importer(815301076,1909f56bfc062723c751e8b465ee728b)  -> (artifact id: 'b35481a1dc10bd3679cb8628faec9660') in 0.019718 seconds 
========================================================================
Received Import Request.
  Time since last request: 0.000029 seconds.
  path: Packages/com.unity.collab-proxy/Editor/PlasticSCM/Assets/Images/buttonssosigninunity.png
  artifactKey: Guid(f9161c6c9e06dc445ada3ee16d991f90) Importer(815301076,1909f56bfc062723c751e8b465ee728b)
Start importing Packages/com.unity.collab-proxy/Editor/PlasticSCM/Assets/Images/buttonssosigninunity.png using Guid(f9161c6c9e06dc445ada3ee16d991f90) Importer(815301076,1909f56bfc062723c751e8b465ee728b)  -> (artifact id: '0435366bf4412145bce73a748854fe23') in 0.012541 seconds 
========================================================================
Received Import Request.
  Time since last request: 0.000027 seconds.
  path: Assets/Environment/SpeedTree/Broadleaf/Cap_01.tga
  artifactKey: Guid(c688b8230f338954e977969bd4457584) Importer(815301076,1909f56bfc062723c751e8b465ee728b)
Start importing Assets/Environment/SpeedTree/Broadleaf/Cap_01.tga using Guid(c688b8230f338954e977969bd4457584) Importer(815301076,1909f56bfc062723c751e8b465ee728b)  -> (artifact id: '4546c1e4fddd8916847828467e544c7b') in 0.013552 seconds 
========================================================================
Received Import Request.
  Time since last request: 0.000029 seconds.
  path: Packages/com.unity.collab-proxy/Editor/PlasticSCM/Assets/Images/buttonssosigninemail.png
  artifactKey: Guid(d24e7e0b75e1a244bb9687d6fd4315ef) Importer(815301076,1909f56bfc062723c751e8b465ee728b)
Start importing Packages/com.unity.collab-proxy/Editor/PlasticSCM/Assets/Images/buttonssosigninemail.png using Guid(d24e7e0b75e1a244bb9687d6fd4315ef) Importer(815301076,1909f56bfc062723c751e8b465ee728b)  -> (artifact id: '3f35b62fdefe96b2fa06754d385942c8') in 0.011424 seconds 
========================================================================
Received Import Request.
  Time since last request: 0.000037 seconds.
  path: Packages/com.unity.textmeshpro/Editor Resources/Textures/btn_AlignTop.psd
  artifactKey: Guid(48d034c499ee4697af9dd6e327110249) Importer(815301076,1909f56bfc062723c751e8b465ee728b)
Start importing Packages/com.unity.textmeshpro/Editor Resources/Textures/btn_AlignTop.psd using Guid(48d034c499ee4697af9dd6e327110249) Importer(815301076,1909f56bfc062723c751e8b465ee728b)  -> (artifact id: '6ba1048ec5d3dcf9847b6b9b9b3ac008') in 0.011843 seconds 
========================================================================
Received Import Request.
  Time since last request: 0.000073 seconds.
  path: Packages/com.unity.collab-proxy/Editor/PlasticSCM/Assets/Images/buttonssosigninemail@2x.png
  artifactKey: Guid(ddf2e76e8a1f88f46ae1e42277850b48) Importer(815301076,1909f56bfc062723c751e8b465ee728b)
Start importing Packages/com.unity.collab-proxy/Editor/PlasticSCM/Assets/Images/buttonssosigninemail@2x.png using Guid(ddf2e76e8a1f88f46ae1e42277850b48) Importer(815301076,1909f56bfc062723c751e8b465ee728b)  -> (artifact id: '7d2d402d75aee5e2235f3d5cca7852db') in 0.014033 seconds 
========================================================================
Received Import Request.
  Time since last request: 0.000029 seconds.
  path: Packages/com.unity.collab-proxy/Editor/PlasticSCM/Assets/Images/buttonssosigningoogle.png
  artifactKey: Guid(f09eae8c0ea04254b90c5386a034a225) Importer(815301076,1909f56bfc062723c751e8b465ee728b)
Start importing Packages/com.unity.collab-proxy/Editor/PlasticSCM/Assets/Images/buttonssosigningoogle.png using Guid(f09eae8c0ea04254b90c5386a034a225) Importer(815301076,1909f56bfc062723c751e8b465ee728b)  -> (artifact id: '6732bb5130229f595c47c0ebcf5e0c97') in 0.010923 seconds 
========================================================================
Received Import Request.
  Time since last request: 0.195397 seconds.
  path: Assets/Environment/SpeedTree/Broadleaf/Cap_01_Normal.tga
  artifactKey: Guid(55e2334423fefa34fb4916f6780413d3) Importer(815301076,1909f56bfc062723c751e8b465ee728b)
Start importing Assets/Environment/SpeedTree/Broadleaf/Cap_01_Normal.tga using Guid(55e2334423fefa34fb4916f6780413d3) Importer(815301076,1909f56bfc062723c751e8b465ee728b)  -> (artifact id: '7abf424cbcc8431c904e045bd923c22f') in 0.022638 seconds 
========================================================================
Received Import Request.
  Time since last request: 0.000088 seconds.
  path: Assets/Environment/SpeedTree/Broadleaf/ClippedFrond.tga
  artifactKey: Guid(f82badc465974aa4cbc424065780aa3d) Importer(815301076,1909f56bfc062723c751e8b465ee728b)
Start importing Assets/Environment/SpeedTree/Broadleaf/ClippedFrond.tga using Guid(f82badc465974aa4cbc424065780aa3d) Importer(815301076,1909f56bfc062723c751e8b465ee728b)  -> (artifact id: 'b7a8ddc31e7ff17d6976ade2521a84cf') in 0.013549 seconds 
========================================================================
Received Import Request.
  Time since last request: 0.000039 seconds.
  path: Assets/Environment/TerrainAssets/SurfaceTextures/CliffAlbedoSpecular.psd
  artifactKey: Guid(18214e9d6af6248559d501391856f1c7) Importer(815301076,1909f56bfc062723c751e8b465ee728b)
Start importing Assets/Environment/TerrainAssets/SurfaceTextures/CliffAlbedoSpecular.psd using Guid(18214e9d6af6248559d501391856f1c7) Importer(815301076,1909f56bfc062723c751e8b465ee728b)  -> (artifact id: '93d7dd21b0094fd1702a5ba88db3d7a6') in 0.015425 seconds 
========================================================================
Received Import Request.
  Time since last request: 0.000025 seconds.
  path: Packages/com.unity.testtools.codecoverage/Editor/Icons/CodeCoverage@2x.png
  artifactKey: Guid(37164f8d49df70f448b593fa86e488f5) Importer(815301076,1909f56bfc062723c751e8b465ee728b)
Start importing Packages/com.unity.testtools.codecoverage/Editor/Icons/CodeCoverage@2x.png using Guid(37164f8d49df70f448b593fa86e488f5) Importer(815301076,1909f56bfc062723c751e8b465ee728b)  -> (artifact id: '4487faecf809a6b958f741a57d529ce7') in 0.023017 seconds 
========================================================================
Received Import Request.
  Time since last request: 0.000035 seconds.
  path: Assets/Environment/SpeedTree/Conifer/Conifer_Desktop_Atlas.tga
  artifactKey: Guid(ea9799c461d3f6e4eb0be2264829282d) Importer(815301076,1909f56bfc062723c751e8b465ee728b)
Start importing Assets/Environment/SpeedTree/Conifer/Conifer_Desktop_Atlas.tga using Guid(ea9799c461d3f6e4eb0be2264829282d) Importer(815301076,1909f56bfc062723c751e8b465ee728b)  -> (artifact id: '04e8a380b9be26596951f30945c553e5') in 0.014767 seconds 
========================================================================
Received Import Request.
  Time since last request: 0.000046 seconds.
  path: Assets/Environment/SpeedTree/Conifer/Conifer_Desktop_Atlas_Billboards.tga
  artifactKey: Guid(612b65e0cd1576e4bbba0516d756a99d) Importer(815301076,1909f56bfc062723c751e8b465ee728b)
Start importing Assets/Environment/SpeedTree/Conifer/Conifer_Desktop_Atlas_Billboards.tga using Guid(612b65e0cd1576e4bbba0516d756a99d) Importer(815301076,1909f56bfc062723c751e8b465ee728b)  -> (artifact id: '173a666d351b63e5f2cdab567981c695') in 0.012782 seconds 
========================================================================
Received Import Request.
  Time since last request: 0.000063 seconds.
  path: Assets/Environment/SpeedTree/Broadleaf/Cap_02_Normal.tga
  artifactKey: Guid(371fa5d370f67534696194100d17bfad) Importer(815301076,1909f56bfc062723c751e8b465ee728b)
Start importing Assets/Environment/SpeedTree/Broadleaf/Cap_02_Normal.tga using Guid(371fa5d370f67534696194100d17bfad) Importer(815301076,1909f56bfc062723c751e8b465ee728b)  -> (artifact id: '6fbeaf6064a8502d1c4bde2a303b2475') in 0.017050 seconds 
========================================================================
Received Import Request.
  Time since last request: 0.000029 seconds.
  path: Assets/Environment/SpeedTree/Broadleaf/ClippedFrond_Normal.tga
  artifactKey: Guid(98a0c4bded48f6e488eb93670599274e) Importer(815301076,1909f56bfc062723c751e8b465ee728b)
Start importing Assets/Environment/SpeedTree/Broadleaf/ClippedFrond_Normal.tga using Guid(98a0c4bded48f6e488eb93670599274e) Importer(815301076,1909f56bfc062723c751e8b465ee728b)  -> (artifact id: '7a8383412b9db34e63aca48b2ab80e73') in 0.016505 seconds 
========================================================================
Received Import Request.
  Time since last request: 0.000034 seconds.
  path: Assets/Environment/SpeedTree/Conifer/Conifer_Desktop_Atlas_Normal.tga
  artifactKey: Guid(855926cb3532dc14c87b1e6d589334b2) Importer(815301076,1909f56bfc062723c751e8b465ee728b)
Start importing Assets/Environment/SpeedTree/Conifer/Conifer_Desktop_Atlas_Normal.tga using Guid(855926cb3532dc14c87b1e6d589334b2) Importer(815301076,1909f56bfc062723c751e8b465ee728b)  -> (artifact id: '62035f61419b66a1be4bff2207c2430b') in 0.018354 seconds 
========================================================================
Received Import Request.
  Time since last request: 0.000044 seconds.
  path: Assets/Environment/SpeedTree/Broadleaf/Cap_02.tga
  artifactKey: Guid(ee07ea8cb1a00c844b4048d37dcfe712) Importer(815301076,1909f56bfc062723c751e8b465ee728b)
Start importing Assets/Environment/SpeedTree/Broadleaf/Cap_02.tga using Guid(ee07ea8cb1a00c844b4048d37dcfe712) Importer(815301076,1909f56bfc062723c751e8b465ee728b)  -> (artifact id: '77086e255a0de8580788eb8a2bc1cc8f') in 0.013102 seconds 
========================================================================
Received Import Request.
  Time since last request: 0.000028 seconds.
  path: Packages/com.unity.testtools.codecoverage/Editor/Icons/CodeCoverage.png
  artifactKey: Guid(5e4d1277a09266944b3431a0a44d0862) Importer(815301076,1909f56bfc062723c751e8b465ee728b)
Start importing Packages/com.unity.testtools.codecoverage/Editor/Icons/CodeCoverage.png using Guid(5e4d1277a09266944b3431a0a44d0862) Importer(815301076,1909f56bfc062723c751e8b465ee728b)  -> (artifact id: 'd127b16208d3e4920fcfdb40cf01d904') in 0.011343 seconds 
========================================================================
Received Import Request.
  Time since last request: 0.000061 seconds.
  path: Assets/Environment/SpeedTree/Conifer/Conifer_Desktop_Atlas_Billboards_Normal.tga
  artifactKey: Guid(6c2afc8a038f69f4aa35c25dcd94fd55) Importer(815301076,1909f56bfc062723c751e8b465ee728b)
Start importing Assets/Environment/SpeedTree/Conifer/Conifer_Desktop_Atlas_Billboards_Normal.tga using Guid(6c2afc8a038f69f4aa35c25dcd94fd55) Importer(815301076,1909f56bfc062723c751e8b465ee728b)  -> (artifact id: 'bdda3104fdcdd72e7bdb98e758480ac9') in 0.015088 seconds 
========================================================================
Received Import Request.
  Time since last request: 1.400429 seconds.
  path: Assets/Environment/SpeedTree/Conifer/Conifer_Desktop_Atlas_Specular.tga
  artifactKey: Guid(41232aac50fb25a40b390906295f9aa6) Importer(815301076,1909f56bfc062723c751e8b465ee728b)
Start importing Assets/Environment/SpeedTree/Conifer/Conifer_Desktop_Atlas_Specular.tga using Guid(41232aac50fb25a40b390906295f9aa6) Importer(815301076,1909f56bfc062723c751e8b465ee728b)  -> (artifact id: '10e4a5c6ed8df2f556b6d7bd146b7023') in 0.034222 seconds 
========================================================================
Received Import Request.
  Time since last request: 0.000021 seconds.
  path: Assets/Environment/SpeedTree/Conifer/Conifer_Needles_Dekstop_Spec.tga
  artifactKey: Guid(897461e3c2fa9d84d8bd48bf1b00a950) Importer(815301076,1909f56bfc062723c751e8b465ee728b)
Start importing Assets/Environment/SpeedTree/Conifer/Conifer_Needles_Dekstop_Spec.tga using Guid(897461e3c2fa9d84d8bd48bf1b00a950) Importer(815301076,1909f56bfc062723c751e8b465ee728b)  -> (artifact id: '7a8e783833f4ba315395e1bd909d1286') in 0.014067 seconds 
========================================================================
Received Import Request.
  Time since last request: 0.000043 seconds.
  path: Assets/Environment/SpeedTree/Conifer/Conifer_Needles_Desktop_Normal.tga
  artifactKey: Guid(ab89d7e9dbd9462458ecef029ee60f6e) Importer(815301076,1909f56bfc062723c751e8b465ee728b)
Start importing Assets/Environment/SpeedTree/Conifer/Conifer_Needles_Desktop_Normal.tga using Guid(ab89d7e9dbd9462458ecef029ee60f6e) Importer(815301076,1909f56bfc062723c751e8b465ee728b)  -> (artifact id: 'aa66225305a8fb1a9723a9740a9253e2') in 0.013468 seconds 
========================================================================
Received Import Request.
  Time since last request: 0.000031 seconds.
  path: Assets/Environment/SpeedTree/Conifer/Conifer_Needles_Desktop.tga
  artifactKey: Guid(34d2758af9e0a2b4690fbcfcad0285d6) Importer(815301076,1909f56bfc062723c751e8b465ee728b)
Start importing Assets/Environment/SpeedTree/Conifer/Conifer_Needles_Desktop.tga using Guid(34d2758af9e0a2b4690fbcfcad0285d6) Importer(815301076,1909f56bfc062723c751e8b465ee728b)  -> (artifact id: '3e52255100edd96e1d1c21515361f74b') in 0.020015 seconds 
========================================================================
Received Import Request.
  Time since last request: 0.000026 seconds.
  path: Assets/Environment/SpeedTree/Conifer/ConiferBark_Normal.tga
  artifactKey: Guid(2b46b029d8dc37049aebb484e79998ff) Importer(815301076,1909f56bfc062723c751e8b465ee728b)
Start importing Assets/Environment/SpeedTree/Conifer/ConiferBark_Normal.tga using Guid(2b46b029d8dc37049aebb484e79998ff) Importer(815301076,1909f56bfc062723c751e8b465ee728b)  -> (artifact id: '1a4aec558fbe4239739695cf761dd124') in 0.012501 seconds 
========================================================================
Received Import Request.
  Time since last request: 0.000033 seconds.
  path: Assets/Environment/SpeedTree/Conifer/ConiferBark.tga
  artifactKey: Guid(9654cfdd87d7daf429b8931c28d7a93c) Importer(815301076,1909f56bfc062723c751e8b465ee728b)
Start importing Assets/Environment/SpeedTree/Conifer/ConiferBark.tga using Guid(9654cfdd87d7daf429b8931c28d7a93c) Importer(815301076,1909f56bfc062723c751e8b465ee728b)  -> (artifact id: '5bff3ff7348f17d05204eac0418b7e3a') in 0.009496 seconds 
========================================================================
Received Import Request.
  Time since last request: 0.355100 seconds.
  path: Packages/com.unity.collab-proxy/Editor/PlasticSCM/Assets/Images/d_buttonssosigninemail.png
  artifactKey: Guid(3086d66a563317b40a20a20da2c64ac0) Importer(815301076,1909f56bfc062723c751e8b465ee728b)
Start importing Packages/com.unity.collab-proxy/Editor/PlasticSCM/Assets/Images/d_buttonssosigninemail.png using Guid(3086d66a563317b40a20a20da2c64ac0) Importer(815301076,1909f56bfc062723c751e8b465ee728b)  -> (artifact id: '20ffa355a20560a8e513d3d3695156a4') in 0.035856 seconds 
========================================================================
Received Import Request.
  Time since last request: 0.000022 seconds.
  path: Packages/com.unity.collab-proxy/Editor/PlasticSCM/Assets/Images/d_buttonssosigninemail@2x.png
  artifactKey: Guid(144aa74618b85974a9a50f612c2fa8fd) Importer(815301076,1909f56bfc062723c751e8b465ee728b)
Start importing Packages/com.unity.collab-proxy/Editor/PlasticSCM/Assets/Images/d_buttonssosigninemail@2x.png using Guid(144aa74618b85974a9a50f612c2fa8fd) Importer(815301076,1909f56bfc062723c751e8b465ee728b)  -> (artifact id: '44784e776070be87834447ba230c57a7') in 0.012228 seconds 
========================================================================
Received Import Request.
  Time since last request: 0.000058 seconds.
  path: Packages/com.unity.testtools.codecoverage/Editor/Icons/d_CodeCoverage@2x.png
  artifactKey: Guid(8616c9d86a8504a4b8b5c65bb6a5644f) Importer(815301076,1909f56bfc062723c751e8b465ee728b)
Start importing Packages/com.unity.testtools.codecoverage/Editor/Icons/d_CodeCoverage@2x.png using Guid(8616c9d86a8504a4b8b5c65bb6a5644f) Importer(815301076,1909f56bfc062723c751e8b465ee728b)  -> (artifact id: '3d9d2ab8c65677db5f9f60427d193413') in 0.012516 seconds 
========================================================================
Received Import Request.
  Time since last request: 0.000037 seconds.
  path: Packages/com.unity.testtools.codecoverage/Editor/Icons/d_CodeCoverage.png
  artifactKey: Guid(48e45b7f100ee4b48a02e05135e6cece) Importer(815301076,1909f56bfc062723c751e8b465ee728b)
Start importing Packages/com.unity.testtools.codecoverage/Editor/Icons/d_CodeCoverage.png using Guid(48e45b7f100ee4b48a02e05135e6cece) Importer(815301076,1909f56bfc062723c751e8b465ee728b)  -> (artifact id: '0e3a77ba8649e2cf10d2dc3d04cf53c3') in 0.019438 seconds 
========================================================================
Received Import Request.
  Time since last request: 0.000044 seconds.
  path: Packages/com.unity.testtools.codecoverage/Editor/Icons/d_FolderOpened@2x.png
  artifactKey: Guid(327ac160fa4588b4ab06124fe53fdbd1) Importer(815301076,1909f56bfc062723c751e8b465ee728b)
Start importing Packages/com.unity.testtools.codecoverage/Editor/Icons/d_FolderOpened@2x.png using Guid(327ac160fa4588b4ab06124fe53fdbd1) Importer(815301076,1909f56bfc062723c751e8b465ee728b)  -> (artifact id: '6bfb28093da9e34fa6f93631729f828d') in 0.014013 seconds 
========================================================================
Received Import Request.
  Time since last request: 0.000028 seconds.
  path: Packages/com.unity.testtools.codecoverage/Editor/Icons/d_FolderOpened.png
  artifactKey: Guid(663a080499383ea4e9297061febf5ef7) Importer(815301076,1909f56bfc062723c751e8b465ee728b)
Start importing Packages/com.unity.testtools.codecoverage/Editor/Icons/d_FolderOpened.png using Guid(663a080499383ea4e9297061febf5ef7) Importer(815301076,1909f56bfc062723c751e8b465ee728b)  -> (artifact id: 'e28e71446d0e636bccf0454320b73509') in 0.010461 seconds 
========================================================================
Received Import Request.
  Time since last request: 0.000029 seconds.
  path: Packages/com.unity.collab-proxy/Editor/PlasticSCM/Assets/Images/d_iconaddedlocal.png
  artifactKey: Guid(0c6a2a64ca9f9c946a7dbbd1674cf5bd) Importer(815301076,1909f56bfc062723c751e8b465ee728b)
Start importing Packages/com.unity.collab-proxy/Editor/PlasticSCM/Assets/Images/d_iconaddedlocal.png using Guid(0c6a2a64ca9f9c946a7dbbd1674cf5bd) Importer(815301076,1909f56bfc062723c751e8b465ee728b)  -> (artifact id: 'bddf4e385394c3ad2c83874525fbda96') in 0.012589 seconds 
========================================================================
Received Import Request.
  Time since last request: 0.000033 seconds.
  path: Packages/com.unity.collab-proxy/Editor/PlasticSCM/Assets/Images/d_iconaddedoverlay@2x.png
  artifactKey: Guid(a6fbd5a181bc51e42a61a73fe8d727c8) Importer(815301076,1909f56bfc062723c751e8b465ee728b)
Start importing Packages/com.unity.collab-proxy/Editor/PlasticSCM/Assets/Images/d_iconaddedoverlay@2x.png using Guid(a6fbd5a181bc51e42a61a73fe8d727c8) Importer(815301076,1909f56bfc062723c751e8b465ee728b)  -> (artifact id: 'e872bc10cc41ba53d6b103b62bc1a379') in 0.014017 seconds 
========================================================================
Received Import Request.
  Time since last request: 0.000024 seconds.
  path: Packages/com.unity.collab-proxy/Editor/PlasticSCM/Assets/Images/d_iconbranch.png
  artifactKey: Guid(612c5e166a121e3449dad067fbdc37a4) Importer(815301076,1909f56bfc062723c751e8b465ee728b)
Start importing Packages/com.unity.collab-proxy/Editor/PlasticSCM/Assets/Images/d_iconbranch.png using Guid(612c5e166a121e3449dad067fbdc37a4) Importer(815301076,1909f56bfc062723c751e8b465ee728b)  -> (artifact id: 'd6f0d1225a38eec95db58e0803f54e91') in 0.009935 seconds 
========================================================================
Received Import Request.
  Time since last request: 0.000046 seconds.
  path: Packages/com.unity.collab-proxy/Editor/PlasticSCM/Assets/Images/d_iconbranch@2x.png
  artifactKey: Guid(874d8401331ede14087e8d8d486ddda6) Importer(815301076,1909f56bfc062723c751e8b465ee728b)
Start importing Packages/com.unity.collab-proxy/Editor/PlasticSCM/Assets/Images/d_iconbranch@2x.png using Guid(874d8401331ede14087e8d8d486ddda6) Importer(815301076,1909f56bfc062723c751e8b465ee728b)  -> (artifact id: 'b30403bf992914722bd862cbf91db187') in 0.012627 seconds 
========================================================================
Received Import Request.
  Time since last request: 0.000029 seconds.
  path: Packages/com.unity.collab-proxy/Editor/PlasticSCM/Assets/Images/d_iconaddedoverlay.png
  artifactKey: Guid(73d124bf77e463c45942d14136745d9f) Importer(815301076,1909f56bfc062723c751e8b465ee728b)
Start importing Packages/com.unity.collab-proxy/Editor/PlasticSCM/Assets/Images/d_iconaddedoverlay.png using Guid(73d124bf77e463c45942d14136745d9f) Importer(815301076,1909f56bfc062723c751e8b465ee728b)  -> (artifact id: '5b4242ec40585d563f17d5496a0e45e7') in 0.012774 seconds 
========================================================================
Received Import Request.
  Time since last request: 0.000026 seconds.
  path: Packages/com.unity.collab-proxy/Editor/PlasticSCM/Assets/Images/d_iconaddedlocal@2x.png
  artifactKey: Guid(02800fb9cff14da47a04572790384d8b) Importer(815301076,1909f56bfc062723c751e8b465ee728b)
Start importing Packages/com.unity.collab-proxy/Editor/PlasticSCM/Assets/Images/d_iconaddedlocal@2x.png using Guid(02800fb9cff14da47a04572790384d8b) Importer(815301076,1909f56bfc062723c751e8b465ee728b)  -> (artifact id: 'c8972ee177505acb72f54657776b59ac') in 0.011542 seconds 
========================================================================
Received Import Request.
  Time since last request: 0.418721 seconds.
  path: Packages/com.unity.collab-proxy/Editor/PlasticSCM/Assets/Images/d_iconcheckedoutlocaloverlay.png
  artifactKey: Guid(bb1928aff4fd4cf44af1f629dc14ef9b) Importer(815301076,1909f56bfc062723c751e8b465ee728b)
Start importing Packages/com.unity.collab-proxy/Editor/PlasticSCM/Assets/Images/d_iconcheckedoutlocaloverlay.png using Guid(bb1928aff4fd4cf44af1f629dc14ef9b) Importer(815301076,1909f56bfc062723c751e8b465ee728b)  -> (artifact id: '2e5c3344fc9e526b4b37db55a2c8fad1') in 0.051341 seconds 
========================================================================
Received Import Request.
  Time since last request: 0.000043 seconds.
  path: Packages/com.unity.collab-proxy/Editor/PlasticSCM/Assets/Images/d_iconconflicted@2x.png
  artifactKey: Guid(65f0e363b74cf5845ab8c3fbc14f39ac) Importer(815301076,1909f56bfc062723c751e8b465ee728b)
Start importing Packages/com.unity.collab-proxy/Editor/PlasticSCM/Assets/Images/d_iconconflicted@2x.png using Guid(65f0e363b74cf5845ab8c3fbc14f39ac) Importer(815301076,1909f56bfc062723c751e8b465ee728b)  -> (artifact id: '77a4c02c2b290cd4d2523a92b3af6ab0') in 0.011716 seconds 
========================================================================
Received Import Request.
  Time since last request: 0.000092 seconds.
  path: Packages/com.unity.collab-proxy/Editor/PlasticSCM/Assets/Images/d_iconclosebutton.png
  artifactKey: Guid(9cadde7a0d5f9024ab3f2cd5f6a740d6) Importer(815301076,1909f56bfc062723c751e8b465ee728b)
Start importing Packages/com.unity.collab-proxy/Editor/PlasticSCM/Assets/Images/d_iconclosebutton.png using Guid(9cadde7a0d5f9024ab3f2cd5f6a740d6) Importer(815301076,1909f56bfc062723c751e8b465ee728b)  -> (artifact id: 'd3ba23f9ce04ac8f0319505235bb1f45') in 0.012166 seconds 
========================================================================
Received Import Request.
  Time since last request: 0.000034 seconds.
  path: Packages/com.unity.collab-proxy/Editor/PlasticSCM/Assets/Images/d_iconconflicted.png
  artifactKey: Guid(881798b77426a8f47b533dcc4767e9e5) Importer(815301076,1909f56bfc062723c751e8b465ee728b)
Start importing Packages/com.unity.collab-proxy/Editor/PlasticSCM/Assets/Images/d_iconconflicted.png using Guid(881798b77426a8f47b533dcc4767e9e5) Importer(815301076,1909f56bfc062723c751e8b465ee728b)  -> (artifact id: '34332832f3147070054f3a9f066ca78b') in 0.019517 seconds 
========================================================================
Received Import Request.
  Time since last request: 0.000034 seconds.
  path: Packages/com.unity.collab-proxy/Editor/PlasticSCM/Assets/Images/d_iconcheckedoutlocaloverlay@2x.png
  artifactKey: Guid(8d98ab6168c3e91439339f1908b8fe97) Importer(815301076,1909f56bfc062723c751e8b465ee728b)
Start importing Packages/com.unity.collab-proxy/Editor/PlasticSCM/Assets/Images/d_iconcheckedoutlocaloverlay@2x.png using Guid(8d98ab6168c3e91439339f1908b8fe97) Importer(815301076,1909f56bfc062723c751e8b465ee728b)  -> (artifact id: '9d59fcf15c1df1692c89372b74b6f4b0') in 0.013630 seconds 
========================================================================
Received Import Request.
  Time since last request: 0.000062 seconds.
  path: Packages/com.unity.collab-proxy/Editor/PlasticSCM/Assets/Images/d_iconconflictresolvedoverlay.png
  artifactKey: Guid(056ee72c467a4e24d87541d42839ca72) Importer(815301076,1909f56bfc062723c751e8b465ee728b)
Start importing Packages/com.unity.collab-proxy/Editor/PlasticSCM/Assets/Images/d_iconconflictresolvedoverlay.png using Guid(056ee72c467a4e24d87541d42839ca72) Importer(815301076,1909f56bfc062723c751e8b465ee728b)  -> (artifact id: '2abad97b4ed86d0dea9300ed276e2ff2') in 0.013134 seconds 
========================================================================
Received Import Request.
  Time since last request: 0.000033 seconds.
  path: Packages/com.unity.collab-proxy/Editor/PlasticSCM/Assets/Images/d_iconconflictresolvedoverlay@2x.png
  artifactKey: Guid(4a231ba0e81e63849a8f985c228e8acd) Importer(815301076,1909f56bfc062723c751e8b465ee728b)
Start importing Packages/com.unity.collab-proxy/Editor/PlasticSCM/Assets/Images/d_iconconflictresolvedoverlay@2x.png using Guid(4a231ba0e81e63849a8f985c228e8acd) Importer(815301076,1909f56bfc062723c751e8b465ee728b)  -> (artifact id: '9c2b1b1451cccff56e4b7d8bb2fbbf99') in 0.012532 seconds 
========================================================================
Received Import Request.
  Time since last request: 0.000029 seconds.
  path: Packages/com.unity.collab-proxy/Editor/PlasticSCM/Assets/Images/d_iconclosebutton@2x.png
  artifactKey: Guid(0525793900d728a42936791a8a6de63b) Importer(815301076,1909f56bfc062723c751e8b465ee728b)
Start importing Packages/com.unity.collab-proxy/Editor/PlasticSCM/Assets/Images/d_iconclosebutton@2x.png using Guid(0525793900d728a42936791a8a6de63b) Importer(815301076,1909f56bfc062723c751e8b465ee728b)  -> (artifact id: '582a511b90f8e06ef0377c6063311950') in 0.011650 seconds 
========================================================================
Received Import Request.
  Time since last request: 0.000046 seconds.
  path: Packages/com.unity.collab-proxy/Editor/PlasticSCM/Assets/Images/d_iconconflictedoverlay.png
  artifactKey: Guid(a892bcc7ae1871447926b3c44d158763) Importer(815301076,1909f56bfc062723c751e8b465ee728b)
Start importing Packages/com.unity.collab-proxy/Editor/PlasticSCM/Assets/Images/d_iconconflictedoverlay.png using Guid(a892bcc7ae1871447926b3c44d158763) Importer(815301076,1909f56bfc062723c751e8b465ee728b)  -> (artifact id: '0ec470da5622ae5ff6b05ee0634accdd') in 0.009480 seconds 
========================================================================
Received Import Request.
  Time since last request: 0.000363 seconds.
  path: Packages/com.unity.collab-proxy/Editor/PlasticSCM/Assets/Images/d_iconconflictedoverlay@2x.png
  artifactKey: Guid(a3ced8f7044b9de4787602a9e9b20ea7) Importer(815301076,1909f56bfc062723c751e8b465ee728b)
Start importing Packages/com.unity.collab-proxy/Editor/PlasticSCM/Assets/Images/d_iconconflictedoverlay@2x.png using Guid(a3ced8f7044b9de4787602a9e9b20ea7) Importer(815301076,1909f56bfc062723c751e8b465ee728b)  -> (artifact id: '03acf0fb7e54ded0b16fb127e2869661') in 0.014915 seconds 
========================================================================
Received Import Request.
  Time since last request: 0.275894 seconds.
  path: Packages/com.unity.collab-proxy/Editor/PlasticSCM/Assets/Images/d_icondeletedlocaloverlay.png
  artifactKey: Guid(4da274d970a82a943ae3979e7833f3dd) Importer(815301076,1909f56bfc062723c751e8b465ee728b)
Start importing Packages/com.unity.collab-proxy/Editor/PlasticSCM/Assets/Images/d_icondeletedlocaloverlay.png using Guid(4da274d970a82a943ae3979e7833f3dd) Importer(815301076,1909f56bfc062723c751e8b465ee728b)  -> (artifact id: '676605445b79ec9d4a16b1aa1e15bce3') in 0.013711 seconds 
========================================================================
Received Import Request.
  Time since last request: 0.000035 seconds.
  path: Packages/com.unity.collab-proxy/Editor/PlasticSCM/Assets/Images/d_icondeletedlocaloverlay@2x.png
  artifactKey: Guid(92b204cca46037444ab18ba6701f86f7) Importer(815301076,1909f56bfc062723c751e8b465ee728b)
Start importing Packages/com.unity.collab-proxy/Editor/PlasticSCM/Assets/Images/d_icondeletedlocaloverlay@2x.png using Guid(92b204cca46037444ab18ba6701f86f7) Importer(815301076,1909f56bfc062723c751e8b465ee728b)  -> (artifact id: 'd2cf37926f447b49ecb63c64889cc887') in 0.014445 seconds 
========================================================================
Received Import Request.
  Time since last request: 0.000036 seconds.
  path: Packages/com.unity.collab-proxy/Editor/PlasticSCM/Assets/Images/d_icondeletedremote@2x.png
  artifactKey: Guid(626b9cddb29049e4cac50cd87b419945) Importer(815301076,1909f56bfc062723c751e8b465ee728b)
Start importing Packages/com.unity.collab-proxy/Editor/PlasticSCM/Assets/Images/d_icondeletedremote@2x.png using Guid(626b9cddb29049e4cac50cd87b419945) Importer(815301076,1909f56bfc062723c751e8b465ee728b)  -> (artifact id: '537215396cb96684792a945be14e2b3f') in 0.012524 seconds 
========================================================================
Received Import Request.
  Time since last request: 0.000060 seconds.
  path: Packages/com.unity.collab-proxy/Editor/PlasticSCM/Assets/Images/d_icondeletedremote.png
  artifactKey: Guid(23e66f7264c74424889342127f229577) Importer(815301076,1909f56bfc062723c751e8b465ee728b)
Start importing Packages/com.unity.collab-proxy/Editor/PlasticSCM/Assets/Images/d_icondeletedremote.png using Guid(23e66f7264c74424889342127f229577) Importer(815301076,1909f56bfc062723c751e8b465ee728b)  -> (artifact id: '06bf5e3a31534e4d4f54911db29812a1') in 0.015336 seconds 
========================================================================
Received Import Request.
  Time since last request: 0.000034 seconds.
  path: Packages/com.unity.collab-proxy/Editor/PlasticSCM/Assets/Images/d_icondeletedremoteoverlay.png
  artifactKey: Guid(3de8a0634e55df8499c88204001cb0dd) Importer(815301076,1909f56bfc062723c751e8b465ee728b)
Start importing Packages/com.unity.collab-proxy/Editor/PlasticSCM/Assets/Images/d_icondeletedremoteoverlay.png using Guid(3de8a0634e55df8499c88204001cb0dd) Importer(815301076,1909f56bfc062723c751e8b465ee728b)  -> (artifact id: 'd00c9463ddcce5a191de6a3fe2b5f19f') in 0.010961 seconds 
========================================================================
Received Import Request.
  Time since last request: 0.000058 seconds.
  path: Packages/com.unity.collab-proxy/Editor/PlasticSCM/Assets/Images/d_icondeletedremoteoverlay@2x.png
  artifactKey: Guid(2cfbf6619eb047545a425e8a31732c83) Importer(815301076,1909f56bfc062723c751e8b465ee728b)
Start importing Packages/com.unity.collab-proxy/Editor/PlasticSCM/Assets/Images/d_icondeletedremoteoverlay@2x.png using Guid(2cfbf6619eb047545a425e8a31732c83) Importer(815301076,1909f56bfc062723c751e8b465ee728b)  -> (artifact id: '003d6b12395ef88bd3c730a100c52129') in 0.009924 seconds 
========================================================================
Received Import Request.
  Time since last request: 0.342394 seconds.
  path: Packages/com.unity.collab-proxy/Editor/PlasticSCM/Assets/Images/d_iconlockedlocaloverlay.png
  artifactKey: Guid(71c45f80bffdb9145ad2c456254c862e) Importer(815301076,1909f56bfc062723c751e8b465ee728b)
Start importing Packages/com.unity.collab-proxy/Editor/PlasticSCM/Assets/Images/d_iconlockedlocaloverlay.png using Guid(71c45f80bffdb9145ad2c456254c862e) Importer(815301076,1909f56bfc062723c751e8b465ee728b)  -> (artifact id: '180e63b0aa513f70b52bb3d640604b14') in 0.017632 seconds 
========================================================================
Received Import Request.
  Time since last request: 0.000048 seconds.
  path: Packages/com.unity.collab-proxy/Editor/PlasticSCM/Assets/Images/d_iconlockedlocaloverlay@2x.png
  artifactKey: Guid(ae53a7884da90e94eb5dfeab594b746c) Importer(815301076,1909f56bfc062723c751e8b465ee728b)
Start importing Packages/com.unity.collab-proxy/Editor/PlasticSCM/Assets/Images/d_iconlockedlocaloverlay@2x.png using Guid(ae53a7884da90e94eb5dfeab594b746c) Importer(815301076,1909f56bfc062723c751e8b465ee728b)  -> (artifact id: '44c533e74870c0f9e9c4a7ae502cf436') in 0.011818 seconds 
========================================================================
Received Import Request.
  Time since last request: 0.000051 seconds.
  path: Packages/com.unity.collab-proxy/Editor/PlasticSCM/Assets/Images/d_iconlockedremoteoverlay.png
  artifactKey: Guid(1046ed65e6aaffb4391378f6d08d6c14) Importer(815301076,1909f56bfc062723c751e8b465ee728b)
Start importing Packages/com.unity.collab-proxy/Editor/PlasticSCM/Assets/Images/d_iconlockedremoteoverlay.png using Guid(1046ed65e6aaffb4391378f6d08d6c14) Importer(815301076,1909f56bfc062723c751e8b465ee728b)  -> (artifact id: '84d5d4105e0e75bccfb8d9ba3502a614') in 0.013034 seconds 
========================================================================
Received Import Request.
  Time since last request: 0.000036 seconds.
  path: Packages/com.unity.collab-proxy/Editor/PlasticSCM/Assets/Images/d_iconlockedremoteoverlay@2x.png
  artifactKey: Guid(2bb4e96f5d0b02c468932d665a015c54) Importer(815301076,1909f56bfc062723c751e8b465ee728b)
Start importing Packages/com.unity.collab-proxy/Editor/PlasticSCM/Assets/Images/d_iconlockedremoteoverlay@2x.png using Guid(2bb4e96f5d0b02c468932d665a015c54) Importer(815301076,1909f56bfc062723c751e8b465ee728b)  -> (artifact id: '729ca72630c28c6cf579962a2443ef7e') in 0.017215 seconds 
========================================================================
Received Import Request.
  Time since last request: 0.000032 seconds.
  path: Packages/com.unity.collab-proxy/Editor/PlasticSCM/Assets/Images/d_iconoutofsync@2x.png
  artifactKey: Guid(f82dfc5fc3c5a8f4080a3550427019c8) Importer(815301076,1909f56bfc062723c751e8b465ee728b)
Start importing Packages/com.unity.collab-proxy/Editor/PlasticSCM/Assets/Images/d_iconoutofsync@2x.png using Guid(f82dfc5fc3c5a8f4080a3550427019c8) Importer(815301076,1909f56bfc062723c751e8b465ee728b)  -> (artifact id: '6cfd8a7461834e482c9cfbb1f6d41978') in 0.010836 seconds 
========================================================================
Received Import Request.
  Time since last request: 0.000062 seconds.
  path: Packages/com.unity.collab-proxy/Editor/PlasticSCM/Assets/Images/d_iconoutofsync.png
  artifactKey: Guid(0e80bd0b4a8196f46acf73711b9505ec) Importer(815301076,1909f56bfc062723c751e8b465ee728b)
Start importing Packages/com.unity.collab-proxy/Editor/PlasticSCM/Assets/Images/d_iconoutofsync.png using Guid(0e80bd0b4a8196f46acf73711b9505ec) Importer(815301076,1909f56bfc062723c751e8b465ee728b)  -> (artifact id: '85e2c721d085ee3af734e6d10004232a') in 0.012850 seconds 
========================================================================
Received Import Request.
  Time since last request: 0.000038 seconds.
  path: Packages/com.unity.collab-proxy/Editor/PlasticSCM/Assets/Images/d_iconoutofsyncoverlay@2x.png
  artifactKey: Guid(4d7e6e570e9d65a4c9a994783a0652e2) Importer(815301076,1909f56bfc062723c751e8b465ee728b)
Start importing Packages/com.unity.collab-proxy/Editor/PlasticSCM/Assets/Images/d_iconoutofsyncoverlay@2x.png using Guid(4d7e6e570e9d65a4c9a994783a0652e2) Importer(815301076,1909f56bfc062723c751e8b465ee728b)  -> (artifact id: 'a4ed090e45739dd66d58ef331014b000') in 0.014779 seconds 
========================================================================
Received Import Request.
  Time since last request: 0.000054 seconds.
  path: Packages/com.unity.collab-proxy/Editor/PlasticSCM/Assets/Images/d_iconoutofsyncoverlay.png
  artifactKey: Guid(dc633de6e6e7415448c7568418239a9d) Importer(815301076,1909f56bfc062723c751e8b465ee728b)
Start importing Packages/com.unity.collab-proxy/Editor/PlasticSCM/Assets/Images/d_iconoutofsyncoverlay.png using Guid(dc633de6e6e7415448c7568418239a9d) Importer(815301076,1909f56bfc062723c751e8b465ee728b)  -> (artifact id: 'bb4ba22b6dc9f4bda3727ac8af06fe9f') in 0.012348 seconds 
========================================================================
Received Import Request.
  Time since last request: 0.312752 seconds.
  path: Packages/com.unity.collab-proxy/Editor/PlasticSCM/Assets/Images/d_iconplasticnotifyconflict.png
  artifactKey: Guid(51582ae5ea51fa14996791a550f89473) Importer(815301076,1909f56bfc062723c751e8b465ee728b)
Start importing Packages/com.unity.collab-proxy/Editor/PlasticSCM/Assets/Images/d_iconplasticnotifyconflict.png using Guid(51582ae5ea51fa14996791a550f89473) Importer(815301076,1909f56bfc062723c751e8b465ee728b)  -> (artifact id: '6cd8d32831fce80a24c33c1849b54557') in 0.051025 seconds 
========================================================================
Received Import Request.
  Time since last request: 0.000026 seconds.
  path: Packages/com.unity.collab-proxy/Editor/PlasticSCM/Assets/Images/d_iconplasticview.png
  artifactKey: Guid(519d97e745e55f041b609f3666cbc037) Importer(815301076,1909f56bfc062723c751e8b465ee728b)
Start importing Packages/com.unity.collab-proxy/Editor/PlasticSCM/Assets/Images/d_iconplasticview.png using Guid(519d97e745e55f041b609f3666cbc037) Importer(815301076,1909f56bfc062723c751e8b465ee728b)  -> (artifact id: 'ee09ff37ad1f80c463aaeca4d73753a5') in 0.009407 seconds 
========================================================================
Received Import Request.
  Time since last request: 0.000054 seconds.
  path: Packages/com.unity.collab-proxy/Editor/PlasticSCM/Assets/Images/d_iconplasticview@2x.png
  artifactKey: Guid(3168140d6f409d0448447f18568d9482) Importer(815301076,1909f56bfc062723c751e8b465ee728b)
Start importing Packages/com.unity.collab-proxy/Editor/PlasticSCM/Assets/Images/d_iconplasticview@2x.png using Guid(3168140d6f409d0448447f18568d9482) Importer(815301076,1909f56bfc062723c751e8b465ee728b)  -> (artifact id: '4b40788a41cd65749612aeb98ff9d1ca') in 0.013542 seconds 
========================================================================
Received Import Request.
  Time since last request: 0.000053 seconds.
  path: Packages/com.unity.collab-proxy/Editor/PlasticSCM/Assets/Images/d_iconplasticnotifyconflict@2x.png
  artifactKey: Guid(23743f0c0ed1e6546808a5d645c2a6a5) Importer(815301076,1909f56bfc062723c751e8b465ee728b)
Start importing Packages/com.unity.collab-proxy/Editor/PlasticSCM/Assets/Images/d_iconplasticnotifyconflict@2x.png using Guid(23743f0c0ed1e6546808a5d645c2a6a5) Importer(815301076,1909f56bfc062723c751e8b465ee728b)  -> (artifact id: '6b4836914b0656e686b752351cd6ebc9') in 0.015698 seconds 
========================================================================
Received Import Request.
  Time since last request: 0.000033 seconds.
  path: Packages/com.unity.collab-proxy/Editor/PlasticSCM/Assets/Images/d_iconplasticnotifyincoming@2x.png
  artifactKey: Guid(c5fc116b3271b5947808130b2212cd60) Importer(815301076,1909f56bfc062723c751e8b465ee728b)
Start importing Packages/com.unity.collab-proxy/Editor/PlasticSCM/Assets/Images/d_iconplasticnotifyincoming@2x.png using Guid(c5fc116b3271b5947808130b2212cd60) Importer(815301076,1909f56bfc062723c751e8b465ee728b)  -> (artifact id: '9ab3db1588cbf7df1907b86258f8ecae') in 0.012681 seconds 
========================================================================
Received Import Request.
  Time since last request: 0.000031 seconds.
  path: Packages/com.unity.collab-proxy/Editor/PlasticSCM/Assets/Images/d_iconplasticnotifyincoming.png
  artifactKey: Guid(f31d2c855644aad4cb2030bce12859f6) Importer(815301076,1909f56bfc062723c751e8b465ee728b)
Start importing Packages/com.unity.collab-proxy/Editor/PlasticSCM/Assets/Images/d_iconplasticnotifyincoming.png using Guid(f31d2c855644aad4cb2030bce12859f6) Importer(815301076,1909f56bfc062723c751e8b465ee728b)  -> (artifact id: '74a9adb7a03f0ea0e0cec320b19ebd00') in 0.009585 seconds 
========================================================================
Received Import Request.
  Time since last request: 0.000071 seconds.
  path: Packages/com.unity.collab-proxy/Editor/PlasticSCM/Assets/Images/d_iconprivateoverlay.png
  artifactKey: Guid(059fb5367594a3343814dc25ace454b3) Importer(815301076,1909f56bfc062723c751e8b465ee728b)
Start importing Packages/com.unity.collab-proxy/Editor/PlasticSCM/Assets/Images/d_iconprivateoverlay.png using Guid(059fb5367594a3343814dc25ace454b3) Importer(815301076,1909f56bfc062723c751e8b465ee728b)  -> (artifact id: 'eac76d027a4a8ae45c460af1e9ef88c2') in 0.013603 seconds 
========================================================================
Received Import Request.
  Time since last request: 0.000033 seconds.
  path: Packages/com.unity.collab-proxy/Editor/PlasticSCM/Assets/Images/d_iconundo.png
  artifactKey: Guid(691dc543ff5b9ca44bf846657ba04161) Importer(815301076,1909f56bfc062723c751e8b465ee728b)
Start importing Packages/com.unity.collab-proxy/Editor/PlasticSCM/Assets/Images/d_iconundo.png using Guid(691dc543ff5b9ca44bf846657ba04161) Importer(815301076,1909f56bfc062723c751e8b465ee728b)  -> (artifact id: '73ee3e1ea33e7f9e17169d3f16d81941') in 0.013640 seconds 
========================================================================
Received Import Request.
  Time since last request: 0.000028 seconds.
  path: Packages/com.unity.collab-proxy/Editor/PlasticSCM/Assets/Images/d_iconundo@2x.png
  artifactKey: Guid(6d6088174bb906b49ad8428526ee337b) Importer(815301076,1909f56bfc062723c751e8b465ee728b)
Start importing Packages/com.unity.collab-proxy/Editor/PlasticSCM/Assets/Images/d_iconundo@2x.png using Guid(6d6088174bb906b49ad8428526ee337b) Importer(815301076,1909f56bfc062723c751e8b465ee728b)  -> (artifact id: '5690b18278dfe6bd6a70c310d0f255c4') in 0.012159 seconds 
========================================================================
Received Import Request.
  Time since last request: 0.000063 seconds.
  path: Packages/com.unity.collab-proxy/Editor/PlasticSCM/Assets/Images/d_iconprivateoverlay@2x.png
  artifactKey: Guid(7f854f490da24e54f9e8383e446b5d81) Importer(815301076,1909f56bfc062723c751e8b465ee728b)
Start importing Packages/com.unity.collab-proxy/Editor/PlasticSCM/Assets/Images/d_iconprivateoverlay@2x.png using Guid(7f854f490da24e54f9e8383e446b5d81) Importer(815301076,1909f56bfc062723c751e8b465ee728b)  -> (artifact id: '09cecc8cdfb79986472b93eb6faf2fb7') in 0.011536 seconds 
========================================================================
Received Import Request.
  Time since last request: 0.192846 seconds.
  path: Packages/com.unity.collab-proxy/Editor/PlasticSCM/Assets/Images/d_ignoredoverlay.png
  artifactKey: Guid(0f5597de928ba6547895c4cdb9fa4185) Importer(815301076,1909f56bfc062723c751e8b465ee728b)
Start importing Packages/com.unity.collab-proxy/Editor/PlasticSCM/Assets/Images/d_ignoredoverlay.png using Guid(0f5597de928ba6547895c4cdb9fa4185) Importer(815301076,1909f56bfc062723c751e8b465ee728b)  -> (artifact id: '7d5317cf08bcb092f066f248f9f30f69') in 0.017068 seconds 
========================================================================
Received Import Request.
  Time since last request: 0.000085 seconds.
  path: Packages/com.unity.collab-proxy/Editor/PlasticSCM/Assets/Images/d_ignoredoverlay@2x.png
  artifactKey: Guid(68fafd0a2acc3774988418f657bf7b68) Importer(815301076,1909f56bfc062723c751e8b465ee728b)
Start importing Packages/com.unity.collab-proxy/Editor/PlasticSCM/Assets/Images/d_ignoredoverlay@2x.png using Guid(68fafd0a2acc3774988418f657bf7b68) Importer(815301076,1909f56bfc062723c751e8b465ee728b)  -> (artifact id: '36ee0b81c5b96f7a13090619e6b3de34') in 0.010172 seconds 
========================================================================
Received Import Request.
  Time since last request: 0.000030 seconds.
  path: Packages/com.unity.collab-proxy/Editor/PlasticSCM/Assets/Images/d_loading.png
  artifactKey: Guid(d58e94bfb1bac774dbb8ca9c2597ef2e) Importer(815301076,1909f56bfc062723c751e8b465ee728b)
Start importing Packages/com.unity.collab-proxy/Editor/PlasticSCM/Assets/Images/d_loading.png using Guid(d58e94bfb1bac774dbb8ca9c2597ef2e) Importer(815301076,1909f56bfc062723c751e8b465ee728b)  -> (artifact id: '9452985eb015dea0d47aedf62e13774a') in 0.011460 seconds 
========================================================================
Received Import Request.
  Time since last request: 0.000038 seconds.
  path: Packages/com.unity.collab-proxy/Editor/PlasticSCM/Assets/Images/d_loading@2x.png
  artifactKey: Guid(7ee48c5fba4919649a8a6094cbead669) Importer(815301076,1909f56bfc062723c751e8b465ee728b)
Start importing Packages/com.unity.collab-proxy/Editor/PlasticSCM/Assets/Images/d_loading@2x.png using Guid(7ee48c5fba4919649a8a6094cbead669) Importer(815301076,1909f56bfc062723c751e8b465ee728b)  -> (artifact id: '0d10d95ff5e0322a8930a9ed4f44f2f7') in 0.012788 seconds 
========================================================================
Received Import Request.
  Time since last request: 0.005481 seconds.
  path: Packages/com.unity.collab-proxy/Editor/PlasticSCM/Assets/Images/d_refresh.png
  artifactKey: Guid(92b8c447daf4d4b41a0ec148d1091261) Importer(815301076,1909f56bfc062723c751e8b465ee728b)
Start importing Packages/com.unity.collab-proxy/Editor/PlasticSCM/Assets/Images/d_refresh.png using Guid(92b8c447daf4d4b41a0ec148d1091261) Importer(815301076,1909f56bfc062723c751e8b465ee728b)  -> (artifact id: '98ec2871761dfabdccdfa3ffb39f6505') in 0.010611 seconds 
========================================================================
Received Import Request.
  Time since last request: 0.000078 seconds.
  path: Packages/com.unity.collab-proxy/Editor/PlasticSCM/Assets/Images/d_refresh@2x.png
  artifactKey: Guid(602b72d4617c3694aa94419fc1b68e04) Importer(815301076,1909f56bfc062723c751e8b465ee728b)
Start importing Packages/com.unity.collab-proxy/Editor/PlasticSCM/Assets/Images/d_refresh@2x.png using Guid(602b72d4617c3694aa94419fc1b68e04) Importer(815301076,1909f56bfc062723c751e8b465ee728b)  -> (artifact id: 'fe9f62e55775e71d3a317174ca0b0298') in 0.010844 seconds 
========================================================================
Received Import Request.
  Time since last request: 0.000024 seconds.
  path: Packages/com.unity.collab-proxy/Editor/PlasticSCM/Assets/Images/d_secondarytabclose.png
  artifactKey: Guid(6975ee4c1f40caf4da8dd733ee2cfeaf) Importer(815301076,1909f56bfc062723c751e8b465ee728b)
Start importing Packages/com.unity.collab-proxy/Editor/PlasticSCM/Assets/Images/d_secondarytabclose.png using Guid(6975ee4c1f40caf4da8dd733ee2cfeaf) Importer(815301076,1909f56bfc062723c751e8b465ee728b)  -> (artifact id: '51793d1d9c2c86d92cbf7862b956d484') in 0.011940 seconds 
========================================================================
Received Import Request.
  Time since last request: 0.000032 seconds.
  path: Packages/com.unity.collab-proxy/Editor/PlasticSCM/Assets/Images/d_secondarytabclosehover.png
  artifactKey: Guid(6a9d211bea1bc4a429d86cbb2d0b0a3e) Importer(815301076,1909f56bfc062723c751e8b465ee728b)
Start importing Packages/com.unity.collab-proxy/Editor/PlasticSCM/Assets/Images/d_secondarytabclosehover.png using Guid(6a9d211bea1bc4a429d86cbb2d0b0a3e) Importer(815301076,1909f56bfc062723c751e8b465ee728b)  -> (artifact id: '5489ed68a6b72a36b3f4d83f00be0d81') in 0.009013 seconds 
========================================================================
Received Import Request.
  Time since last request: 0.000035 seconds.
  path: Packages/com.unity.collab-proxy/Editor/PlasticSCM/Assets/Images/d_secondarytabclosehover@2x.png
  artifactKey: Guid(9aa4348290784b2468144a97eb15d8d7) Importer(815301076,1909f56bfc062723c751e8b465ee728b)
Start importing Packages/com.unity.collab-proxy/Editor/PlasticSCM/Assets/Images/d_secondarytabclosehover@2x.png using Guid(9aa4348290784b2468144a97eb15d8d7) Importer(815301076,1909f56bfc062723c751e8b465ee728b)  -> (artifact id: '5eddfecc4ca24f0a1744b27112b82df1') in 0.014581 seconds 
========================================================================
Received Import Request.
  Time since last request: 0.000026 seconds.
  path: Packages/com.unity.collab-proxy/Editor/PlasticSCM/Assets/Images/d_step1.png
  artifactKey: Guid(38236a82ff44aaa4b972248479d5f970) Importer(815301076,1909f56bfc062723c751e8b465ee728b)
Start importing Packages/com.unity.collab-proxy/Editor/PlasticSCM/Assets/Images/d_step1.png using Guid(38236a82ff44aaa4b972248479d5f970) Importer(815301076,1909f56bfc062723c751e8b465ee728b)  -> (artifact id: '3db28f64fe2b6034b79e0be6c364971f') in 0.019831 seconds 
========================================================================
Received Import Request.
  Time since last request: 0.240618 seconds.
  path: Packages/com.unity.collab-proxy/Editor/PlasticSCM/Assets/Images/d_step1@2x.png
  artifactKey: Guid(c8a69ecdf54ac8e4b873466605de27ff) Importer(815301076,1909f56bfc062723c751e8b465ee728b)
Start importing Packages/com.unity.collab-proxy/Editor/PlasticSCM/Assets/Images/d_step1@2x.png using Guid(c8a69ecdf54ac8e4b873466605de27ff) Importer(815301076,1909f56bfc062723c751e8b465ee728b)  -> (artifact id: 'd27fb1818d74c617dacd6a893ad5d933') in 0.033190 seconds 
========================================================================
Received Import Request.
  Time since last request: 0.000030 seconds.
  path: Packages/com.unity.collab-proxy/Editor/PlasticSCM/Assets/Images/d_step2.png
  artifactKey: Guid(897c3a3f5c4038345a7143573bbb4a40) Importer(815301076,1909f56bfc062723c751e8b465ee728b)
Start importing Packages/com.unity.collab-proxy/Editor/PlasticSCM/Assets/Images/d_step2.png using Guid(897c3a3f5c4038345a7143573bbb4a40) Importer(815301076,1909f56bfc062723c751e8b465ee728b)  -> (artifact id: '0259a9860d8f12cfecc195a6be15b947') in 0.013096 seconds 
========================================================================
Received Import Request.
  Time since last request: 0.000028 seconds.
  path: Packages/com.unity.collab-proxy/Editor/PlasticSCM/Assets/Images/d_step3.png
  artifactKey: Guid(46930b20180b59e46b73494adf53abbb) Importer(815301076,1909f56bfc062723c751e8b465ee728b)
Start importing Packages/com.unity.collab-proxy/Editor/PlasticSCM/Assets/Images/d_step3.png using Guid(46930b20180b59e46b73494adf53abbb) Importer(815301076,1909f56bfc062723c751e8b465ee728b)  -> (artifact id: '1eff77bd0233ce1739decc6324ad2308') in 0.012067 seconds 
========================================================================
Received Import Request.
  Time since last request: 0.000188 seconds.
  path: Packages/com.unity.collab-proxy/Editor/PlasticSCM/Assets/Images/d_step2@2x.png
  artifactKey: Guid(cdb88fdb0cf46b244a667edaff21c7df) Importer(815301076,1909f56bfc062723c751e8b465ee728b)
Start importing Packages/com.unity.collab-proxy/Editor/PlasticSCM/Assets/Images/d_step2@2x.png using Guid(cdb88fdb0cf46b244a667edaff21c7df) Importer(815301076,1909f56bfc062723c751e8b465ee728b)  -> (artifact id: 'd4ec5830d5ca9e385235a31d4e496ee7') in 0.015176 seconds 
========================================================================
Received Import Request.
  Time since last request: 0.000030 seconds.
  path: Packages/com.unity.collab-proxy/Editor/PlasticSCM/Assets/Images/d_stepok.png
  artifactKey: Guid(be423a54b981d38428de82ad12534629) Importer(815301076,1909f56bfc062723c751e8b465ee728b)
Start importing Packages/com.unity.collab-proxy/Editor/PlasticSCM/Assets/Images/d_stepok.png using Guid(be423a54b981d38428de82ad12534629) Importer(815301076,1909f56bfc062723c751e8b465ee728b)  -> (artifact id: '897686a056d8d47e976c33ac98a0eda7') in 0.011493 seconds 
========================================================================
Received Import Request.
  Time since last request: 0.000052 seconds.
  path: Packages/com.unity.collab-proxy/Editor/PlasticSCM/Assets/Images/d_step3@2x.png
  artifactKey: Guid(c9ed6d6ea2f9657409bfa068d4846139) Importer(815301076,1909f56bfc062723c751e8b465ee728b)
Start importing Packages/com.unity.collab-proxy/Editor/PlasticSCM/Assets/Images/d_step3@2x.png using Guid(c9ed6d6ea2f9657409bfa068d4846139) Importer(815301076,1909f56bfc062723c751e8b465ee728b)  -> (artifact id: 'dd4507c5744b811efe7262b6c182ca16') in 0.011498 seconds 
========================================================================
Received Import Request.
  Time since last request: 0.000032 seconds.
  path: Packages/com.unity.collab-proxy/Editor/PlasticSCM/Assets/Images/d_stepok@2x.png
  artifactKey: Guid(3494dc956dfd7174abc07060940a2848) Importer(815301076,1909f56bfc062723c751e8b465ee728b)
Start importing Packages/com.unity.collab-proxy/Editor/PlasticSCM/Assets/Images/d_stepok@2x.png using Guid(3494dc956dfd7174abc07060940a2848) Importer(815301076,1909f56bfc062723c751e8b465ee728b)  -> (artifact id: '4a23f61577ed713058f81af6bcad2432') in 0.016101 seconds 
========================================================================
Received Import Request.
  Time since last request: 0.000031 seconds.
  path: Packages/com.unity.timeline/Editor/StyleSheets/Images/Icons/d_TimelineCollapseMarkerButtonDisabled.png
  artifactKey: Guid(40947ddc2dd4f0d499a92d0f3675c4e8) Importer(815301076,1909f56bfc062723c751e8b465ee728b)
Start importing Packages/com.unity.timeline/Editor/StyleSheets/Images/Icons/d_TimelineCollapseMarkerButtonDisabled.png using Guid(40947ddc2dd4f0d499a92d0f3675c4e8) Importer(815301076,1909f56bfc062723c751e8b465ee728b)  -> (artifact id: '31b886ee2cb209d8cbf2e4623c6e7033') in 0.013809 seconds 
========================================================================
Received Import Request.
  Time since last request: 0.713020 seconds.
  path: Packages/com.unity.timeline/Editor/StyleSheets/Images/Icons/d_TimelineCollapseMarkerButtonEnabled.png
  artifactKey: Guid(2446ee609b613cd4e9142ccc55cb7c43) Importer(815301076,1909f56bfc062723c751e8b465ee728b)
Start importing Packages/com.unity.timeline/Editor/StyleSheets/Images/Icons/d_TimelineCollapseMarkerButtonEnabled.png using Guid(2446ee609b613cd4e9142ccc55cb7c43) Importer(815301076,1909f56bfc062723c751e8b465ee728b)  -> (artifact id: '5dc19e3b3ffff54bee9214fdeea3ccf0') in 0.016142 seconds 
========================================================================
Received Import Request.
  Time since last request: 0.000034 seconds.
  path: Packages/com.unity.timeline/Editor/StyleSheets/Images/Icons/d_TimelineDigIn.png
  artifactKey: Guid(22c3c381bd3cd4a40a8541103023e1ef) Importer(815301076,1909f56bfc062723c751e8b465ee728b)
Start importing Packages/com.unity.timeline/Editor/StyleSheets/Images/Icons/d_TimelineDigIn.png using Guid(22c3c381bd3cd4a40a8541103023e1ef) Importer(815301076,1909f56bfc062723c751e8b465ee728b)  -> (artifact id: 'ee6ce0b707c0fe207acf6cdb540fd713') in 0.013268 seconds 
========================================================================
Received Import Request.
  Time since last request: 0.034827 seconds.
  path: Packages/com.unity.timeline/Editor/StyleSheets/Images/Icons/d_TimelineEditModeMixOFF.png
  artifactKey: Guid(39d9575ed0465354cb02b69ea18526de) Importer(815301076,1909f56bfc062723c751e8b465ee728b)
Start importing Packages/com.unity.timeline/Editor/StyleSheets/Images/Icons/d_TimelineEditModeMixOFF.png using Guid(39d9575ed0465354cb02b69ea18526de) Importer(815301076,1909f56bfc062723c751e8b465ee728b)  -> (artifact id: 'f59c55957ef232ba9204e9a5c80ae175') in 0.009187 seconds 
========================================================================
Received Import Request.
  Time since last request: 0.000029 seconds.
  path: Packages/com.unity.timeline/Editor/StyleSheets/Images/Icons/d_TimelineEditModeMixON.png
  artifactKey: Guid(7c681ffb5a436684fa3e98a9b66775c0) Importer(815301076,1909f56bfc062723c751e8b465ee728b)
Start importing Packages/com.unity.timeline/Editor/StyleSheets/Images/Icons/d_TimelineEditModeMixON.png using Guid(7c681ffb5a436684fa3e98a9b66775c0) Importer(815301076,1909f56bfc062723c751e8b465ee728b)  -> (artifact id: 'd9e11469403602e5b79121ae77aed98c') in 0.011455 seconds 
========================================================================
Received Import Request.
  Time since last request: 0.032592 seconds.
  path: Packages/com.unity.timeline/Editor/StyleSheets/Images/Icons/d_TimelineEditModeReplaceOFF.png
  artifactKey: Guid(912fd71cbf4cbe140b4f240bedbc1f3e) Importer(815301076,1909f56bfc062723c751e8b465ee728b)
Start importing Packages/com.unity.timeline/Editor/StyleSheets/Images/Icons/d_TimelineEditModeReplaceOFF.png using Guid(912fd71cbf4cbe140b4f240bedbc1f3e) Importer(815301076,1909f56bfc062723c751e8b465ee728b)  -> (artifact id: 'c3b00863381c545becef105136c6d084') in 0.008604 seconds 
========================================================================
Received Import Request.
  Time since last request: 0.000036 seconds.
  path: Packages/com.unity.timeline/Editor/StyleSheets/Images/Icons/d_TimelineEditModeReplaceON.png
  artifactKey: Guid(7b4b3cedf598c954cb2f38d6e2e34c0d) Importer(815301076,1909f56bfc062723c751e8b465ee728b)
Start importing Packages/com.unity.timeline/Editor/StyleSheets/Images/Icons/d_TimelineEditModeReplaceON.png using Guid(7b4b3cedf598c954cb2f38d6e2e34c0d) Importer(815301076,1909f56bfc062723c751e8b465ee728b)  -> (artifact id: '78e394f4b17e1d3bbf167b733a994f78') in 0.013936 seconds 
========================================================================
Received Import Request.
  Time since last request: 0.615382 seconds.
  path: Packages/com.unity.timeline/Editor/StyleSheets/Images/Icons/d_TimelineEditModeRippleOFF.png
  artifactKey: Guid(411e6f19c19fa0546af83aeb59c2ed4b) Importer(815301076,1909f56bfc062723c751e8b465ee728b)
Start importing Packages/com.unity.timeline/Editor/StyleSheets/Images/Icons/d_TimelineEditModeRippleOFF.png using Guid(411e6f19c19fa0546af83aeb59c2ed4b) Importer(815301076,1909f56bfc062723c751e8b465ee728b)  -> (artifact id: '0b07afabf0b218f48b365dc4e797ddd8') in 0.044585 seconds 
========================================================================
Received Import Request.
  Time since last request: 0.000029 seconds.
  path: Packages/com.unity.timeline/Editor/StyleSheets/Images/Icons/d_TimelineEditModeRippleON.png
  artifactKey: Guid(67a774c4384aa6c488128e2851b18ced) Importer(815301076,1909f56bfc062723c751e8b465ee728b)
Start importing Packages/com.unity.timeline/Editor/StyleSheets/Images/Icons/d_TimelineEditModeRippleON.png using Guid(67a774c4384aa6c488128e2851b18ced) Importer(815301076,1909f56bfc062723c751e8b465ee728b)  -> (artifact id: '4f2ec2d577d2d86dc6a46bb93f2f52a6') in 0.012323 seconds 
========================================================================
Received Import Request.
  Time since last request: 0.000047 seconds.
  path: Packages/com.unity.timeline/Editor/StyleSheets/Images/Icons/d_TimelineHeaderMarkerIcon.png
  artifactKey: Guid(4f8d98ef7dbbe3d469e14c04722cbeed) Importer(815301076,1909f56bfc062723c751e8b465ee728b)
Start importing Packages/com.unity.timeline/Editor/StyleSheets/Images/Icons/d_TimelineHeaderMarkerIcon.png using Guid(4f8d98ef7dbbe3d469e14c04722cbeed) Importer(815301076,1909f56bfc062723c751e8b465ee728b)  -> (artifact id: '6fe344303d298a015b0f46d8648fac38') in 0.013021 seconds 
========================================================================
Received Import Request.
  Time since last request: 0.000043 seconds.
  path: Packages/com.unity.timeline/Editor/StyleSheets/Images/Icons/d_TrackAvatarButtonDisabled.png
  artifactKey: Guid(91746a504b59769439bb2749c314d231) Importer(815301076,1909f56bfc062723c751e8b465ee728b)
Start importing Packages/com.unity.timeline/Editor/StyleSheets/Images/Icons/d_TrackAvatarButtonDisabled.png using Guid(91746a504b59769439bb2749c314d231) Importer(815301076,1909f56bfc062723c751e8b465ee728b)  -> (artifact id: 'b9d779d449efd7b782b23a6c013f1e3b') in 0.014667 seconds 
========================================================================
Received Import Request.
  Time since last request: 0.000028 seconds.
  path: Packages/com.unity.timeline/Editor/StyleSheets/Images/Icons/d_TimelineSignal.png
  artifactKey: Guid(ad2e3e92b00839c4e991ca602ef19822) Importer(815301076,1909f56bfc062723c751e8b465ee728b)
Start importing Packages/com.unity.timeline/Editor/StyleSheets/Images/Icons/d_TimelineSignal.png using Guid(ad2e3e92b00839c4e991ca602ef19822) Importer(815301076,1909f56bfc062723c751e8b465ee728b)  -> (artifact id: '5d20c6d572850c64f7c6f5e616b6528f') in 0.011719 seconds 
========================================================================
Received Import Request.
  Time since last request: 0.000046 seconds.
  path: Packages/com.unity.timeline/Editor/StyleSheets/Images/Icons/d_TimelineSelector.png
  artifactKey: Guid(06bf6150656339941aa98e175a995445) Importer(815301076,1909f56bfc062723c751e8b465ee728b)
Start importing Packages/com.unity.timeline/Editor/StyleSheets/Images/Icons/d_TimelineSelector.png using Guid(06bf6150656339941aa98e175a995445) Importer(815301076,1909f56bfc062723c751e8b465ee728b)  -> (artifact id: 'f801ce9984d8014486d773ff3d14ac68') in 0.012442 seconds 
========================================================================
Received Import Request.
  Time since last request: 0.000025 seconds.
  path: Packages/com.unity.timeline/Editor/StyleSheets/Images/Icons/d_TrackAvatarButtonEnabled.png
  artifactKey: Guid(c207dcd389fb689489f5266468cd4609) Importer(815301076,1909f56bfc062723c751e8b465ee728b)
Start importing Packages/com.unity.timeline/Editor/StyleSheets/Images/Icons/d_TrackAvatarButtonEnabled.png using Guid(c207dcd389fb689489f5266468cd4609) Importer(815301076,1909f56bfc062723c751e8b465ee728b)  -> (artifact id: '676777760235c158ebb4c5cf3e89fbf7') in 0.016655 seconds 
========================================================================
Received Import Request.
  Time since last request: 0.000027 seconds.
  path: Packages/com.unity.timeline/Editor/StyleSheets/Images/Icons/d_TrackAvatarButtonDisabled@2x.png
  artifactKey: Guid(fd194f75fe3d7ca4488fa775ae832fd8) Importer(815301076,1909f56bfc062723c751e8b465ee728b)
Start importing Packages/com.unity.timeline/Editor/StyleSheets/Images/Icons/d_TrackAvatarButtonDisabled@2x.png using Guid(fd194f75fe3d7ca4488fa775ae832fd8) Importer(815301076,1909f56bfc062723c751e8b465ee728b)  -> (artifact id: '9578d5289c9d61c5291f475591cb81f5') in 0.013329 seconds 
========================================================================
Received Import Request.
  Time since last request: 0.471469 seconds.
  path: Packages/com.unity.timeline/Editor/StyleSheets/Images/Icons/d_TrackAvatarButtonEnabled@2x.png
  artifactKey: Guid(fd12dbe3b63ae464f824b4a74c0e1766) Importer(815301076,1909f56bfc062723c751e8b465ee728b)
Start importing Packages/com.unity.timeline/Editor/StyleSheets/Images/Icons/d_TrackAvatarButtonEnabled@2x.png using Guid(fd12dbe3b63ae464f824b4a74c0e1766) Importer(815301076,1909f56bfc062723c751e8b465ee728b)  -> (artifact id: '8cc22f6716162458a294ce50e316410b') in 0.016158 seconds 
========================================================================
Received Import Request.
  Time since last request: 0.000038 seconds.
  path: Packages/com.unity.timeline/Editor/StyleSheets/Images/Icons/d_TrackCurvesButtonDisabled.png
  artifactKey: Guid(d55a54a15106e3f418a43134888f2211) Importer(815301076,1909f56bfc062723c751e8b465ee728b)
Start importing Packages/com.unity.timeline/Editor/StyleSheets/Images/Icons/d_TrackCurvesButtonDisabled.png using Guid(d55a54a15106e3f418a43134888f2211) Importer(815301076,1909f56bfc062723c751e8b465ee728b)  -> (artifact id: '6e5e6d48f07cabee80e37ca50072fc65') in 0.012352 seconds 
========================================================================
Received Import Request.
  Time since last request: 0.000030 seconds.
  path: Packages/com.unity.timeline/Editor/StyleSheets/Images/Icons/d_TrackCurvesButtonDisabled@2x.png
  artifactKey: Guid(1f3ea4caa6e0ec74388e4d7d16690e68) Importer(815301076,1909f56bfc062723c751e8b465ee728b)
Start importing Packages/com.unity.timeline/Editor/StyleSheets/Images/Icons/d_TrackCurvesButtonDisabled@2x.png using Guid(1f3ea4caa6e0ec74388e4d7d16690e68) Importer(815301076,1909f56bfc062723c751e8b465ee728b)  -> (artifact id: 'cb5b33dd2b4c013c3dabcabe6bfe2262') in 0.010575 seconds 
========================================================================
Received Import Request.
  Time since last request: 0.000040 seconds.
  path: Packages/com.unity.timeline/Editor/StyleSheets/Images/Icons/d_TrackCurvesButtonEnabled.png
  artifactKey: Guid(fbcdeb07ee516a64daa01ce462874280) Importer(815301076,1909f56bfc062723c751e8b465ee728b)
Start importing Packages/com.unity.timeline/Editor/StyleSheets/Images/Icons/d_TrackCurvesButtonEnabled.png using Guid(fbcdeb07ee516a64daa01ce462874280) Importer(815301076,1909f56bfc062723c751e8b465ee728b)  -> (artifact id: 'bc4a396cb17c09f42b1d331f56202b26') in 0.022401 seconds 
========================================================================
Received Import Request.
  Time since last request: 0.021709 seconds.
  path: Packages/com.unity.timeline/Editor/StyleSheets/Images/Icons/d_TrackCurvesButtonEnabled@2x.png
  artifactKey: Guid(43ed4593c5ddda0439fcc1bdaf8309fe) Importer(815301076,1909f56bfc062723c751e8b465ee728b)
Start importing Packages/com.unity.timeline/Editor/StyleSheets/Images/Icons/d_TrackCurvesButtonEnabled@2x.png using Guid(43ed4593c5ddda0439fcc1bdaf8309fe) Importer(815301076,1909f56bfc062723c751e8b465ee728b)  -> (artifact id: 'a788953de672ef3cc926cd6afa23b78e') in 0.010774 seconds 
========================================================================
Received Import Request.
  Time since last request: 0.000085 seconds.
  path: Packages/com.unity.timeline/Editor/StyleSheets/Images/Icons/d_TrackLockButtonDisabled@2x.png
  artifactKey: Guid(6f0b77e050cdb12478ed9514b3a0e40e) Importer(815301076,1909f56bfc062723c751e8b465ee728b)
Start importing Packages/com.unity.timeline/Editor/StyleSheets/Images/Icons/d_TrackLockButtonDisabled@2x.png using Guid(6f0b77e050cdb12478ed9514b3a0e40e) Importer(815301076,1909f56bfc062723c751e8b465ee728b)  -> (artifact id: 'd8cdbb7f26680e5059853ff0317947bd') in 0.010736 seconds 
========================================================================
Received Import Request.
  Time since last request: 0.000023 seconds.
  path: Packages/com.unity.timeline/Editor/StyleSheets/Images/Icons/d_TrackLockButtonEnabled.png
  artifactKey: Guid(e8aa120f1b4731e43a2dd31eb70bbbe2) Importer(815301076,1909f56bfc062723c751e8b465ee728b)
Start importing Packages/com.unity.timeline/Editor/StyleSheets/Images/Icons/d_TrackLockButtonEnabled.png using Guid(e8aa120f1b4731e43a2dd31eb70bbbe2) Importer(815301076,1909f56bfc062723c751e8b465ee728b)  -> (artifact id: '87d3733186fd89a30b19b4cc600c982a') in 0.018602 seconds 
========================================================================
Received Import Request.
  Time since last request: 0.000036 seconds.
  path: Packages/com.unity.timeline/Editor/StyleSheets/Images/Icons/d_TrackLockButtonDisabled.png
  artifactKey: Guid(52ee3ba2abc3da14a95cdf64d32ae0ae) Importer(815301076,1909f56bfc062723c751e8b465ee728b)
Start importing Packages/com.unity.timeline/Editor/StyleSheets/Images/Icons/d_TrackLockButtonDisabled.png using Guid(52ee3ba2abc3da14a95cdf64d32ae0ae) Importer(815301076,1909f56bfc062723c751e8b465ee728b)  -> (artifact id: 'c4e37c2eb49e98f6f1ca2b4735d54333') in 0.012357 seconds 
========================================================================
Received Import Request.
  Time since last request: 0.337742 seconds.
  path: Packages/com.unity.timeline/Editor/StyleSheets/Images/Icons/d_TrackLockButtonEnabled@2x.png
  artifactKey: Guid(2c85066ea99cfbe4f90294bf295ce543) Importer(815301076,1909f56bfc062723c751e8b465ee728b)
Start importing Packages/com.unity.timeline/Editor/StyleSheets/Images/Icons/d_TrackLockButtonEnabled@2x.png using Guid(2c85066ea99cfbe4f90294bf295ce543) Importer(815301076,1909f56bfc062723c751e8b465ee728b)  -> (artifact id: '02fb00441c8490f648d8385d2dc2dbc6') in 0.017265 seconds 
========================================================================
Received Import Request.
  Time since last request: 0.000063 seconds.
  path: Packages/com.unity.timeline/Editor/StyleSheets/Images/Icons/d_TrackMarkerButtonDisabled@2x.png
  artifactKey: Guid(77d926c9a4ddcc940b8c000b45cbfb35) Importer(815301076,1909f56bfc062723c751e8b465ee728b)
Start importing Packages/com.unity.timeline/Editor/StyleSheets/Images/Icons/d_TrackMarkerButtonDisabled@2x.png using Guid(77d926c9a4ddcc940b8c000b45cbfb35) Importer(815301076,1909f56bfc062723c751e8b465ee728b)  -> (artifact id: '4848ba27d74a2db92865fb019a488ea2') in 0.011764 seconds 
========================================================================
Received Import Request.
  Time since last request: 0.000337 seconds.
  path: Packages/com.unity.timeline/Editor/StyleSheets/Images/Icons/d_TrackMarkerButtonEnabled.png
  artifactKey: Guid(d18286874382ef042bbbdab5f71329c1) Importer(815301076,1909f56bfc062723c751e8b465ee728b)
Start importing Packages/com.unity.timeline/Editor/StyleSheets/Images/Icons/d_TrackMarkerButtonEnabled.png using Guid(d18286874382ef042bbbdab5f71329c1) Importer(815301076,1909f56bfc062723c751e8b465ee728b)  -> (artifact id: '7305afcf8bfa15969edbd217327948aa') in 0.014917 seconds 
========================================================================
Received Import Request.
  Time since last request: 0.000039 seconds.
  path: Packages/com.unity.timeline/Editor/StyleSheets/Images/Icons/d_TrackMarkerButtonDisabled.png
  artifactKey: Guid(b3644a971cca0bd4eb357cb9aca4dde1) Importer(815301076,1909f56bfc062723c751e8b465ee728b)
Start importing Packages/com.unity.timeline/Editor/StyleSheets/Images/Icons/d_TrackMarkerButtonDisabled.png using Guid(b3644a971cca0bd4eb357cb9aca4dde1) Importer(815301076,1909f56bfc062723c751e8b465ee728b)  -> (artifact id: 'dfbfa88db4b7b883813be52db7d84325') in 0.016806 seconds 
========================================================================
Received Import Request.
  Time since last request: 0.000037 seconds.
  path: Packages/com.unity.timeline/Editor/StyleSheets/Images/Icons/d_TrackMuteButtonDisabled.png
  artifactKey: Guid(6ab002208ec290544b44bc263dc58a95) Importer(815301076,1909f56bfc062723c751e8b465ee728b)
Start importing Packages/com.unity.timeline/Editor/StyleSheets/Images/Icons/d_TrackMuteButtonDisabled.png using Guid(6ab002208ec290544b44bc263dc58a95) Importer(815301076,1909f56bfc062723c751e8b465ee728b)  -> (artifact id: '3a7ba25dfd5b6e9c538364503e195a97') in 0.011538 seconds 
========================================================================
Received Import Request.
  Time since last request: 0.000068 seconds.
  path: Packages/com.unity.timeline/Editor/StyleSheets/Images/Icons/d_TrackMarkerButtonEnabled@2x.png
  artifactKey: Guid(6192986415256ca47a97a97507406f5e) Importer(815301076,1909f56bfc062723c751e8b465ee728b)
Start importing Packages/com.unity.timeline/Editor/StyleSheets/Images/Icons/d_TrackMarkerButtonEnabled@2x.png using Guid(6192986415256ca47a97a97507406f5e) Importer(815301076,1909f56bfc062723c751e8b465ee728b)  -> (artifact id: '86d2ac39c2f84df222fdf1c39104f9e0') in 0.011319 seconds 
========================================================================
Received Import Request.
  Time since last request: 0.000060 seconds.
  path: Packages/com.unity.timeline/Editor/StyleSheets/Images/Icons/d_TrackMuteButtonEnabled.png
  artifactKey: Guid(ac5017dfbeee42347b3b45ecc572674e) Importer(815301076,1909f56bfc062723c751e8b465ee728b)
Start importing Packages/com.unity.timeline/Editor/StyleSheets/Images/Icons/d_TrackMuteButtonEnabled.png using Guid(ac5017dfbeee42347b3b45ecc572674e) Importer(815301076,1909f56bfc062723c751e8b465ee728b)  -> (artifact id: 'e6a052509f086701c20d0dca54ece599') in 0.014732 seconds 
========================================================================
Received Import Request.
  Time since last request: 0.000030 seconds.
  path: Packages/com.unity.timeline/Editor/StyleSheets/Images/Icons/d_TrackMuteButtonEnabled@2x.png
  artifactKey: Guid(e54e20c7a9730fe4c822d63228527ae4) Importer(815301076,1909f56bfc062723c751e8b465ee728b)
Start importing Packages/com.unity.timeline/Editor/StyleSheets/Images/Icons/d_TrackMuteButtonEnabled@2x.png using Guid(e54e20c7a9730fe4c822d63228527ae4) Importer(815301076,1909f56bfc062723c751e8b465ee728b)  -> (artifact id: '6147c72fd8cba655fcce15c8b6d92018') in 0.010946 seconds 
========================================================================
Received Import Request.
  Time since last request: 0.000064 seconds.
  path: Packages/com.unity.timeline/Editor/StyleSheets/Images/Icons/d_TrackRecordButtonDisabled.png
  artifactKey: Guid(9c6daec86666cbb4b9e558b839a103db) Importer(815301076,1909f56bfc062723c751e8b465ee728b)
Start importing Packages/com.unity.timeline/Editor/StyleSheets/Images/Icons/d_TrackRecordButtonDisabled.png using Guid(9c6daec86666cbb4b9e558b839a103db) Importer(815301076,1909f56bfc062723c751e8b465ee728b)  -> (artifact id: '4550a54034cfa4953da943783f5bea00') in 0.010745 seconds 
========================================================================
Received Import Request.
  Time since last request: 0.000046 seconds.
  path: Packages/com.unity.timeline/Editor/StyleSheets/Images/Icons/d_TrackMuteButtonDisabled@2x.png
  artifactKey: Guid(9c706019afb28944eb19b500ea0da38c) Importer(815301076,1909f56bfc062723c751e8b465ee728b)
Start importing Packages/com.unity.timeline/Editor/StyleSheets/Images/Icons/d_TrackMuteButtonDisabled@2x.png using Guid(9c706019afb28944eb19b500ea0da38c) Importer(815301076,1909f56bfc062723c751e8b465ee728b)  -> (artifact id: '2eba11738dc7fe5854459bbce26b27a0') in 0.014733 seconds 
========================================================================
Received Import Request.
  Time since last request: 0.238963 seconds.
  path: Packages/com.unity.timeline/Editor/StyleSheets/Images/Icons/d_TrackRecordButtonDisabled@2x.png
  artifactKey: Guid(db15c78579dee4a4db85f392634c8ecc) Importer(815301076,1909f56bfc062723c751e8b465ee728b)
Start importing Packages/com.unity.timeline/Editor/StyleSheets/Images/Icons/d_TrackRecordButtonDisabled@2x.png using Guid(db15c78579dee4a4db85f392634c8ecc) Importer(815301076,1909f56bfc062723c751e8b465ee728b)  -> (artifact id: '38aa1a3de6667d88aab7f974f3a83664') in 0.015745 seconds 
========================================================================
Received Import Request.
  Time since last request: 0.000032 seconds.
  path: Packages/com.unity.timeline/Editor/StyleSheets/Images/Icons/d_TrackRecordButtonEnabled.png
  artifactKey: Guid(0e5ba0f04df278944a8f5a62f64f5aa6) Importer(815301076,1909f56bfc062723c751e8b465ee728b)
Start importing Packages/com.unity.timeline/Editor/StyleSheets/Images/Icons/d_TrackRecordButtonEnabled.png using Guid(0e5ba0f04df278944a8f5a62f64f5aa6) Importer(815301076,1909f56bfc062723c751e8b465ee728b)  -> (artifact id: '7e606f68fc99a051736f550aabc37b68') in 0.014175 seconds 
========================================================================
Received Import Request.
  Time since last request: 0.032491 seconds.
  path: Packages/com.unity.timeline/Editor/StyleSheets/Images/Icons/d_TrackRecordButtonEnabled@2x.png
  artifactKey: Guid(0f1c9a12872a30f45bab34f536332bb3) Importer(815301076,1909f56bfc062723c751e8b465ee728b)
Start importing Packages/com.unity.timeline/Editor/StyleSheets/Images/Icons/d_TrackRecordButtonEnabled@2x.png using Guid(0f1c9a12872a30f45bab34f536332bb3) Importer(815301076,1909f56bfc062723c751e8b465ee728b)  -> (artifact id: '63a09e06a367a041614375db795c313b') in 0.019694 seconds 
========================================================================
Received Import Request.
  Time since last request: 0.000055 seconds.
  path: Packages/com.unity.testtools.codecoverage/Editor/Icons/FolderOpened@2x.png
  artifactKey: Guid(dd4bd79e2c603964e8cbf04d0851a210) Importer(815301076,1909f56bfc062723c751e8b465ee728b)
Start importing Packages/com.unity.testtools.codecoverage/Editor/Icons/FolderOpened@2x.png using Guid(dd4bd79e2c603964e8cbf04d0851a210) Importer(815301076,1909f56bfc062723c751e8b465ee728b)  -> (artifact id: 'f14de2f22f3b9bbe76c2bcbe9a3133c4') in 0.012313 seconds 
========================================================================
Received Import Request.
  Time since last request: 0.000059 seconds.
  path: Packages/com.unity.testtools.codecoverage/Editor/Icons/FolderOpened.png
  artifactKey: Guid(1935829ae7024da448814ef05b31e6c4) Importer(815301076,1909f56bfc062723c751e8b465ee728b)
Start importing Packages/com.unity.testtools.codecoverage/Editor/Icons/FolderOpened.png using Guid(1935829ae7024da448814ef05b31e6c4) Importer(815301076,1909f56bfc062723c751e8b465ee728b)  -> (artifact id: '536ca49fbdff3771a392781e338c15a8') in 0.013338 seconds 
========================================================================
Received Import Request.
  Time since last request: 0.349641 seconds.
  path: Packages/com.unity.collab-proxy/Editor/PlasticSCM/Assets/Images/iconaddedlocal.png
  artifactKey: Guid(9a1ab8af8c446204e989a90f18305caf) Importer(815301076,1909f56bfc062723c751e8b465ee728b)
Start importing Packages/com.unity.collab-proxy/Editor/PlasticSCM/Assets/Images/iconaddedlocal.png using Guid(9a1ab8af8c446204e989a90f18305caf) Importer(815301076,1909f56bfc062723c751e8b465ee728b)  -> (artifact id: '3e7bcbdeed2ea01e76ef66eb493b56c4') in 0.031786 seconds 
========================================================================
Received Import Request.
  Time since last request: 0.000029 seconds.
  path: Packages/com.unity.collab-proxy/Editor/PlasticSCM/Assets/Images/iconaddedlocal@2x.png
  artifactKey: Guid(a67b58d6cddcd4345b1e001340de5a76) Importer(815301076,1909f56bfc062723c751e8b465ee728b)
Start importing Packages/com.unity.collab-proxy/Editor/PlasticSCM/Assets/Images/iconaddedlocal@2x.png using Guid(a67b58d6cddcd4345b1e001340de5a76) Importer(815301076,1909f56bfc062723c751e8b465ee728b)  -> (artifact id: 'b043d38ae115f1c82e24d41049003cfe') in 0.012785 seconds 
========================================================================
Received Import Request.
  Time since last request: 0.000038 seconds.
  path: Packages/com.unity.collab-proxy/Editor/PlasticSCM/Assets/Images/iconaddedoverlay@2x.png
  artifactKey: Guid(74ef721fef79c44489d4e3edb0ab0c01) Importer(815301076,1909f56bfc062723c751e8b465ee728b)
Start importing Packages/com.unity.collab-proxy/Editor/PlasticSCM/Assets/Images/iconaddedoverlay@2x.png using Guid(74ef721fef79c44489d4e3edb0ab0c01) Importer(815301076,1909f56bfc062723c751e8b465ee728b)  -> (artifact id: '772abcf23001f2d945c09b5152e0fee6') in 0.009467 seconds 
========================================================================
Received Import Request.
  Time since last request: 0.018433 seconds.
  path: Packages/com.unity.collab-proxy/Editor/PlasticSCM/Assets/Images/iconbranch.png
  artifactKey: Guid(a6219d44b6fc910449f7c3fee45db5c5) Importer(815301076,1909f56bfc062723c751e8b465ee728b)
Start importing Packages/com.unity.collab-proxy/Editor/PlasticSCM/Assets/Images/iconbranch.png using Guid(a6219d44b6fc910449f7c3fee45db5c5) Importer(815301076,1909f56bfc062723c751e8b465ee728b)  -> (artifact id: '6018107b9297a56e072a1fbb4c2e9c1f') in 0.012925 seconds 
========================================================================
Received Import Request.
  Time since last request: 0.000060 seconds.
  path: Packages/com.unity.collab-proxy/Editor/PlasticSCM/Assets/Images/iconbranch@2x.png
  artifactKey: Guid(e45389a8a97044d4caf408f252370632) Importer(815301076,1909f56bfc062723c751e8b465ee728b)
Start importing Packages/com.unity.collab-proxy/Editor/PlasticSCM/Assets/Images/iconbranch@2x.png using Guid(e45389a8a97044d4caf408f252370632) Importer(815301076,1909f56bfc062723c751e8b465ee728b)  -> (artifact id: '903628d3e0d473593b2128a947b192f7') in 0.012622 seconds 
========================================================================
Received Import Request.
  Time since last request: 0.000045 seconds.
  path: Packages/com.unity.collab-proxy/Editor/PlasticSCM/Assets/Images/iconcheckedoutlocaloverlay@2x.png
  artifactKey: Guid(3999034958d54364da380a8839a11050) Importer(815301076,1909f56bfc062723c751e8b465ee728b)
Start importing Packages/com.unity.collab-proxy/Editor/PlasticSCM/Assets/Images/iconcheckedoutlocaloverlay@2x.png using Guid(3999034958d54364da380a8839a11050) Importer(815301076,1909f56bfc062723c751e8b465ee728b)  -> (artifact id: '00037b2046bea17f7b1592fc9ca126cc') in 0.017857 seconds 
========================================================================
Received Import Request.
  Time since last request: 0.000042 seconds.
  path: Packages/com.unity.collab-proxy/Editor/PlasticSCM/Assets/Images/iconclosebutton.png
  artifactKey: Guid(13527793884104b46b7446fd7464c3ed) Importer(815301076,1909f56bfc062723c751e8b465ee728b)
Start importing Packages/com.unity.collab-proxy/Editor/PlasticSCM/Assets/Images/iconclosebutton.png using Guid(13527793884104b46b7446fd7464c3ed) Importer(815301076,1909f56bfc062723c751e8b465ee728b)  -> (artifact id: '3bb3aa70998455a61c9ce7ba396cc9d3') in 0.011412 seconds 
========================================================================
Received Import Request.
  Time since last request: 0.255834 seconds.
  path: Packages/com.unity.collab-proxy/Editor/PlasticSCM/Assets/Images/iconconflicted.png
  artifactKey: Guid(d1c88f142eee55b4eb2b2cfd7b3624ce) Importer(815301076,1909f56bfc062723c751e8b465ee728b)
Start importing Packages/com.unity.collab-proxy/Editor/PlasticSCM/Assets/Images/iconconflicted.png using Guid(d1c88f142eee55b4eb2b2cfd7b3624ce) Importer(815301076,1909f56bfc062723c751e8b465ee728b)  -> (artifact id: '98f157c89516e26501ea19a2d65cb2b0') in 0.032454 seconds 
========================================================================
Received Import Request.
  Time since last request: 0.000031 seconds.
  path: Packages/com.unity.collab-proxy/Editor/PlasticSCM/Assets/Images/iconconflictedoverlay@2x.png
  artifactKey: Guid(5679a74364f6b4440ab7e7aed55cd95e) Importer(815301076,1909f56bfc062723c751e8b465ee728b)
Start importing Packages/com.unity.collab-proxy/Editor/PlasticSCM/Assets/Images/iconconflictedoverlay@2x.png using Guid(5679a74364f6b4440ab7e7aed55cd95e) Importer(815301076,1909f56bfc062723c751e8b465ee728b)  -> (artifact id: '9174b982a793b78eaeb79b239d4c0cd5') in 0.012408 seconds 
========================================================================
Received Import Request.
  Time since last request: 0.000034 seconds.
  path: Packages/com.unity.collab-proxy/Editor/PlasticSCM/Assets/Images/iconconflictresolvedoverlay@2x.png
  artifactKey: Guid(309b1d5a294fd6c43ae9cf77656c1852) Importer(815301076,1909f56bfc062723c751e8b465ee728b)
Start importing Packages/com.unity.collab-proxy/Editor/PlasticSCM/Assets/Images/iconconflictresolvedoverlay@2x.png using Guid(309b1d5a294fd6c43ae9cf77656c1852) Importer(815301076,1909f56bfc062723c751e8b465ee728b)  -> (artifact id: 'b615225abe8b1d16ed643e6ed80a021b') in 0.011999 seconds 
========================================================================
Received Import Request.
  Time since last request: 0.000036 seconds.
  path: Packages/com.unity.collab-proxy/Editor/PlasticSCM/Assets/Images/iconconflicted@2x.png
  artifactKey: Guid(f95f697d66d238446b1ab717def09945) Importer(815301076,1909f56bfc062723c751e8b465ee728b)
Start importing Packages/com.unity.collab-proxy/Editor/PlasticSCM/Assets/Images/iconconflicted@2x.png using Guid(f95f697d66d238446b1ab717def09945) Importer(815301076,1909f56bfc062723c751e8b465ee728b)  -> (artifact id: '7c7c2a80fbba53c494d12e03b964599e') in 0.016551 seconds 
========================================================================
Received Import Request.
  Time since last request: 0.000040 seconds.
  path: Packages/com.unity.collab-proxy/Editor/PlasticSCM/Assets/Images/icondeleted.png
  artifactKey: Guid(77a39e873655d3c4b93d0b7696397b83) Importer(815301076,1909f56bfc062723c751e8b465ee728b)
Start importing Packages/com.unity.collab-proxy/Editor/PlasticSCM/Assets/Images/icondeleted.png using Guid(77a39e873655d3c4b93d0b7696397b83) Importer(815301076,1909f56bfc062723c751e8b465ee728b)  -> (artifact id: '35254866b40501ee8af9c662c5de2ff5') in 0.013697 seconds 
========================================================================
Received Import Request.
  Time since last request: 0.000029 seconds.
  path: Packages/com.unity.collab-proxy/Editor/PlasticSCM/Assets/Images/icondeletedlocaloverlay@2x.png
  artifactKey: Guid(a3e491f99ea3ad74f8731ca93e84c497) Importer(815301076,1909f56bfc062723c751e8b465ee728b)
Start importing Packages/com.unity.collab-proxy/Editor/PlasticSCM/Assets/Images/icondeletedlocaloverlay@2x.png using Guid(a3e491f99ea3ad74f8731ca93e84c497) Importer(815301076,1909f56bfc062723c751e8b465ee728b)  -> (artifact id: 'b67e7231441fa21edd42a1191cce83ec') in 0.010505 seconds 
========================================================================
Received Import Request.
  Time since last request: 0.000079 seconds.
  path: Packages/com.unity.collab-proxy/Editor/PlasticSCM/Assets/Images/icondeletedremote@2x.png
  artifactKey: Guid(70e3ce8ad01f39248a3ea97a35bcf238) Importer(815301076,1909f56bfc062723c751e8b465ee728b)
Start importing Packages/com.unity.collab-proxy/Editor/PlasticSCM/Assets/Images/icondeletedremote@2x.png using Guid(70e3ce8ad01f39248a3ea97a35bcf238) Importer(815301076,1909f56bfc062723c751e8b465ee728b)  -> (artifact id: 'e54da220dfd77667490a663bb59659c1') in 0.014492 seconds 
========================================================================
Received Import Request.
  Time since last request: 0.000035 seconds.
  path: Packages/com.unity.collab-proxy/Editor/PlasticSCM/Assets/Images/icondeletedremote.png
  artifactKey: Guid(b85a4b2ec6433d04895612d791edc260) Importer(815301076,1909f56bfc062723c751e8b465ee728b)
Start importing Packages/com.unity.collab-proxy/Editor/PlasticSCM/Assets/Images/icondeletedremote.png using Guid(b85a4b2ec6433d04895612d791edc260) Importer(815301076,1909f56bfc062723c751e8b465ee728b)  -> (artifact id: '0aaabaf7d6e92508bc065bbb2d673f20') in 0.009891 seconds 
========================================================================
Received Import Request.
  Time since last request: 0.224017 seconds.
  path: Packages/com.unity.collab-proxy/Editor/PlasticSCM/Assets/Images/icondeletedremoteoverlay@2x.png
  artifactKey: Guid(d5c3277b1dbad9448b46c2ec87a2cef8) Importer(815301076,1909f56bfc062723c751e8b465ee728b)
Start importing Packages/com.unity.collab-proxy/Editor/PlasticSCM/Assets/Images/icondeletedremoteoverlay@2x.png using Guid(d5c3277b1dbad9448b46c2ec87a2cef8) Importer(815301076,1909f56bfc062723c751e8b465ee728b)  -> (artifact id: '2c35c4541eab722957df153c7c173ac1') in 0.015686 seconds 
========================================================================
Received Import Request.
  Time since last request: 0.026960 seconds.
  path: Packages/com.unity.collab-proxy/Editor/PlasticSCM/Assets/Images/iconlockedlocaloverlay@2x.png
  artifactKey: Guid(b528c1b33a65cf94ea74f830b54c9acb) Importer(815301076,1909f56bfc062723c751e8b465ee728b)
Start importing Packages/com.unity.collab-proxy/Editor/PlasticSCM/Assets/Images/iconlockedlocaloverlay@2x.png using Guid(b528c1b33a65cf94ea74f830b54c9acb) Importer(815301076,1909f56bfc062723c751e8b465ee728b)  -> (artifact id: 'd6ba54958feb899ab870a0af96ffc37c') in 0.016329 seconds 
========================================================================
Received Import Request.
  Time since last request: 0.000039 seconds.
  path: Packages/com.unity.collab-proxy/Editor/PlasticSCM/Assets/Images/iconmoved.png
  artifactKey: Guid(8a6cca56e2b63344eb4769cd92d93ffb) Importer(815301076,1909f56bfc062723c751e8b465ee728b)
Start importing Packages/com.unity.collab-proxy/Editor/PlasticSCM/Assets/Images/iconmoved.png using Guid(8a6cca56e2b63344eb4769cd92d93ffb) Importer(815301076,1909f56bfc062723c751e8b465ee728b)  -> (artifact id: '0bf8f9e7c668844ec0baaaf1cc3e3b79') in 0.011181 seconds 
========================================================================
Received Import Request.
  Time since last request: 0.000067 seconds.
  path: Packages/com.unity.collab-proxy/Editor/PlasticSCM/Assets/Images/iconoutofsync.png
  artifactKey: Guid(636d03a8834e3ed4cac3a1cb4b82deaf) Importer(815301076,1909f56bfc062723c751e8b465ee728b)
Start importing Packages/com.unity.collab-proxy/Editor/PlasticSCM/Assets/Images/iconoutofsync.png using Guid(636d03a8834e3ed4cac3a1cb4b82deaf) Importer(815301076,1909f56bfc062723c751e8b465ee728b)  -> (artifact id: '6d7da3388ad90ae29e3402a71f9f74c8') in 0.012058 seconds 
========================================================================
Received Import Request.
  Time since last request: 0.000036 seconds.
  path: Packages/com.unity.collab-proxy/Editor/PlasticSCM/Assets/Images/iconlockedremoteoverlay@2x.png
  artifactKey: Guid(f73a7d8758d7be04588b15637d94b5a8) Importer(815301076,1909f56bfc062723c751e8b465ee728b)
Start importing Packages/com.unity.collab-proxy/Editor/PlasticSCM/Assets/Images/iconlockedremoteoverlay@2x.png using Guid(f73a7d8758d7be04588b15637d94b5a8) Importer(815301076,1909f56bfc062723c751e8b465ee728b)  -> (artifact id: '18f41dc1a55e1ad51af7912a819e8175') in 0.013495 seconds 
========================================================================
Received Import Request.
  Time since last request: 0.000044 seconds.
  path: Packages/com.unity.collab-proxy/Editor/PlasticSCM/Assets/Images/iconmergelink.png
  artifactKey: Guid(120bf54dff785a0429b068b814e9c12a) Importer(815301076,1909f56bfc062723c751e8b465ee728b)
Start importing Packages/com.unity.collab-proxy/Editor/PlasticSCM/Assets/Images/iconmergelink.png using Guid(120bf54dff785a0429b068b814e9c12a) Importer(815301076,1909f56bfc062723c751e8b465ee728b)  -> (artifact id: 'a0ef4e23720fc4402e9d5b1059200513') in 0.012607 seconds 
========================================================================
Received Import Request.
  Time since last request: 0.000027 seconds.
  path: Packages/com.unity.collab-proxy/Editor/PlasticSCM/Assets/Images/iconoutofsyncoverlay@2x.png
  artifactKey: Guid(3728580c149181a44b359e89f6edacae) Importer(815301076,1909f56bfc062723c751e8b465ee728b)
Start importing Packages/com.unity.collab-proxy/Editor/PlasticSCM/Assets/Images/iconoutofsyncoverlay@2x.png using Guid(3728580c149181a44b359e89f6edacae) Importer(815301076,1909f56bfc062723c751e8b465ee728b)  -> (artifact id: '43460ace3b5ac63a102ec3060d996edf') in 0.014008 seconds 
========================================================================
Received Import Request.
  Time since last request: 0.000037 seconds.
  path: Packages/com.unity.collab-proxy/Editor/PlasticSCM/Assets/Images/iconoutofsync@2x.png
  artifactKey: Guid(d7094718bdac022428dd29244922d06b) Importer(815301076,1909f56bfc062723c751e8b465ee728b)
Start importing Packages/com.unity.collab-proxy/Editor/PlasticSCM/Assets/Images/iconoutofsync@2x.png using Guid(d7094718bdac022428dd29244922d06b) Importer(815301076,1909f56bfc062723c751e8b465ee728b)  -> (artifact id: '3524e9fe32e1a11ae1eb085fb5b78427') in 0.011687 seconds 
========================================================================
Received Import Request.
  Time since last request: 0.599422 seconds.
  path: Packages/com.unity.collab-proxy/Editor/PlasticSCM/Assets/Images/iconplastic.png
  artifactKey: Guid(3042b019b052942a1baf7aa49d7ca6bb) Importer(815301076,1909f56bfc062723c751e8b465ee728b)
Start importing Packages/com.unity.collab-proxy/Editor/PlasticSCM/Assets/Images/iconplastic.png using Guid(3042b019b052942a1baf7aa49d7ca6bb) Importer(815301076,1909f56bfc062723c751e8b465ee728b)  -> (artifact id: '695e93b1bdabc98df6d0d37dc2336bbf') in 0.045014 seconds 
========================================================================
Received Import Request.
  Time since last request: 0.000033 seconds.
  path: Packages/com.unity.collab-proxy/Editor/PlasticSCM/Assets/Images/iconplasticnotifyconflict.png
  artifactKey: Guid(a916ed6819efd014588f58e3cfc48196) Importer(815301076,1909f56bfc062723c751e8b465ee728b)
Start importing Packages/com.unity.collab-proxy/Editor/PlasticSCM/Assets/Images/iconplasticnotifyconflict.png using Guid(a916ed6819efd014588f58e3cfc48196) Importer(815301076,1909f56bfc062723c751e8b465ee728b)  -> (artifact id: '6ee43e95049421c8e5da51f96907aee9') in 0.013520 seconds 
========================================================================
Received Import Request.
  Time since last request: 0.000059 seconds.
  path: Packages/com.unity.collab-proxy/Editor/PlasticSCM/Assets/Images/iconplasticnotifyincoming.png
  artifactKey: Guid(1e6c9635b80f973488d8335a081c905f) Importer(815301076,1909f56bfc062723c751e8b465ee728b)
Start importing Packages/com.unity.collab-proxy/Editor/PlasticSCM/Assets/Images/iconplasticnotifyincoming.png using Guid(1e6c9635b80f973488d8335a081c905f) Importer(815301076,1909f56bfc062723c751e8b465ee728b)  -> (artifact id: '4205e37c3d21d0791dcf67f41c854711') in 0.012271 seconds 
========================================================================
Received Import Request.
  Time since last request: 0.000075 seconds.
  path: Packages/com.unity.collab-proxy/Editor/PlasticSCM/Assets/Images/iconplasticview.png
  artifactKey: Guid(dcb2ee37925b97e438ae244996d81a55) Importer(815301076,1909f56bfc062723c751e8b465ee728b)
Start importing Packages/com.unity.collab-proxy/Editor/PlasticSCM/Assets/Images/iconplasticview.png using Guid(dcb2ee37925b97e438ae244996d81a55) Importer(815301076,1909f56bfc062723c751e8b465ee728b)  -> (artifact id: '099bc8d729628440b6053cfcc8301761') in 0.017582 seconds 
========================================================================
Received Import Request.
  Time since last request: 0.000120 seconds.
  path: Packages/com.unity.collab-proxy/Editor/PlasticSCM/Assets/Images/iconplasticnotifyincoming@2x.png
  artifactKey: Guid(ae869fe6797f4454cbbf417d87ff637c) Importer(815301076,1909f56bfc062723c751e8b465ee728b)
Start importing Packages/com.unity.collab-proxy/Editor/PlasticSCM/Assets/Images/iconplasticnotifyincoming@2x.png using Guid(ae869fe6797f4454cbbf417d87ff637c) Importer(815301076,1909f56bfc062723c751e8b465ee728b)  -> (artifact id: 'abf07ab1911863de9cca4c16165ea0ea') in 0.012094 seconds 
========================================================================
Received Import Request.
  Time since last request: 0.000029 seconds.
  path: Packages/com.unity.collab-proxy/Editor/PlasticSCM/Assets/Images/iconpressedclosebutton.png
  artifactKey: Guid(94fe868620119564f9474f40cd6145aa) Importer(815301076,1909f56bfc062723c751e8b465ee728b)
Start importing Packages/com.unity.collab-proxy/Editor/PlasticSCM/Assets/Images/iconpressedclosebutton.png using Guid(94fe868620119564f9474f40cd6145aa) Importer(815301076,1909f56bfc062723c751e8b465ee728b)  -> (artifact id: 'e031b7d0d9054ba0a8b9f941c92192ec') in 0.012103 seconds 
========================================================================
Received Import Request.
  Time since last request: 0.000035 seconds.
  path: Packages/com.unity.collab-proxy/Editor/PlasticSCM/Assets/Images/iconplasticview@2x.png
  artifactKey: Guid(97a4e2b6ae08b1140a5ba9e22953e029) Importer(815301076,1909f56bfc062723c751e8b465ee728b)
Start importing Packages/com.unity.collab-proxy/Editor/PlasticSCM/Assets/Images/iconplasticview@2x.png using Guid(97a4e2b6ae08b1140a5ba9e22953e029) Importer(815301076,1909f56bfc062723c751e8b465ee728b)  -> (artifact id: '93e1b87e0d6d5f36badd7ec4f56d6049') in 0.013357 seconds 
========================================================================
Received Import Request.
  Time since last request: 0.000055 seconds.
  path: Packages/com.unity.collab-proxy/Editor/PlasticSCM/Assets/Images/iconplasticnotifyconflict@2x.png
  artifactKey: Guid(6e0a54826ffc3ee46b0aa3e1c1575a69) Importer(815301076,1909f56bfc062723c751e8b465ee728b)
Start importing Packages/com.unity.collab-proxy/Editor/PlasticSCM/Assets/Images/iconplasticnotifyconflict@2x.png using Guid(6e0a54826ffc3ee46b0aa3e1c1575a69) Importer(815301076,1909f56bfc062723c751e8b465ee728b)  -> (artifact id: 'ff9f6344df26aeab0ad15d58f3b63bd5') in 0.013036 seconds 
========================================================================
Received Import Request.
  Time since last request: 1.080919 seconds.
  path: Packages/com.unity.collab-proxy/Editor/PlasticSCM/Assets/Images/iconprivateoverlay@2x.png
  artifactKey: Guid(40685941c1361aa4a957b61174bce3f6) Importer(815301076,1909f56bfc062723c751e8b465ee728b)
Start importing Packages/com.unity.collab-proxy/Editor/PlasticSCM/Assets/Images/iconprivateoverlay@2x.png using Guid(40685941c1361aa4a957b61174bce3f6) Importer(815301076,1909f56bfc062723c751e8b465ee728b)  -> (artifact id: '692869c8073163b0232d4849df2148d5') in 0.033942 seconds 
========================================================================
Received Import Request.
  Time since last request: 0.000124 seconds.
  path: Packages/com.unity.collab-proxy/Editor/PlasticSCM/Assets/Images/secondarytabclosehover.png
  artifactKey: Guid(8fac55fff4ce5fa40a7b2efefc0e617a) Importer(815301076,1909f56bfc062723c751e8b465ee728b)
Start importing Packages/com.unity.collab-proxy/Editor/PlasticSCM/Assets/Images/secondarytabclosehover.png using Guid(8fac55fff4ce5fa40a7b2efefc0e617a) Importer(815301076,1909f56bfc062723c751e8b465ee728b)  -> (artifact id: '0b1b688d92d58b2ae0f7aac47e87a3a7') in 0.012895 seconds 
========================================================================
Received Import Request.
  Time since last request: 0.000036 seconds.
  path: Packages/com.unity.textmeshpro/Editor Resources/Textures/SectionHeader_Light.psd
  artifactKey: Guid(e3b0f810fdea84e40ab4ba20f256f7e8) Importer(815301076,1909f56bfc062723c751e8b465ee728b)
Start importing Packages/com.unity.textmeshpro/Editor Resources/Textures/SectionHeader_Light.psd using Guid(e3b0f810fdea84e40ab4ba20f256f7e8) Importer(815301076,1909f56bfc062723c751e8b465ee728b)  -> (artifact id: 'dab96e5ab4b83b040f26aec37d258d81') in 0.011376 seconds 
========================================================================
Received Import Request.
  Time since last request: 0.000040 seconds.
  path: Packages/com.unity.collab-proxy/Editor/PlasticSCM/Assets/Images/loading.png
  artifactKey: Guid(c6b1bcaa3f4767141acd747384dbb276) Importer(815301076,1909f56bfc062723c751e8b465ee728b)
Start importing Packages/com.unity.collab-proxy/Editor/PlasticSCM/Assets/Images/loading.png using Guid(c6b1bcaa3f4767141acd747384dbb276) Importer(815301076,1909f56bfc062723c751e8b465ee728b)  -> (artifact id: '26a57bf452c8844510e459266709cd14') in 0.013064 seconds 
========================================================================
Received Import Request.
  Time since last request: 0.000041 seconds.
  path: Assets/Environment/SpeedTree/Palm/Palm_Desktop_Atlas_Billboards.tga
  artifactKey: Guid(a9c35d1eec67849419bd87d162ba90a7) Importer(815301076,1909f56bfc062723c751e8b465ee728b)
Start importing Assets/Environment/SpeedTree/Palm/Palm_Desktop_Atlas_Billboards.tga using Guid(a9c35d1eec67849419bd87d162ba90a7) Importer(815301076,1909f56bfc062723c751e8b465ee728b)  -> (artifact id: 'd8a7b8fcee127794b4e2ac18de088fcd') in 0.013733 seconds 
========================================================================
Received Import Request.
  Time since last request: 0.000026 seconds.
  path: Packages/com.unity.timeline/Editor/StyleSheets/Images/Icons/TimelineEditModeReplaceOFF.png
  artifactKey: Guid(09ae14686a02d484ab41e76fd1efba14) Importer(815301076,1909f56bfc062723c751e8b465ee728b)
Start importing Packages/com.unity.timeline/Editor/StyleSheets/Images/Icons/TimelineEditModeReplaceOFF.png using Guid(09ae14686a02d484ab41e76fd1efba14) Importer(815301076,1909f56bfc062723c751e8b465ee728b)  -> (artifact id: '416fd3608e3d3c52e8c092b4808e56c9') in 0.020161 seconds 
========================================================================
Received Import Request.
  Time since last request: 0.000036 seconds.
  path: Packages/com.unity.collab-proxy/Editor/PlasticSCM/Assets/Images/iconrepository.png
  artifactKey: Guid(ed64f3a17f2ede646be21ed6edc9161a) Importer(815301076,1909f56bfc062723c751e8b465ee728b)
Start importing Packages/com.unity.collab-proxy/Editor/PlasticSCM/Assets/Images/iconrepository.png using Guid(ed64f3a17f2ede646be21ed6edc9161a) Importer(815301076,1909f56bfc062723c751e8b465ee728b)  -> (artifact id: 'a818e096af17d1b03af6c4ae29b9803f') in 0.013068 seconds 
========================================================================
Received Import Request.
  Time since last request: 0.000082 seconds.
  path: Packages/com.unity.timeline/Editor/StyleSheets/Images/DarkSkin/TimelineSignalCollapsed.png
  artifactKey: Guid(d91793cd853a258448e4d5545bb38e45) Importer(815301076,1909f56bfc062723c751e8b465ee728b)
Start importing Packages/com.unity.timeline/Editor/StyleSheets/Images/DarkSkin/TimelineSignalCollapsed.png using Guid(d91793cd853a258448e4d5545bb38e45) Importer(815301076,1909f56bfc062723c751e8b465ee728b)  -> (artifact id: 'b3a7568a0b89fa0a87e539a45ff6fe8e') in 0.011671 seconds 
========================================================================
Received Import Request.
  Time since last request: 0.000032 seconds.
  path: Packages/com.unity.timeline/Editor/StyleSheets/Images/DarkSkin/TimelineTimeCursor.png
  artifactKey: Guid(3b9e9b3d9ade166499e7a17109ca73bf) Importer(815301076,1909f56bfc062723c751e8b465ee728b)
Start importing Packages/com.unity.timeline/Editor/StyleSheets/Images/DarkSkin/TimelineTimeCursor.png using Guid(3b9e9b3d9ade166499e7a17109ca73bf) Importer(815301076,1909f56bfc062723c751e8b465ee728b)  -> (artifact id: '5c31dcefc070ffdc4426e9e014ee00a2') in 0.016006 seconds 
========================================================================
Received Import Request.
  Time since last request: 0.000219 seconds.
  path: Packages/com.unity.timeline/Editor/StyleSheets/Images/Icons/TrackCurvesButtonEnabled@2x.png
  artifactKey: Guid(9e541b6dcfb77d34481f69b3d62d0343) Importer(815301076,1909f56bfc062723c751e8b465ee728b)
Start importing Packages/com.unity.timeline/Editor/StyleSheets/Images/Icons/TrackCurvesButtonEnabled@2x.png using Guid(9e541b6dcfb77d34481f69b3d62d0343) Importer(815301076,1909f56bfc062723c751e8b465ee728b)  -> (artifact id: '5e22302d0f60050b3cad8c58d84ffae4') in 0.011627 seconds 
========================================================================
Received Import Request.
  Time since last request: 0.000039 seconds.
  path: Packages/com.unity.textmeshpro/Editor Resources/Gizmos/TMP - Sprite Asset Icon.psd
  artifactKey: Guid(ec7c645d93308c04d8840982af12101e) Importer(815301076,1909f56bfc062723c751e8b465ee728b)
Start importing Packages/com.unity.textmeshpro/Editor Resources/Gizmos/TMP - Sprite Asset Icon.psd using Guid(ec7c645d93308c04d8840982af12101e) Importer(815301076,1909f56bfc062723c751e8b465ee728b)  -> (artifact id: 'c1a07174f2c13a9f9b88abf2882fee06') in 0.013635 seconds 
========================================================================
Received Import Request.
  Time since last request: 0.000030 seconds.
  path: Packages/com.unity.timeline/Editor/StyleSheets/Images/Shared/TimelineDisplay.png
  artifactKey: Guid(03ae22b9de3989144a9bebf8972b4fad) Importer(815301076,1909f56bfc062723c751e8b465ee728b)
Start importing Packages/com.unity.timeline/Editor/StyleSheets/Images/Shared/TimelineDisplay.png using Guid(03ae22b9de3989144a9bebf8972b4fad) Importer(815301076,1909f56bfc062723c751e8b465ee728b)  -> (artifact id: 'd5844e68df877affa15a41c538742454') in 0.014231 seconds 
========================================================================
Received Import Request.
  Time since last request: 0.000028 seconds.
  path: Assets/Environment/TerrainAssets/SurfaceTextures/MudRockyAlbedoSpecular.bmp
  artifactKey: Guid(ef5c51cfa2ce46043a41a376b560c525) Importer(815301076,1909f56bfc062723c751e8b465ee728b)
Start importing Assets/Environment/TerrainAssets/SurfaceTextures/MudRockyAlbedoSpecular.bmp using Guid(ef5c51cfa2ce46043a41a376b560c525) Importer(815301076,1909f56bfc062723c751e8b465ee728b)  -> (artifact id: '3ab78c11feb4f790d9aeaee5a63af68a') in 0.020268 seconds 
========================================================================
Received Import Request.
  Time since last request: 0.000043 seconds.
  path: Packages/com.unity.timeline/Editor/StyleSheets/Images/DarkSkin/TimelineContinue.png
  artifactKey: Guid(f747f9cdf03f2ff418fe728a77e8cbef) Importer(815301076,1909f56bfc062723c751e8b465ee728b)
Start importing Packages/com.unity.timeline/Editor/StyleSheets/Images/DarkSkin/TimelineContinue.png using Guid(f747f9cdf03f2ff418fe728a77e8cbef) Importer(815301076,1909f56bfc062723c751e8b465ee728b)  -> (artifact id: '025a94657f43f3a99643f09a442557fa') in 0.011389 seconds 
========================================================================
Received Import Request.
  Time since last request: 0.000039 seconds.
  path: Packages/com.unity.timeline/Editor/StyleSheets/Images/Icons/TrackAvatarButtonEnabled.png
  artifactKey: Guid(4bf6507f1346b2746a35384f6a5fd5f9) Importer(815301076,1909f56bfc062723c751e8b465ee728b)
Start importing Packages/com.unity.timeline/Editor/StyleSheets/Images/Icons/TrackAvatarButtonEnabled.png using Guid(4bf6507f1346b2746a35384f6a5fd5f9) Importer(815301076,1909f56bfc062723c751e8b465ee728b)  -> (artifact id: '3f1400104d3d3bc6f92aa0739b1f7ba1') in 0.013079 seconds 
========================================================================
Received Import Request.
  Time since last request: 0.000039 seconds.
  path: Packages/com.unity.textmeshpro/Editor Resources/Textures/SectionHeader_Dark.psd
  artifactKey: Guid(fb5730e24283d0c489e5c7d0bee023d9) Importer(815301076,1909f56bfc062723c751e8b465ee728b)
Start importing Packages/com.unity.textmeshpro/Editor Resources/Textures/SectionHeader_Dark.psd using Guid(fb5730e24283d0c489e5c7d0bee023d9) Importer(815301076,1909f56bfc062723c751e8b465ee728b)  -> (artifact id: '88525e00e3a134bed34998ad50aaf241') in 0.014215 seconds 
========================================================================
Received Import Request.
  Time since last request: 0.000029 seconds.
  path: Packages/com.unity.collab-proxy/Editor/PlasticSCM/Assets/Images/iconundo@2x.png
  artifactKey: Guid(0dfbb2b6ddcdd254da80e3418498b3a6) Importer(815301076,1909f56bfc062723c751e8b465ee728b)
Start importing Packages/com.unity.collab-proxy/Editor/PlasticSCM/Assets/Images/iconundo@2x.png using Guid(0dfbb2b6ddcdd254da80e3418498b3a6) Importer(815301076,1909f56bfc062723c751e8b465ee728b)  -> (artifact id: '1a60faf5dee6046ac70a6427247fb5a8') in 0.011444 seconds 
========================================================================
Received Import Request.
  Time since last request: 0.000050 seconds.
  path: Packages/com.unity.timeline/Editor/StyleSheets/Images/Icons/TrackCurvesButtonDisabled.png
  artifactKey: Guid(f0f8ff8921b22a74a8c79d955ace248d) Importer(815301076,1909f56bfc062723c751e8b465ee728b)
Start importing Packages/com.unity.timeline/Editor/StyleSheets/Images/Icons/TrackCurvesButtonDisabled.png using Guid(f0f8ff8921b22a74a8c79d955ace248d) Importer(815301076,1909f56bfc062723c751e8b465ee728b)  -> (artifact id: '3a96f99d00d81ccd7f4dc87ddf1acc77') in 0.008854 seconds 
========================================================================
Received Import Request.
  Time since last request: 0.000081 seconds.
  path: Packages/com.unity.collab-proxy/Editor/PlasticSCM/Assets/Images/ok.png
  artifactKey: Guid(3238dca1e9ea9fb4aa64b28298ba6dbd) Importer(815301076,1909f56bfc062723c751e8b465ee728b)
Start importing Packages/com.unity.collab-proxy/Editor/PlasticSCM/Assets/Images/ok.png using Guid(3238dca1e9ea9fb4aa64b28298ba6dbd) Importer(815301076,1909f56bfc062723c751e8b465ee728b)  -> (artifact id: '14276a926f5fd09ae8f3ef9785a2e24e') in 0.012493 seconds 
========================================================================
Received Import Request.
  Time since last request: 0.000027 seconds.
  path: Packages/com.unity.collab-proxy/Editor/PlasticSCM/Assets/Images/loading@2x.png
  artifactKey: Guid(5dbc069eb79bd4d43840847264d6d956) Importer(815301076,1909f56bfc062723c751e8b465ee728b)
Start importing Packages/com.unity.collab-proxy/Editor/PlasticSCM/Assets/Images/loading@2x.png using Guid(5dbc069eb79bd4d43840847264d6d956) Importer(815301076,1909f56bfc062723c751e8b465ee728b)  -> (artifact id: 'ba0ea4bd6dd3fc4a2e341d3fa9c4dc6d') in 0.015883 seconds 
========================================================================
Received Import Request.
  Time since last request: 0.000036 seconds.
  path: Assets/Environment/SpeedTree/Palm/Palm_Desktop_Atlas_Normal.tga
  artifactKey: Guid(20c65bc5a7d28f54c9ca69569d77706d) Importer(815301076,1909f56bfc062723c751e8b465ee728b)
Start importing Assets/Environment/SpeedTree/Palm/Palm_Desktop_Atlas_Normal.tga using Guid(20c65bc5a7d28f54c9ca69569d77706d) Importer(815301076,1909f56bfc062723c751e8b465ee728b)  -> (artifact id: '2113cfb55990b3de4a54c26c25ca2059') in 0.012822 seconds 
========================================================================
Received Import Request.
  Time since last request: 0.000077 seconds.
  path: Packages/com.unity.timeline/Editor/StyleSheets/Images/Icons/TrackAvatarButtonEnabled@2x.png
  artifactKey: Guid(51bf5f55a8a01e546bf6092b54fdae20) Importer(815301076,1909f56bfc062723c751e8b465ee728b)
Start importing Packages/com.unity.timeline/Editor/StyleSheets/Images/Icons/TrackAvatarButtonEnabled@2x.png using Guid(51bf5f55a8a01e546bf6092b54fdae20) Importer(815301076,1909f56bfc062723c751e8b465ee728b)  -> (artifact id: 'c39f94500436ca6a9d811a60427c53ce') in 0.010184 seconds 
========================================================================
Received Import Request.
  Time since last request: 0.000058 seconds.
  path: Assets/Environment/Water (Basic)/Textures/WaterBasicNormals.jpg
  artifactKey: Guid(a53cf5449d11a15d1100a04b44295342) Importer(815301076,1909f56bfc062723c751e8b465ee728b)
Start importing Assets/Environment/Water (Basic)/Textures/WaterBasicNormals.jpg using Guid(a53cf5449d11a15d1100a04b44295342) Importer(815301076,1909f56bfc062723c751e8b465ee728b)  -> (artifact id: 'e6e3d44a1df802160164fa780277841a') in 0.014287 seconds 
========================================================================
Received Import Request.
  Time since last request: 0.000060 seconds.
  path: Packages/com.unity.timeline/Editor/StyleSheets/Images/Icons/TrackMuteButtonDisabled@2x.png
  artifactKey: Guid(db31466324572e740a431e4e0e03a016) Importer(815301076,1909f56bfc062723c751e8b465ee728b)
Start importing Packages/com.unity.timeline/Editor/StyleSheets/Images/Icons/TrackMuteButtonDisabled@2x.png using Guid(db31466324572e740a431e4e0e03a016) Importer(815301076,1909f56bfc062723c751e8b465ee728b)  -> (artifact id: '5e102e749b6a47c9217a79c81fb0fb38') in 0.014968 seconds 
========================================================================
Received Import Request.
  Time since last request: 0.000029 seconds.
  path: Packages/com.unity.timeline/Editor/StyleSheets/Images/Shared/TimelineSwatch.png
  artifactKey: Guid(e50018fd67fc156459e4014bdad3f5f6) Importer(815301076,1909f56bfc062723c751e8b465ee728b)
Start importing Packages/com.unity.timeline/Editor/StyleSheets/Images/Shared/TimelineSwatch.png using Guid(e50018fd67fc156459e4014bdad3f5f6) Importer(815301076,1909f56bfc062723c751e8b465ee728b)  -> (artifact id: 'f596296d85be6901f62d83f8d3038400') in 0.013967 seconds 
========================================================================
Received Import Request.
  Time since last request: 0.000034 seconds.
  path: Packages/com.unity.timeline/Editor/StyleSheets/Images/Icons/TrackAvatarButtonDisabled.png
  artifactKey: Guid(54623075676bd504d93243fb18745161) Importer(815301076,1909f56bfc062723c751e8b465ee728b)
Start importing Packages/com.unity.timeline/Editor/StyleSheets/Images/Icons/TrackAvatarButtonDisabled.png using Guid(54623075676bd504d93243fb18745161) Importer(815301076,1909f56bfc062723c751e8b465ee728b)  -> (artifact id: 'a0d81f1450d5b74e73e6bb132dd9583d') in 0.010243 seconds 
========================================================================
Received Import Request.
  Time since last request: 0.000921 seconds.
  path: Packages/com.unity.timeline/Editor/StyleSheets/Images/Icons/TrackMarkerButtonEnabled.png
  artifactKey: Guid(d1eccbb425fdacc4ba53ce4223f4ea30) Importer(815301076,1909f56bfc062723c751e8b465ee728b)
Start importing Packages/com.unity.timeline/Editor/StyleSheets/Images/Icons/TrackMarkerButtonEnabled.png using Guid(d1eccbb425fdacc4ba53ce4223f4ea30) Importer(815301076,1909f56bfc062723c751e8b465ee728b)  -> (artifact id: '930eda9be368a40e1e9ac912103fd3df') in 0.010254 seconds 
========================================================================
Received Import Request.
  Time since last request: 0.000031 seconds.
  path: Assets/Environment/SpeedTree/Palm/Palm_Desktop_Atlas.tga
  artifactKey: Guid(03a71764f1184704c9a74acb7490450e) Importer(815301076,1909f56bfc062723c751e8b465ee728b)
Start importing Assets/Environment/SpeedTree/Palm/Palm_Desktop_Atlas.tga using Guid(03a71764f1184704c9a74acb7490450e) Importer(815301076,1909f56bfc062723c751e8b465ee728b)  -> (artifact id: 'a43d11a720f79cac2f01ae534ef72bf2') in 0.020237 seconds 
========================================================================
Received Import Request.
  Time since last request: 0.000028 seconds.
  path: Packages/com.unity.collab-proxy/Editor/PlasticSCM/Assets/Images/secondarytabclose.png
  artifactKey: Guid(03cefa94d5aa9d74993fb2138af9d607) Importer(815301076,1909f56bfc062723c751e8b465ee728b)
Start importing Packages/com.unity.collab-proxy/Editor/PlasticSCM/Assets/Images/secondarytabclose.png using Guid(03cefa94d5aa9d74993fb2138af9d607) Importer(815301076,1909f56bfc062723c751e8b465ee728b)  -> (artifact id: '6e4e6c9b15fc652eb7f7fe45111ef571') in 0.013304 seconds 
========================================================================
Received Import Request.
  Time since last request: 0.000044 seconds.
  path: Assets/Environment/Water/Water/Textures/WaterFresnel.psd
  artifactKey: Guid(5b5c5575fd4c74abd9f7b30862fb76a3) Importer(815301076,1909f56bfc062723c751e8b465ee728b)
Start importing Assets/Environment/Water/Water/Textures/WaterFresnel.psd using Guid(5b5c5575fd4c74abd9f7b30862fb76a3) Importer(815301076,1909f56bfc062723c751e8b465ee728b)  -> (artifact id: '635a582ccaed587f1d8ba1486f512498') in 0.007850 seconds 
========================================================================
Received Import Request.
  Time since last request: 0.000042 seconds.
  path: Packages/com.unity.timeline/Editor/StyleSheets/Images/Shared/TimelineSeqEnd.png
  artifactKey: Guid(5dfe66e61e0d270468ae75349ff3a3eb) Importer(815301076,1909f56bfc062723c751e8b465ee728b)
Start importing Packages/com.unity.timeline/Editor/StyleSheets/Images/Shared/TimelineSeqEnd.png using Guid(5dfe66e61e0d270468ae75349ff3a3eb) Importer(815301076,1909f56bfc062723c751e8b465ee728b)  -> (artifact id: '5a61a7c365f7121d1181273080ee5034') in 0.010896 seconds 
========================================================================
Received Import Request.
  Time since last request: 0.000032 seconds.
  path: Packages/com.unity.collab-proxy/Editor/PlasticSCM/Assets/Images/xlink.png
  artifactKey: Guid(556a2f3b046024d4c9621c1b4be5f0c1) Importer(815301076,1909f56bfc062723c751e8b465ee728b)
Start importing Packages/com.unity.collab-proxy/Editor/PlasticSCM/Assets/Images/xlink.png using Guid(556a2f3b046024d4c9621c1b4be5f0c1) Importer(815301076,1909f56bfc062723c751e8b465ee728b)  -> (artifact id: '0edb884599d0bf0e90e48ad602c19d01') in 0.013227 seconds 
========================================================================
Received Import Request.
  Time since last request: 0.000026 seconds.
  path: Packages/com.unity.timeline/Editor/StyleSheets/Images/Icons/TrackAvatarButtonDisabled@2x.png
  artifactKey: Guid(7c05578092876a0458b8b480269aef86) Importer(815301076,1909f56bfc062723c751e8b465ee728b)
Start importing Packages/com.unity.timeline/Editor/StyleSheets/Images/Icons/TrackAvatarButtonDisabled@2x.png using Guid(7c05578092876a0458b8b480269aef86) Importer(815301076,1909f56bfc062723c751e8b465ee728b)  -> (artifact id: 'd9bc5667f1b25bc6f0a5ee4e126aa1a4') in 0.011962 seconds 
========================================================================
Received Import Request.
  Time since last request: 0.000068 seconds.
  path: Assets/Environment/Water/Water4/Textures/SimpleFoam.png
  artifactKey: Guid(36dd0b22da8874ed38075789055ca664) Importer(815301076,1909f56bfc062723c751e8b465ee728b)
Start importing Assets/Environment/Water/Water4/Textures/SimpleFoam.png using Guid(36dd0b22da8874ed38075789055ca664) Importer(815301076,1909f56bfc062723c751e8b465ee728b)  -> (artifact id: '23d63f62bdfade873d5f8234032c7a8c') in 0.011264 seconds 
========================================================================
Received Import Request.
  Time since last request: 0.000026 seconds.
  path: Assets/Environment/Water/Water/Textures/WaterBump.jpg
  artifactKey: Guid(2dd3788f8589b40bf82a92d76ffc5091) Importer(815301076,1909f56bfc062723c751e8b465ee728b)
Start importing Assets/Environment/Water/Water/Textures/WaterBump.jpg using Guid(2dd3788f8589b40bf82a92d76ffc5091) Importer(815301076,1909f56bfc062723c751e8b465ee728b)  -> (artifact id: '5b4443c4a47c716ab5671a70ae762e66') in 0.019298 seconds 
========================================================================
Received Import Request.
  Time since last request: 0.000029 seconds.
  path: Packages/com.unity.timeline/Editor/StyleSheets/Images/Icons/TrackRecordButtonDisabled@2x.png
  artifactKey: Guid(6091f9516d23100479c03bca26138bc8) Importer(815301076,1909f56bfc062723c751e8b465ee728b)
Start importing Packages/com.unity.timeline/Editor/StyleSheets/Images/Icons/TrackRecordButtonDisabled@2x.png using Guid(6091f9516d23100479c03bca26138bc8) Importer(815301076,1909f56bfc062723c751e8b465ee728b)  -> (artifact id: 'e9c0941e7670821e332b4ed2668bac7a') in 0.013629 seconds 
========================================================================
Received Import Request.
  Time since last request: 0.000026 seconds.
  path: Assets/Environment/SpeedTree/Palm/Palm_Desktop_Atlas_Billboards_Normal.tga
  artifactKey: Guid(bf8162ab40cfad34cac743bdc2939f99) Importer(815301076,1909f56bfc062723c751e8b465ee728b)
Start importing Assets/Environment/SpeedTree/Palm/Palm_Desktop_Atlas_Billboards_Normal.tga using Guid(bf8162ab40cfad34cac743bdc2939f99) Importer(815301076,1909f56bfc062723c751e8b465ee728b)  -> (artifact id: '7e77e1e82d5c0a4359306cf81ed17fa3') in 0.012357 seconds 
========================================================================
Received Import Request.
  Time since last request: 0.000148 seconds.
  path: Packages/com.unity.timeline/Editor/StyleSheets/Images/Icons/TrackMuteButtonEnabled.png
  artifactKey: Guid(81e8b4a4bcbf7a14898e2658fd827642) Importer(815301076,1909f56bfc062723c751e8b465ee728b)
Start importing Packages/com.unity.timeline/Editor/StyleSheets/Images/Icons/TrackMuteButtonEnabled.png using Guid(81e8b4a4bcbf7a14898e2658fd827642) Importer(815301076,1909f56bfc062723c751e8b465ee728b)  -> (artifact id: '52c6e48e1758a7a9072f933caf956c11') in 0.011335 seconds 
========================================================================
Received Import Request.
  Time since last request: 0.000028 seconds.
  path: Packages/com.unity.timeline/Editor/StyleSheets/Images/Icons/TrackMuteButtonEnabled@2x.png
  artifactKey: Guid(512aaee9b220348408a2e518f98d6e14) Importer(815301076,1909f56bfc062723c751e8b465ee728b)
Start importing Packages/com.unity.timeline/Editor/StyleSheets/Images/Icons/TrackMuteButtonEnabled@2x.png using Guid(512aaee9b220348408a2e518f98d6e14) Importer(815301076,1909f56bfc062723c751e8b465ee728b)  -> (artifact id: 'b9d3b7ca58c95a9869397fe210f90e7d') in 0.018175 seconds 
========================================================================
Received Import Request.
  Time since last request: 0.000027 seconds.
  path: Packages/com.unity.textmeshpro/Editor Resources/Gizmos/TMP - Font Asset Icon.psd
  artifactKey: Guid(ee148e281f3c41c5b4ff5f8a5afe5a6c) Importer(815301076,1909f56bfc062723c751e8b465ee728b)
Start importing Packages/com.unity.textmeshpro/Editor Resources/Gizmos/TMP - Font Asset Icon.psd using Guid(ee148e281f3c41c5b4ff5f8a5afe5a6c) Importer(815301076,1909f56bfc062723c751e8b465ee728b)  -> (artifact id: 'bcd05fa1417364cb27dc2ecd99028ad5') in 0.016629 seconds 
========================================================================
Received Import Request.
  Time since last request: 0.000047 seconds.
  path: Packages/com.unity.timeline/Editor/StyleSheets/Images/Icons/TrackRecordButtonEnabled.png
  artifactKey: Guid(c6a0c6226c05f954fa6cd03aebb4d255) Importer(815301076,1909f56bfc062723c751e8b465ee728b)
Start importing Packages/com.unity.timeline/Editor/StyleSheets/Images/Icons/TrackRecordButtonEnabled.png using Guid(c6a0c6226c05f954fa6cd03aebb4d255) Importer(815301076,1909f56bfc062723c751e8b465ee728b)  -> (artifact id: 'fb4616b1591fe229a63bd60adbcce0d4') in 0.013046 seconds 
========================================================================
Received Import Request.
  Time since last request: 0.000053 seconds.
  path: Packages/com.unity.timeline/Editor/StyleSheets/Images/Icons/TrackMarkerButtonEnabled@2x.png
  artifactKey: Guid(c35a22ede3f5feb488bf69587ddc36ed) Importer(815301076,1909f56bfc062723c751e8b465ee728b)
Start importing Packages/com.unity.timeline/Editor/StyleSheets/Images/Icons/TrackMarkerButtonEnabled@2x.png using Guid(c35a22ede3f5feb488bf69587ddc36ed) Importer(815301076,1909f56bfc062723c751e8b465ee728b)  -> (artifact id: '4723287861c53c0872455fa87e7653d9') in 0.029115 seconds 
========================================================================
Received Import Request.
  Time since last request: 0.000036 seconds.
  path: Packages/com.unity.timeline/Editor/StyleSheets/Images/DarkSkin/TimelineSignalSelected.png
  artifactKey: Guid(a5e21f4e466690645980dd0cf0b664bc) Importer(815301076,1909f56bfc062723c751e8b465ee728b)
Start importing Packages/com.unity.timeline/Editor/StyleSheets/Images/DarkSkin/TimelineSignalSelected.png using Guid(a5e21f4e466690645980dd0cf0b664bc) Importer(815301076,1909f56bfc062723c751e8b465ee728b)  -> (artifact id: '23bc53657af6632cdc00583d29cf9331') in 0.011612 seconds 
========================================================================
Received Import Request.
  Time since last request: 0.000087 seconds.
  path: Packages/com.unity.textmeshpro/Editor Resources/Gizmos/TMP - Text Component Icon.psd
  artifactKey: Guid(2fd6421f253b4ef1a19526541f9ffc0c) Importer(815301076,1909f56bfc062723c751e8b465ee728b)
Start importing Packages/com.unity.textmeshpro/Editor Resources/Gizmos/TMP - Text Component Icon.psd using Guid(2fd6421f253b4ef1a19526541f9ffc0c) Importer(815301076,1909f56bfc062723c751e8b465ee728b)  -> (artifact id: '7488e40b01bf50723aa5fb210ff302a0') in 0.010712 seconds 
========================================================================
Received Import Request.
  Time since last request: 0.000036 seconds.
  path: Assets/Environment/SpeedTree/Palm/PalmBark_Detail_Normal.tga
  artifactKey: Guid(bf4c945c1f5a9b74bb15ab0c7f238617) Importer(815301076,1909f56bfc062723c751e8b465ee728b)
Start importing Assets/Environment/SpeedTree/Palm/PalmBark_Detail_Normal.tga using Guid(bf4c945c1f5a9b74bb15ab0c7f238617) Importer(815301076,1909f56bfc062723c751e8b465ee728b)  -> (artifact id: '35d9ca6fc4101537b588cf026a9965b2') in 0.014117 seconds 
========================================================================
Received Import Request.
  Time since last request: 0.000047 seconds.
  path: Packages/com.unity.collab-proxy/Editor/PlasticSCM/Assets/Images/notondisk.png
  artifactKey: Guid(b205f4b28f59dda49af458b35d8a3ff3) Importer(815301076,1909f56bfc062723c751e8b465ee728b)
Start importing Packages/com.unity.collab-proxy/Editor/PlasticSCM/Assets/Images/notondisk.png using Guid(b205f4b28f59dda49af458b35d8a3ff3) Importer(815301076,1909f56bfc062723c751e8b465ee728b)  -> (artifact id: '7d0b063f358d8500123f1d3f2feeebaf') in 0.017107 seconds 
========================================================================
Received Import Request.
  Time since last request: 0.000025 seconds.
  path: Packages/com.unity.collab-proxy/Editor/PlasticSCM/Assets/Images/step2.png
  artifactKey: Guid(cd0b17b71a5c498428ee91dee8a78a88) Importer(815301076,1909f56bfc062723c751e8b465ee728b)
Start importing Packages/com.unity.collab-proxy/Editor/PlasticSCM/Assets/Images/step2.png using Guid(cd0b17b71a5c498428ee91dee8a78a88) Importer(815301076,1909f56bfc062723c751e8b465ee728b)  -> (artifact id: 'f6208459c65518633b2d9df4128efc0f') in 0.011363 seconds 
========================================================================
Received Import Request.
  Time since last request: 0.000031 seconds.
  path: Packages/com.unity.textmeshpro/Editor Resources/Gizmos/TMP - Dropdown Icon.psd
  artifactKey: Guid(a7ec9e7ad8b847b7ae4510af83c5d868) Importer(815301076,1909f56bfc062723c751e8b465ee728b)
Start importing Packages/com.unity.textmeshpro/Editor Resources/Gizmos/TMP - Dropdown Icon.psd using Guid(a7ec9e7ad8b847b7ae4510af83c5d868) Importer(815301076,1909f56bfc062723c751e8b465ee728b)  -> (artifact id: '2a0e3c973a0a0615a98d842b6bd65f0c') in 0.010859 seconds 
========================================================================
Received Import Request.
  Time since last request: 0.000068 seconds.
  path: Assets/Environment/TerrainAssets/SurfaceTextures/MudRockyNormals.bmp
  artifactKey: Guid(58a059b07b093a745b47c2191525ddce) Importer(815301076,1909f56bfc062723c751e8b465ee728b)
Start importing Assets/Environment/TerrainAssets/SurfaceTextures/MudRockyNormals.bmp using Guid(58a059b07b093a745b47c2191525ddce) Importer(815301076,1909f56bfc062723c751e8b465ee728b)  -> (artifact id: '44437a35158b7921edfa23d2ca494b91') in 0.014763 seconds 
========================================================================
Received Import Request.
  Time since last request: 0.000030 seconds.
  path: Packages/com.unity.timeline/Editor/StyleSheets/Images/Icons/TimelineEditModeMixOFF.png
  artifactKey: Guid(8fca5ed160cdc5440a4c7561db4082b2) Importer(815301076,1909f56bfc062723c751e8b465ee728b)
Start importing Packages/com.unity.timeline/Editor/StyleSheets/Images/Icons/TimelineEditModeMixOFF.png using Guid(8fca5ed160cdc5440a4c7561db4082b2) Importer(815301076,1909f56bfc062723c751e8b465ee728b)  -> (artifact id: '1e870691b17ce56a5912c594cc8ff67b') in 0.016079 seconds 
========================================================================
Received Import Request.
  Time since last request: 0.000033 seconds.
  path: Packages/com.unity.timeline/Editor/StyleSheets/Images/Icons/TrackCurvesButtonDisabled@2x.png
  artifactKey: Guid(a383d8b1327c9254896ad76d6efaf357) Importer(815301076,1909f56bfc062723c751e8b465ee728b)
Start importing Packages/com.unity.timeline/Editor/StyleSheets/Images/Icons/TrackCurvesButtonDisabled@2x.png using Guid(a383d8b1327c9254896ad76d6efaf357) Importer(815301076,1909f56bfc062723c751e8b465ee728b)  -> (artifact id: '7201b89cdc6c2b89acd53db9e7e04ca3') in 0.017897 seconds 
========================================================================
Received Import Request.
  Time since last request: 0.000041 seconds.
  path: Packages/com.unity.timeline/Editor/StyleSheets/Images/Icons/TrackMuteButtonDisabled.png
  artifactKey: Guid(5216b1b48296ef345ad2d2ec43105bf0) Importer(815301076,1909f56bfc062723c751e8b465ee728b)
Start importing Packages/com.unity.timeline/Editor/StyleSheets/Images/Icons/TrackMuteButtonDisabled.png using Guid(5216b1b48296ef345ad2d2ec43105bf0) Importer(815301076,1909f56bfc062723c751e8b465ee728b)  -> (artifact id: '2fe91eb42f3313017a4c56c13e6ed92e') in 0.012822 seconds 
========================================================================
Received Import Request.
  Time since last request: 0.000031 seconds.
  path: Packages/com.unity.collab-proxy/Editor/PlasticSCM/Assets/Images/ignored.png
  artifactKey: Guid(595bc97bc8e1e0b46bd4c2148ba3723a) Importer(815301076,1909f56bfc062723c751e8b465ee728b)
Start importing Packages/com.unity.collab-proxy/Editor/PlasticSCM/Assets/Images/ignored.png using Guid(595bc97bc8e1e0b46bd4c2148ba3723a) Importer(815301076,1909f56bfc062723c751e8b465ee728b)  -> (artifact id: '0a314361d587a7ba2a73e43e88bb97a1') in 0.010338 seconds 
========================================================================
Received Import Request.
  Time since last request: 0.000030 seconds.
  path: Packages/com.unity.timeline/Editor/StyleSheets/Images/LightSkin/TimelineSignalCollapsed.png
  artifactKey: Guid(a88fa20ed164bbe4da6bf533f94a3113) Importer(815301076,1909f56bfc062723c751e8b465ee728b)
Start importing Packages/com.unity.timeline/Editor/StyleSheets/Images/LightSkin/TimelineSignalCollapsed.png using Guid(a88fa20ed164bbe4da6bf533f94a3113) Importer(815301076,1909f56bfc062723c751e8b465ee728b)  -> (artifact id: 'dec296bb016f3ecb53d4e98ce1bd8801') in 0.015319 seconds 
========================================================================
Received Import Request.
  Time since last request: 0.000026 seconds.
  path: Packages/com.unity.timeline/Editor/StyleSheets/Images/Icons/TrackCurvesButtonEnabled.png
  artifactKey: Guid(9589d5d9eb09dec43b2ad51af4e78b1e) Importer(815301076,1909f56bfc062723c751e8b465ee728b)
Start importing Packages/com.unity.timeline/Editor/StyleSheets/Images/Icons/TrackCurvesButtonEnabled.png using Guid(9589d5d9eb09dec43b2ad51af4e78b1e) Importer(815301076,1909f56bfc062723c751e8b465ee728b)  -> (artifact id: '7fe7aef6a77123de41b076ef5cbda3fb') in 0.018582 seconds 
========================================================================
Received Import Request.
  Time since last request: 0.000030 seconds.
  path: Packages/com.unity.timeline/Editor/StyleSheets/Images/Icons/TrackRecordButtonDisabled.png
  artifactKey: Guid(495998c718a094540bbe57ae5ab07647) Importer(815301076,1909f56bfc062723c751e8b465ee728b)
Start importing Packages/com.unity.timeline/Editor/StyleSheets/Images/Icons/TrackRecordButtonDisabled.png using Guid(495998c718a094540bbe57ae5ab07647) Importer(815301076,1909f56bfc062723c751e8b465ee728b)  -> (artifact id: 'b7da60800398044c95f8cfec08491b6b') in 0.013944 seconds 
========================================================================
Received Import Request.
  Time since last request: 0.000049 seconds.
  path: Packages/com.unity.timeline/Editor/StyleSheets/Images/Icons/TrackLockButtonDisabled.png
  artifactKey: Guid(fef7487d8b06bba408f70354e2463ce4) Importer(815301076,1909f56bfc062723c751e8b465ee728b)
Start importing Packages/com.unity.timeline/Editor/StyleSheets/Images/Icons/TrackLockButtonDisabled.png using Guid(fef7487d8b06bba408f70354e2463ce4) Importer(815301076,1909f56bfc062723c751e8b465ee728b)  -> (artifact id: 'db8f0e01bbbb1bffc3dd675eed53e3ce') in 0.012271 seconds 
========================================================================
Received Import Request.
  Time since last request: 0.000036 seconds.
  path: Packages/com.unity.timeline/Editor/StyleSheets/Images/DarkSkin/TimelineStartPlayback.png
  artifactKey: Guid(5060c9f9eb2f7ee4695b638a21d8fe01) Importer(815301076,1909f56bfc062723c751e8b465ee728b)
Start importing Packages/com.unity.timeline/Editor/StyleSheets/Images/DarkSkin/TimelineStartPlayback.png using Guid(5060c9f9eb2f7ee4695b638a21d8fe01) Importer(815301076,1909f56bfc062723c751e8b465ee728b)  -> (artifact id: 'b45317f5acbfbce8113d845e427cd86d') in 0.013588 seconds 
========================================================================
Received Import Request.
  Time since last request: 0.000072 seconds.
  path: Packages/com.unity.timeline/Editor/StyleSheets/Images/Icons/TrackLockButtonDisabled@2x.png
  artifactKey: Guid(6fb5cabb85ba3794682b16eba19440cb) Importer(815301076,1909f56bfc062723c751e8b465ee728b)
Start importing Packages/com.unity.timeline/Editor/StyleSheets/Images/Icons/TrackLockButtonDisabled@2x.png using Guid(6fb5cabb85ba3794682b16eba19440cb) Importer(815301076,1909f56bfc062723c751e8b465ee728b)  -> (artifact id: 'a8b7987e97c6e844d1394069a223156b') in 0.015996 seconds 
========================================================================
Received Import Request.
  Time since last request: 0.000034 seconds.
  path: Packages/com.unity.timeline/Editor/StyleSheets/Images/Icons/TrackMarkerButtonDisabled@2x.png
  artifactKey: Guid(193dae938a3136440b693b45a2494737) Importer(815301076,1909f56bfc062723c751e8b465ee728b)
Start importing Packages/com.unity.timeline/Editor/StyleSheets/Images/Icons/TrackMarkerButtonDisabled@2x.png using Guid(193dae938a3136440b693b45a2494737) Importer(815301076,1909f56bfc062723c751e8b465ee728b)  -> (artifact id: 'cfcb4304240f27959b644641159b484a') in 0.011135 seconds 
========================================================================
Received Import Request.
  Time since last request: 0.000058 seconds.
  path: Packages/com.unity.timeline/Editor/StyleSheets/Images/Shared/TimelineWarning.png
  artifactKey: Guid(1732e542f535d374bbfa7565fc78414e) Importer(815301076,1909f56bfc062723c751e8b465ee728b)
Start importing Packages/com.unity.timeline/Editor/StyleSheets/Images/Shared/TimelineWarning.png using Guid(1732e542f535d374bbfa7565fc78414e) Importer(815301076,1909f56bfc062723c751e8b465ee728b)  -> (artifact id: 'ce056d14d8b874faa9c15ca374e853b8') in 0.011156 seconds 
========================================================================
Received Import Request.
  Time since last request: 0.000031 seconds.
  path: Packages/com.unity.timeline/Editor/StyleSheets/Images/Icons/TrackRecordButtonEnabled@2x.png
  artifactKey: Guid(8fdae4ac756ed6047b01021ff0cc3ebb) Importer(815301076,1909f56bfc062723c751e8b465ee728b)
Start importing Packages/com.unity.timeline/Editor/StyleSheets/Images/Icons/TrackRecordButtonEnabled@2x.png using Guid(8fdae4ac756ed6047b01021ff0cc3ebb) Importer(815301076,1909f56bfc062723c751e8b465ee728b)  -> (artifact id: 'c79fc2a9060c7c34ebbd8684f32bf02a') in 0.013403 seconds 
========================================================================
Received Import Request.
  Time since last request: 0.000073 seconds.
  path: Packages/com.unity.collab-proxy/Editor/PlasticSCM/Assets/Images/step1.png
  artifactKey: Guid(9ce84ff0fdeb13d4a83f077d075dd9a5) Importer(815301076,1909f56bfc062723c751e8b465ee728b)
Start importing Packages/com.unity.collab-proxy/Editor/PlasticSCM/Assets/Images/step1.png using Guid(9ce84ff0fdeb13d4a83f077d075dd9a5) Importer(815301076,1909f56bfc062723c751e8b465ee728b)  -> (artifact id: '6ac8bf90e64067aab6428b39c4b3684a') in 0.013335 seconds 
========================================================================
Received Import Request.
  Time since last request: 0.000039 seconds.
  path: Assets/Environment/SpeedTree/Palm/Palm_Desktop_Atlas_Specular.tga
  artifactKey: Guid(6af82a665aaf44c41874a383a4225c48) Importer(815301076,1909f56bfc062723c751e8b465ee728b)
Start importing Assets/Environment/SpeedTree/Palm/Palm_Desktop_Atlas_Specular.tga using Guid(6af82a665aaf44c41874a383a4225c48) Importer(815301076,1909f56bfc062723c751e8b465ee728b)  -> (artifact id: '6f237c7471fd2bb239f7b2b324a50d7c') in 0.013698 seconds 
========================================================================
Received Import Request.
  Time since last request: 0.000065 seconds.
  path: Packages/com.unity.collab-proxy/Editor/PlasticSCM/Assets/Images/step1@2x.png
  artifactKey: Guid(affeade9874cf2347abb155e8d0db4d8) Importer(815301076,1909f56bfc062723c751e8b465ee728b)
Start importing Packages/com.unity.collab-proxy/Editor/PlasticSCM/Assets/Images/step1@2x.png using Guid(affeade9874cf2347abb155e8d0db4d8) Importer(815301076,1909f56bfc062723c751e8b465ee728b)  -> (artifact id: 'b7e178630f60c1ff691caaed10babf1d') in 0.012314 seconds 
========================================================================
Received Import Request.
  Time since last request: 0.000048 seconds.
  path: Packages/com.unity.collab-proxy/Editor/PlasticSCM/Assets/Images/iconundo.png
  artifactKey: Guid(98773313eabe35543bfdbf542ccea271) Importer(815301076,1909f56bfc062723c751e8b465ee728b)
Start importing Packages/com.unity.collab-proxy/Editor/PlasticSCM/Assets/Images/iconundo.png using Guid(98773313eabe35543bfdbf542ccea271) Importer(815301076,1909f56bfc062723c751e8b465ee728b)  -> (artifact id: 'a9dba3be0aaa5534fc67b5001d9bd41c') in 0.016751 seconds 
========================================================================
Received Import Request.
  Time since last request: 0.000025 seconds.
  path: Packages/com.unity.timeline/Editor/StyleSheets/Images/LightSkin/TimelineContinue.png
  artifactKey: Guid(61c21f74972ba8246b3ea400a9231841) Importer(815301076,1909f56bfc062723c751e8b465ee728b)
Start importing Packages/com.unity.timeline/Editor/StyleSheets/Images/LightSkin/TimelineContinue.png using Guid(61c21f74972ba8246b3ea400a9231841) Importer(815301076,1909f56bfc062723c751e8b465ee728b)  -> (artifact id: '0560c5f7969e736e70a152717dc812f8') in 0.012835 seconds 
========================================================================
Received Import Request.
  Time since last request: 0.000032 seconds.
  path: Packages/com.unity.textmeshpro/Editor Resources/Gizmos/TMP - Input Field Icon.psd
  artifactKey: Guid(3ee40aa79cd242a5b53b0b0ca4f13f0f) Importer(815301076,1909f56bfc062723c751e8b465ee728b)
Start importing Packages/com.unity.textmeshpro/Editor Resources/Gizmos/TMP - Input Field Icon.psd using Guid(3ee40aa79cd242a5b53b0b0ca4f13f0f) Importer(815301076,1909f56bfc062723c751e8b465ee728b)  -> (artifact id: 'c7db65db8b2c41621a8f1f04259e0605') in 0.011808 seconds 
========================================================================
Received Import Request.
  Time since last request: 0.000039 seconds.
  path: Packages/com.unity.timeline/Editor/StyleSheets/Images/LightSkin/TimelineSignalSelected.png
  artifactKey: Guid(1a7852b1b33b816498b6af1e739f5995) Importer(815301076,1909f56bfc062723c751e8b465ee728b)
Start importing Packages/com.unity.timeline/Editor/StyleSheets/Images/LightSkin/TimelineSignalSelected.png using Guid(1a7852b1b33b816498b6af1e739f5995) Importer(815301076,1909f56bfc062723c751e8b465ee728b)  -> (artifact id: '14101b2bb5fa5c9e24596903543bc3ae') in 0.010127 seconds 
========================================================================
Received Import Request.
  Time since last request: 0.000041 seconds.
  path: Packages/com.unity.collab-proxy/Editor/PlasticSCM/Assets/Images/ignoredoverlay@2x.png
  artifactKey: Guid(999d04c0ea94ccc41b3d80788160695b) Importer(815301076,1909f56bfc062723c751e8b465ee728b)
Start importing Packages/com.unity.collab-proxy/Editor/PlasticSCM/Assets/Images/ignoredoverlay@2x.png using Guid(999d04c0ea94ccc41b3d80788160695b) Importer(815301076,1909f56bfc062723c751e8b465ee728b)  -> (artifact id: 'b57dbb1e9966bf66fe084fe5edef7318') in 0.018897 seconds 
========================================================================
Received Import Request.
  Time since last request: 0.000029 seconds.
  path: Packages/com.unity.timeline/Editor/StyleSheets/Images/LightSkin/TimelineStartPlayback.png
  artifactKey: Guid(824c4beb0ca6c934bbc7a26919302236) Importer(815301076,1909f56bfc062723c751e8b465ee728b)
Start importing Packages/com.unity.timeline/Editor/StyleSheets/Images/LightSkin/TimelineStartPlayback.png using Guid(824c4beb0ca6c934bbc7a26919302236) Importer(815301076,1909f56bfc062723c751e8b465ee728b)  -> (artifact id: '9795c274b19303eb3b397ca9434e36c6') in 0.012636 seconds 
========================================================================
Received Import Request.
  Time since last request: 0.000026 seconds.
  path: Packages/com.unity.timeline/Editor/StyleSheets/Images/Icons/TimelineSignal.png
  artifactKey: Guid(15845fb26c2846947b4dedb9fb348cc1) Importer(815301076,1909f56bfc062723c751e8b465ee728b)
Start importing Packages/com.unity.timeline/Editor/StyleSheets/Images/Icons/TimelineSignal.png using Guid(15845fb26c2846947b4dedb9fb348cc1) Importer(815301076,1909f56bfc062723c751e8b465ee728b)  -> (artifact id: '26af08420143b452a7a10b88a8d31e13') in 0.011925 seconds 
========================================================================
Received Import Request.
  Time since last request: 0.000043 seconds.
  path: Assets/Environment/SpeedTree/Palm/PalmBark_Detail.tga
  artifactKey: Guid(4d6c994b9ad45b847bc67ec5f857fc78) Importer(815301076,1909f56bfc062723c751e8b465ee728b)
Start importing Assets/Environment/SpeedTree/Palm/PalmBark_Detail.tga using Guid(4d6c994b9ad45b847bc67ec5f857fc78) Importer(815301076,1909f56bfc062723c751e8b465ee728b)  -> (artifact id: 'e60b2b5247a782cd9bbfa2a8c9c89ddb') in 0.011169 seconds 
========================================================================
Received Import Request.
  Time since last request: 0.000054 seconds.
  path: Packages/com.unity.timeline/Editor/StyleSheets/Images/Icons/TimelineDigIn.png
  artifactKey: Guid(b1d064d6d80829f4eb370f679384ea1f) Importer(815301076,1909f56bfc062723c751e8b465ee728b)
Start importing Packages/com.unity.timeline/Editor/StyleSheets/Images/Icons/TimelineDigIn.png using Guid(b1d064d6d80829f4eb370f679384ea1f) Importer(815301076,1909f56bfc062723c751e8b465ee728b)  -> (artifact id: 'b25cd2ea83067cbc7a90b0ab391e05e6') in 0.011023 seconds 
========================================================================
Received Import Request.
  Time since last request: 0.000029 seconds.
  path: Packages/com.unity.timeline/Editor/StyleSheets/Images/Icons/TimelineEditModeMixON.png
  artifactKey: Guid(a82846d41464fcf4b962ebdc815963f5) Importer(815301076,1909f56bfc062723c751e8b465ee728b)
Start importing Packages/com.unity.timeline/Editor/StyleSheets/Images/Icons/TimelineEditModeMixON.png using Guid(a82846d41464fcf4b962ebdc815963f5) Importer(815301076,1909f56bfc062723c751e8b465ee728b)  -> (artifact id: '95978920d6f7a6346b6eff0c413fa1a9') in 0.013274 seconds 
========================================================================
Received Import Request.
  Time since last request: 0.000084 seconds.
  path: Assets/Environment/Water/Water4/Textures/SmallWaves.png
  artifactKey: Guid(fb6566c21f717904f83743a5a76dd0b0) Importer(815301076,1909f56bfc062723c751e8b465ee728b)
Start importing Assets/Environment/Water/Water4/Textures/SmallWaves.png using Guid(fb6566c21f717904f83743a5a76dd0b0) Importer(815301076,1909f56bfc062723c751e8b465ee728b)  -> (artifact id: '3523b062c71afc2f836097c843f6110b') in 0.013700 seconds 
========================================================================
Received Import Request.
  Time since last request: 0.000027 seconds.
  path: Assets/Environment/SpeedTree/Palm/PalmBark.tga
  artifactKey: Guid(dd49a2ed5943a014e8d933ff5381281a) Importer(815301076,1909f56bfc062723c751e8b465ee728b)
Start importing Assets/Environment/SpeedTree/Palm/PalmBark.tga using Guid(dd49a2ed5943a014e8d933ff5381281a) Importer(815301076,1909f56bfc062723c751e8b465ee728b)  -> (artifact id: '1024e214b25a7d0522e9c944b3265b57') in 0.013069 seconds 
========================================================================
Received Import Request.
  Time since last request: 273.332584 seconds.
  path: Assets/FirstPersonCharacter/NewLayer 1.terrainlayer
  artifactKey: Guid(baa52a87f0390344a82f4eee401e89e7) Importer(815301076,1909f56bfc062723c751e8b465ee728b)
Start importing Assets/FirstPersonCharacter/NewLayer 1.terrainlayer using Guid(baa52a87f0390344a82f4eee401e89e7) Importer(815301076,1909f56bfc062723c751e8b465ee728b)  -> (artifact id: '0ed22032ee15f0d1d130f4dd22be98f5') in 0.027147 seconds 
========================================================================
Received Import Request.
  Time since last request: 0.000204 seconds.
  path: Assets/FirstPersonCharacter/NewLayer.terrainlayer
  artifactKey: Guid(b60fe0355d8c12741952b5e7afe0c362) Importer(815301076,1909f56bfc062723c751e8b465ee728b)
Start importing Assets/FirstPersonCharacter/NewLayer.terrainlayer using Guid(b60fe0355d8c12741952b5e7afe0c362) Importer(815301076,1909f56bfc062723c751e8b465ee728b)  -> (artifact id: '500e1b0194c82e7df9c934d87561b2f9') in 0.013393 seconds 
========================================================================
Received Import Request.
  Time since last request: 0.000028 seconds.
  path: Assets/FirstPersonCharacter/NewLayer 2.terrainlayer
  artifactKey: Guid(eb8e8a75e77efae4ba9ebee5a4d7af1f) Importer(815301076,1909f56bfc062723c751e8b465ee728b)
Start importing Assets/FirstPersonCharacter/NewLayer 2.terrainlayer using Guid(eb8e8a75e77efae4ba9ebee5a4d7af1f) Importer(815301076,1909f56bfc062723c751e8b465ee728b)  -> (artifact id: '4cfb6827c390bdee99f1d980d8fcbfa2') in 0.014500 seconds 
========================================================================
Received Prepare
Registering precompiled user dll's ...
Registered in 0.008455 seconds.
Begin MonoManager ReloadAssembly
Symbol file LoadedFromMemory doesn't match image C:\Users\pfran\Documents\GitHub\MULT-150\PFrancia_demo\pfrancia_hour5\Library\PackageCache\com.unity.visualscripting@1.8.0\Editor\VisualScripting.Core\Dependencies\YamlDotNet\Unity.VisualScripting.YamlDotNet.dll
Symbol file LoadedFromMemory doesn't match image C:\Users\pfran\Documents\GitHub\MULT-150\PFrancia_demo\pfrancia_hour5\Library\PackageCache\com.unity.visualscripting@1.8.0\Editor\VisualScripting.Core\Dependencies\DotNetZip\Unity.VisualScripting.IonicZip.dll
Native extension for WindowsStandalone target not found
Refreshing native plugins compatible for Editor in 1.34 ms, found 3 plugins.
Preloading 0 native plugins for Editor in 0.00 ms.
Mono: successfully reloaded assembly
- Completed reload, in  2.418 seconds
Domain Reload Profiling:
	ReloadAssembly (2422ms)
		BeginReloadAssembly (192ms)
			ExecutionOrderSort (0ms)
			DisableScriptedObjects (5ms)
			BackupInstance (0ms)
			ReleaseScriptingObjects (0ms)
			CreateAndSetChildDomain (46ms)
		EndReloadAssembly (2110ms)
			LoadAssemblies (122ms)
			RebuildTransferFunctionScriptingTraits (0ms)
			SetupTypeCache (695ms)
			ReleaseScriptCaches (6ms)
			RebuildScriptCaches (173ms)
			SetupLoadedEditorAssemblies (851ms)
				LogAssemblyErrors (0ms)
				InitializePlatformSupportModulesInManaged (18ms)
				SetLoadedEditorAssemblies (1ms)
				RefreshPlugins (2ms)
				BeforeProcessingInitializeOnLoad (166ms)
				ProcessInitializeOnLoadAttributes (582ms)
				ProcessInitializeOnLoadMethodAttributes (56ms)
				AfterProcessingInitializeOnLoad (27ms)
				EditorAssembliesLoaded (0ms)
			ExecutionOrderSort2 (0ms)
			AwakeInstancesAfterBackupRestoration (19ms)
Platform modules already initialized, skipping
Refreshing native plugins compatible for Editor in 10.94 ms, found 3 plugins.
Preloading 0 native plugins for Editor in 0.00 ms.
Unloading 3057 Unused Serialized files (Serialized files now loaded: 0)
Unloading 15 unused Assets / (24.7 KB). Loaded Objects now: 3657.
Memory consumption went from 119.6 MB to 119.6 MB.
Total: 9.493200 ms (FindLiveObjects: 1.007100 ms CreateObjectMapping: 0.349300 ms MarkObjects: 8.044900 ms  DeleteObjects: 0.089600 ms)

AssetImportParameters requested are different than current active one (requested -> active):
  custom:video-decoder-ogg-theora: a1e56fd34408186e4bbccfd4996cb3dc -> 
  custom:container-muxer-webm: aa71ff27fc2769a1b78a27578f13a17b -> 
  custom:container-demuxer-webm: 4f35f7cbe854078d1ac9338744f61a02 -> 
  custom:video-encoder-webm-vp8: eb34c28f22e8b96e1ab97ce403110664 -> 
  custom:audio-encoder-webm-vorbis: bf7c407c2cedff20999df2af8eb42d56 -> 
  custom:framework-win-MediaFoundation: 216162199b28c13a410421893ffa2e32 -> 
  custom:container-demuxer-ogg: 62fdf1f143b41e24485cea50d1cbac27 -> 
  custom:video-decoder-webm-vp8: 9c59270c3fd7afecdb556c50c9e8de78 -> 
  custom:audio-decoder-ogg-vorbis: bf7c407c2cedff20999df2af8eb42d56 -> 
========================================================================
Received Import Request.
  Time since last request: 130.647633 seconds.
  path: Assets/Environment/Water
  artifactKey: Guid(4f65f58f1750429468db4bef75317815) Importer(815301076,1909f56bfc062723c751e8b465ee728b)
Start importing Assets/Environment/Water using Guid(4f65f58f1750429468db4bef75317815) Importer(815301076,1909f56bfc062723c751e8b465ee728b)  -> (artifact id: '77ac88dce4b30da9e0b06f7edad678d3') in 0.013512 seconds 
========================================================================
Received Import Request.
  Time since last request: 1.164221 seconds.
  path: Assets/Environment/Water/Water
  artifactKey: Guid(e2e84b28786ce854391d79fb76df820b) Importer(815301076,1909f56bfc062723c751e8b465ee728b)
Start importing Assets/Environment/Water/Water using Guid(e2e84b28786ce854391d79fb76df820b) Importer(815301076,1909f56bfc062723c751e8b465ee728b)  -> (artifact id: 'ecd4d4cbdcd98f4be653b6832b515417') in 0.002281 seconds 
========================================================================
Received Import Request.
  Time since last request: 1.537847 seconds.
  path: Assets/Environment/Water/Water/Materials
  artifactKey: Guid(8269a010592f549af8f11b1683d9e794) Importer(815301076,1909f56bfc062723c751e8b465ee728b)
Start importing Assets/Environment/Water/Water/Materials using Guid(8269a010592f549af8f11b1683d9e794) Importer(815301076,1909f56bfc062723c751e8b465ee728b)  -> (artifact id: '9156127248e607359cc05f1c95b3a24d') in 0.003595 seconds 
========================================================================
Received Import Request.
  Time since last request: 0.068930 seconds.
  path: Assets/Environment/Water/Water/Materials/WaterPlaneMaterial.mat
  artifactKey: Guid(f1bc741ea0e69a241896582ddb633d55) Importer(815301076,1909f56bfc062723c751e8b465ee728b)
Start importing Assets/Environment/Water/Water/Materials/WaterPlaneMaterial.mat using Guid(f1bc741ea0e69a241896582ddb633d55) Importer(815301076,1909f56bfc062723c751e8b465ee728b)  -> (artifact id: '1fd6956cd1ed4fa38f7a6a0789ac7d99') in 0.074534 seconds 
========================================================================
Received Import Request.
  Time since last request: 0.000024 seconds.
  path: Assets/Environment/Water/Water/Materials/WaterProDaytime.mat
  artifactKey: Guid(7350b65a6431f604a8496c39db1ac9c5) Importer(815301076,1909f56bfc062723c751e8b465ee728b)
Start importing Assets/Environment/Water/Water/Materials/WaterProDaytime.mat using Guid(7350b65a6431f604a8496c39db1ac9c5) Importer(815301076,1909f56bfc062723c751e8b465ee728b)  -> (artifact id: '9e284cd4168554cf7401331294c43fe9') in 0.024247 seconds 
========================================================================
Received Import Request.
  Time since last request: 0.000034 seconds.
  path: Assets/Environment/Water/Water/Materials/WaterProNighttime.mat
  artifactKey: Guid(e633a20421c47426aa04444234225b69) Importer(815301076,1909f56bfc062723c751e8b465ee728b)
Start importing Assets/Environment/Water/Water/Materials/WaterProNighttime.mat using Guid(e633a20421c47426aa04444234225b69) Importer(815301076,1909f56bfc062723c751e8b465ee728b)  -> (artifact id: '22e6283ab10d513fdc94a85dbaa4a3e7') in 0.021788 seconds 
========================================================================
Received Import Request.
  Time since last request: 6.463648 seconds.
  path: Assets/Environment/Water/Water/Models
  artifactKey: Guid(fe5d00245bc1d42a7927f4b2879026b8) Importer(815301076,1909f56bfc062723c751e8b465ee728b)
Start importing Assets/Environment/Water/Water/Models using Guid(fe5d00245bc1d42a7927f4b2879026b8) Importer(815301076,1909f56bfc062723c751e8b465ee728b)  -> (artifact id: 'ed77c16c5175f31b172c20ddcca40d20') in 0.003122 seconds 
========================================================================
Received Import Request.
  Time since last request: 60.429614 seconds.
  path: Assets/Environment/Water/Water/Prefabs/WaterProNighttime.prefab
  artifactKey: Guid(bcae914220acd4907840a029bb9d9aec) Importer(815301076,1909f56bfc062723c751e8b465ee728b)
Start importing Assets/Environment/Water/Water/Prefabs/WaterProNighttime.prefab using Guid(bcae914220acd4907840a029bb9d9aec) Importer(815301076,1909f56bfc062723c751e8b465ee728b)  -> (artifact id: 'f8be9986ad2fd9faa1f64352afd7071f') in 0.035350 seconds 
========================================================================
Received Import Request.
  Time since last request: 1.087998 seconds.
  path: Assets/Environment/Water/Water/Prefabs/WaterProNighttime.prefab
  artifactKey: Guid(bcae914220acd4907840a029bb9d9aec) Importer(815301076,1909f56bfc062723c751e8b465ee728b)
Start importing Assets/Environment/Water/Water/Prefabs/WaterProNighttime.prefab using Guid(bcae914220acd4907840a029bb9d9aec) Importer(815301076,1909f56bfc062723c751e8b465ee728b)  -> (artifact id: '528ea62b41491510bd6e093aa8adc88d') in 0.020233 seconds 
========================================================================
Received Prepare
Registering precompiled user dll's ...
Registered in 0.007623 seconds.
Begin MonoManager ReloadAssembly
Symbol file LoadedFromMemory doesn't match image C:\Users\pfran\Documents\GitHub\MULT-150\PFrancia_demo\pfrancia_hour5\Library\PackageCache\com.unity.visualscripting@1.8.0\Editor\VisualScripting.Core\Dependencies\YamlDotNet\Unity.VisualScripting.YamlDotNet.dll
Symbol file LoadedFromMemory doesn't match image C:\Users\pfran\Documents\GitHub\MULT-150\PFrancia_demo\pfrancia_hour5\Library\PackageCache\com.unity.visualscripting@1.8.0\Editor\VisualScripting.Core\Dependencies\DotNetZip\Unity.VisualScripting.IonicZip.dll
Native extension for WindowsStandalone target not found
Refreshing native plugins compatible for Editor in 3.30 ms, found 3 plugins.
Preloading 0 native plugins for Editor in 0.00 ms.
Mono: successfully reloaded assembly
- Completed reload, in  7.735 seconds
Domain Reload Profiling:
	ReloadAssembly (7740ms)
		BeginReloadAssembly (314ms)
			ExecutionOrderSort (0ms)
			DisableScriptedObjects (6ms)
			BackupInstance (0ms)
			ReleaseScriptingObjects (0ms)
			CreateAndSetChildDomain (50ms)
		EndReloadAssembly (6744ms)
			LoadAssemblies (607ms)
			RebuildTransferFunctionScriptingTraits (0ms)
			SetupTypeCache (2473ms)
			ReleaseScriptCaches (3ms)
			RebuildScriptCaches (734ms)
			SetupLoadedEditorAssemblies (2508ms)
				LogAssemblyErrors (0ms)
				InitializePlatformSupportModulesInManaged (68ms)
				SetLoadedEditorAssemblies (1ms)
				RefreshPlugins (3ms)
				BeforeProcessingInitializeOnLoad (526ms)
				ProcessInitializeOnLoadAttributes (1679ms)
				ProcessInitializeOnLoadMethodAttributes (156ms)
				AfterProcessingInitializeOnLoad (73ms)
				EditorAssembliesLoaded (1ms)
			ExecutionOrderSort2 (0ms)
			AwakeInstancesAfterBackupRestoration (44ms)
Platform modules already initialized, skipping
Refreshing native plugins compatible for Editor in 11.87 ms, found 3 plugins.
Preloading 0 native plugins for Editor in 0.00 ms.
Unloading 3053 Unused Serialized files (Serialized files now loaded: 0)
Unloading 15 unused Assets / (24.7 KB). Loaded Objects now: 3660.
Memory consumption went from 119.0 MB to 119.0 MB.
Total: 10.201400 ms (FindLiveObjects: 3.516600 ms CreateObjectMapping: 0.670700 ms MarkObjects: 5.896600 ms  DeleteObjects: 0.115400 ms)

AssetImportParameters requested are different than current active one (requested -> active):
  custom:video-decoder-ogg-theora: a1e56fd34408186e4bbccfd4996cb3dc -> 
  custom:container-muxer-webm: aa71ff27fc2769a1b78a27578f13a17b -> 
  custom:container-demuxer-webm: 4f35f7cbe854078d1ac9338744f61a02 -> 
  custom:video-encoder-webm-vp8: eb34c28f22e8b96e1ab97ce403110664 -> 
  custom:audio-encoder-webm-vorbis: bf7c407c2cedff20999df2af8eb42d56 -> 
  custom:framework-win-MediaFoundation: 216162199b28c13a410421893ffa2e32 -> 
  custom:container-demuxer-ogg: 62fdf1f143b41e24485cea50d1cbac27 -> 
  custom:video-decoder-webm-vp8: 9c59270c3fd7afecdb556c50c9e8de78 -> 
  custom:audio-decoder-ogg-vorbis: bf7c407c2cedff20999df2af8eb42d56 -> 
========================================================================
Received Import Request.
  Time since last request: 248.483068 seconds.
  path: Assets/New Terrain.asset
  artifactKey: Guid(ed8025ebd327fd543a641fb5f557d757) Importer(815301076,1909f56bfc062723c751e8b465ee728b)
Start importing Assets/New Terrain.asset using Guid(ed8025ebd327fd543a641fb5f557d757) Importer(815301076,1909f56bfc062723c751e8b465ee728b)  -> (artifact id: '9ffd25bc293b421617c629a9f71fc602') in 0.108935 seconds 
========================================================================
Received Import Request.
  Time since last request: 17.838284 seconds.
  path: Assets/Hour 5 Files.zip
  artifactKey: Guid(6fa9742a989de9f4ca7a9327efa6959c) Importer(815301076,1909f56bfc062723c751e8b465ee728b)
Start importing Assets/Hour 5 Files.zip using Guid(6fa9742a989de9f4ca7a9327efa6959c) Importer(815301076,1909f56bfc062723c751e8b465ee728b)  -> (artifact id: '06ce17b8d1815fe736011538bc55ea4c') in 0.003255 seconds 
========================================================================
Received Prepare
Registering precompiled user dll's ...
Registered in 0.007312 seconds.
Begin MonoManager ReloadAssembly
Symbol file LoadedFromMemory doesn't match image C:\Users\pfran\Documents\GitHub\MULT-150\PFrancia_demo\pfrancia_hour5\Library\PackageCache\com.unity.visualscripting@1.8.0\Editor\VisualScripting.Core\Dependencies\YamlDotNet\Unity.VisualScripting.YamlDotNet.dll
Symbol file LoadedFromMemory doesn't match image C:\Users\pfran\Documents\GitHub\MULT-150\PFrancia_demo\pfrancia_hour5\Library\PackageCache\com.unity.visualscripting@1.8.0\Editor\VisualScripting.Core\Dependencies\DotNetZip\Unity.VisualScripting.IonicZip.dll
Native extension for WindowsStandalone target not found
Refreshing native plugins compatible for Editor in 3.42 ms, found 3 plugins.
Preloading 0 native plugins for Editor in 0.00 ms.
Mono: successfully reloaded assembly
- Completed reload, in  2.845 seconds
Domain Reload Profiling:
	ReloadAssembly (2848ms)
		BeginReloadAssembly (208ms)
			ExecutionOrderSort (0ms)
			DisableScriptedObjects (6ms)
			BackupInstance (0ms)
			ReleaseScriptingObjects (0ms)
			CreateAndSetChildDomain (44ms)
		EndReloadAssembly (2353ms)
			LoadAssemblies (236ms)
			RebuildTransferFunctionScriptingTraits (0ms)
			SetupTypeCache (889ms)
			ReleaseScriptCaches (4ms)
			RebuildScriptCaches (114ms)
			SetupLoadedEditorAssemblies (944ms)
				LogAssemblyErrors (0ms)
				InitializePlatformSupportModulesInManaged (15ms)
				SetLoadedEditorAssemblies (1ms)
				RefreshPlugins (4ms)
				BeforeProcessingInitializeOnLoad (166ms)
				ProcessInitializeOnLoadAttributes (677ms)
				ProcessInitializeOnLoadMethodAttributes (53ms)
				AfterProcessingInitializeOnLoad (27ms)
				EditorAssembliesLoaded (1ms)
			ExecutionOrderSort2 (0ms)
			AwakeInstancesAfterBackupRestoration (17ms)
Platform modules already initialized, skipping
Refreshing native plugins compatible for Editor in 5.56 ms, found 3 plugins.
Preloading 0 native plugins for Editor in 0.00 ms.
Unloading 3053 Unused Serialized files (Serialized files now loaded: 0)
Unloading 17 unused Assets / (0.5 MB). Loaded Objects now: 3663.
Memory consumption went from 119.6 MB to 119.0 MB.
Total: 9.753000 ms (FindLiveObjects: 0.873800 ms CreateObjectMapping: 0.273700 ms MarkObjects: 7.404200 ms  DeleteObjects: 1.197100 ms)

AssetImportParameters requested are different than current active one (requested -> active):
  custom:video-decoder-ogg-theora: a1e56fd34408186e4bbccfd4996cb3dc -> 
  custom:container-muxer-webm: aa71ff27fc2769a1b78a27578f13a17b -> 
  custom:container-demuxer-webm: 4f35f7cbe854078d1ac9338744f61a02 -> 
  custom:video-encoder-webm-vp8: eb34c28f22e8b96e1ab97ce403110664 -> 
  custom:audio-encoder-webm-vorbis: bf7c407c2cedff20999df2af8eb42d56 -> 
  custom:framework-win-MediaFoundation: 216162199b28c13a410421893ffa2e32 -> 
  custom:container-demuxer-ogg: 62fdf1f143b41e24485cea50d1cbac27 -> 
  custom:video-decoder-webm-vp8: 9c59270c3fd7afecdb556c50c9e8de78 -> 
  custom:audio-decoder-ogg-vorbis: bf7c407c2cedff20999df2af8eb42d56 -> 
